date,iso,info_tweets,info_tweets_T,info_tweets_RE,info_tweets_RT,info_tweets_local,info_fact_reliable,info_fact_unreliable,info_fact_unknown,info_fact_unreliable_fraction,info_fact_shadow,info_fact_missing,info_fact_science,info_fact_msm,info_fact_satire,info_fact_clickbait,info_fact_political,info_fact_fake,info_fact_conspiracy,info_risk_index,info_risk_index_T,info_risk_index_RE,info_risk_index_RT,info_dyn_iri,info_dyn_iri_RE,info_dyn_iri_RT,eco_open_close_fraction,epi_cases,epi_cases_new,epi_deaths,epi_deaths_new,epi_tests,epi_tests_new
2020-01-22,MWI,108,19,1,88,70,8,3,17,0.2727,4,12,1,7,0,0,2,0,1,,,,,,,,,,,,,,
2020-01-23,MWI,198,30,6,162,123,28,4,27,0.125,4,16,1,27,0,0,2,1,1,,,,,,,,,,,,,,
2020-01-24,MWI,494,65,20,409,342,29,14,34,0.3256,17,14,0,29,0,0,6,8,0,,,,,,,,,,,,,,
2020-01-25,MWI,681,80,16,585,434,31,18,31,0.3673,5,24,2,29,0,4,12,1,1,,,,,,,,,,,,,,
2020-01-26,MWI,831,98,21,712,636,36,21,55,0.3684,11,39,0,36,0,1,10,8,2,,,,,,,,,,,,,,
2020-01-27,MWI,460,72,11,377,309,33,2,39,0.0571,7,30,0,33,0,0,1,1,0,,,,,,,,,,,,,,
2020-01-28,MWI,636,130,51,455,435,31,19,66,0.38,22,40,3,28,0,0,16,2,1,,,,,,,,,,,,,,
2020-01-29,MWI,620,129,10,481,445,24,18,33,0.4286,14,16,0,24,0,0,7,9,2,,,,,,,,,,,,,,
2020-01-30,MWI,1120,209,24,887,829,64,15,105,0.1899,31,36,2,62,0,3,10,1,1,0.0982,0.197,,0.0748,0.1739,,0.1739,,,,,,,
2020-01-31,MWI,741,141,26,574,544,59,15,45,0.2027,23,17,1,58,0,5,6,3,1,,,,,,,,,,,,,,
2020-02-01,MWI,419,61,18,340,298,23,8,37,0.2581,21,13,0,23,0,2,4,1,1,,,,,,,,,,,,,,
2020-02-02,MWI,431,92,16,323,310,38,5,27,0.1163,10,17,0,38,0,0,4,1,0,,,,,,,,,,,,,,
2020-02-03,MWI,319,74,10,235,211,15,6,27,0.2857,6,16,0,15,0,1,4,0,1,,,,,,,,,,,,,,
2020-02-04,MWI,289,45,12,232,217,10,5,12,0.3333,6,5,0,10,0,0,4,0,1,,,,,,,,,,,,,,
2020-02-05,MWI,219,43,6,170,163,14,3,25,0.1765,9,14,0,14,0,0,2,1,0,,,,,,,,,,,,,,
2020-02-06,MWI,266,55,7,204,203,18,10,22,0.3571,11,11,1,17,0,0,7,3,0,,,,,,,,,,,,,,
2020-02-07,MWI,361,56,7,298,285,98,3,35,0.0297,17,16,0,98,0,2,1,0,0,,,,,,,,,,,,,,
2020-02-08,MWI,302,42,5,255,245,60,2,42,0.0323,29,13,0,60,0,0,0,0,2,,,,,,,,,,,,,,
2020-02-09,MWI,425,40,13,372,340,50,10,55,0.1667,38,16,0,50,0,4,4,2,0,,,,,,,,,,,,,,
2020-02-10,MWI,186,45,5,136,148,16,6,14,0.2727,5,9,0,16,0,0,2,2,2,,,,,,,,,,,,,,
2020-02-11,MWI,177,42,10,125,129,8,3,16,0.2727,5,11,0,8,0,1,2,0,0,,,,,,,,,,,,,,
2020-02-12,MWI,200,42,14,144,147,17,4,14,0.1905,6,8,1,16,0,1,3,0,0,,,,,,,,,,,,,,
2020-02-13,MWI,215,41,6,168,148,19,12,11,0.3871,2,7,0,19,0,6,4,0,2,,,,,,,,,,,,,,
2020-02-14,MWI,175,43,5,127,123,21,4,11,0.16,5,5,0,21,0,3,0,1,0,,,,,,,,,,,,,,
2020-02-15,MWI,218,48,12,158,135,28,1,21,0.0345,3,16,1,27,0,0,1,0,0,,,,,,,,,,,,,,
2020-02-16,MWI,306,54,13,239,224,113,3,12,0.0259,1,10,1,112,0,1,2,0,0,,,,,,,,,,,,,,
2020-02-17,MWI,171,35,5,131,114,8,4,10,0.3333,2,5,0,8,0,2,1,1,0,,,,,,,,,,,,,,
2020-02-18,MWI,182,37,4,141,116,12,6,16,0.3333,4,8,0,12,0,0,2,4,0,,,,,,,,,,,,,,
2020-02-19,MWI,168,29,10,129,111,7,0,11,0.0,8,1,0,7,0,0,0,0,0,,,,,,,,,,,,,,
2020-02-20,MWI,196,26,5,165,144,6,2,13,0.25,5,6,0,6,0,0,0,0,2,,,,,,,,,,,,,,
2020-02-21,MWI,266,30,8,228,165,20,2,19,0.0909,5,10,0,20,0,0,1,1,0,,,,,,,,,,,,,,
2020-02-22,MWI,227,43,13,171,149,20,3,13,0.1304,1,12,0,20,0,0,1,1,1,,,,,,,,,,,,,,
2020-02-23,MWI,430,35,11,384,323,36,4,27,0.1,8,15,1,35,0,1,2,0,1,,,,,,,,,,,,,,
2020-02-24,MWI,487,72,15,400,322,37,2,25,0.0513,12,9,1,36,0,1,1,0,0,,,,,,,,,,,,,,
2020-02-25,MWI,568,109,10,449,295,25,12,53,0.3243,8,42,2,23,0,1,5,5,1,,,,,,,,,,,,,,
2020-02-26,MWI,614,93,19,502,271,33,10,43,0.2326,13,30,1,32,0,2,6,2,0,,,,,,,,,,,,,,
2020-02-27,MWI,699,133,20,546,443,29,11,60,0.275,18,37,1,28,2,1,6,2,0,,,,,,,,,,,,,,
2020-02-28,MWI,752,138,11,603,515,42,36,78,0.4615,39,38,0,42,0,7,9,7,13,,,,,,,,,,,,,,
2020-02-29,MWI,536,90,14,432,309,26,22,38,0.4583,23,12,1,25,0,6,12,1,3,,,,,,,,,,,,,,
2020-03-01,MWI,661,114,19,528,460,17,9,69,0.3462,54,14,0,17,1,3,1,4,0,,,,,,,,,,,,,,
2020-03-02,MWI,750,130,29,591,501,35,8,177,0.186,151,24,0,35,0,2,6,0,0,,,,,,,,,,,,,,
2020-03-03,MWI,606,113,15,478,389,33,11,59,0.25,37,21,0,33,1,3,7,0,0,,,,,,,,,,,,,,
2020-03-04,MWI,641,138,21,482,434,29,9,40,0.2368,14,22,0,29,0,1,8,0,0,,,,,,,,,,,,,,
2020-03-05,MWI,817,184,34,599,584,29,5,107,0.1471,59,46,0,29,2,1,1,1,0,,,,,,,,,,,,,,
2020-03-06,MWI,743,160,25,558,533,32,0,89,0.0,57,24,1,31,0,0,0,0,0,,,,,,,,,,,,,,
2020-03-07,MWI,849,141,22,686,683,59,30,63,0.3371,22,39,1,58,1,23,5,1,0,,,,,,,,,,,,,,
2020-03-08,MWI,744,125,17,602,585,35,9,44,0.2045,10,27,0,35,0,5,3,1,0,,,,,,,,,,,,,,
2020-03-09,MWI,873,150,28,695,645,26,4,73,0.1333,38,31,1,25,0,1,2,1,0,,,,,,,,,,,,,,
2020-03-10,MWI,867,139,27,701,649,21,9,48,0.3,28,18,1,20,1,0,6,0,2,,,,,,,,,,,,,,
2020-03-11,MWI,953,136,21,796,734,49,15,73,0.2344,36,36,0,49,0,3,10,2,0,,,,,,,,,,,,,,
2020-03-12,MWI,884,164,18,702,636,40,9,75,0.1837,47,23,0,40,0,2,6,1,0,,,,,,,,,,,,,,
2020-03-13,MWI,932,140,20,772,694,42,2,89,0.0455,52,35,6,36,0,0,2,0,0,,,,,,,,,,,,,,
2020-03-14,MWI,774,114,13,647,555,20,5,52,0.2,31,20,7,13,0,1,4,0,0,,,,,,,,,,,,,,
2020-03-15,MWI,646,69,32,545,450,19,2,27,0.0952,9,14,2,17,0,0,1,1,0,,,,,,,,,,,,,,
2020-03-16,MWI,793,140,17,636,548,22,12,51,0.3529,19,26,1,21,0,2,9,1,0,,,,,,,,,,,,,,
2020-03-17,MWI,810,113,22,675,601,28,19,37,0.4043,9,26,0,28,0,5,12,2,0,,,,,,,,,,,,,,
2020-03-18,MWI,761,134,19,608,560,27,9,54,0.25,31,19,1,26,0,2,6,1,0,,,,,,,,,,,,,,
2020-03-19,MWI,722,107,17,598,556,18,7,57,0.28,35,19,0,18,0,0,7,0,0,,,,,,,,,,,,,,
2020-03-20,MWI,780,130,20,630,554,42,15,52,0.2632,28,23,0,42,0,0,12,2,1,,,,,,,,,,,,,,
2020-03-21,MWI,697,122,19,556,506,35,12,27,0.2553,7,20,0,35,0,3,7,2,0,,,,,,,,,,,,,,
2020-03-22,MWI,822,127,23,672,612,24,4,39,0.1429,13,25,1,23,0,0,3,1,0,,,,,,,,,,,,,,
2020-03-23,MWI,729,150,18,561,543,21,10,65,0.3226,23,37,0,21,0,1,6,1,2,,,,,,,,,,,,,,
2020-03-24,MWI,731,157,30,544,525,18,4,84,0.1818,27,51,0,18,0,0,3,1,0,,,,,,,,,,,,,,
2020-03-25,MWI,794,166,38,590,613,34,7,78,0.1707,34,37,1,33,0,0,5,2,0,,,,,,,,,,,,,,
2020-03-26,MWI,687,137,29,521,512,33,8,57,0.1951,27,22,1,32,1,0,5,2,0,,,,,,,,,,,,,,
2020-03-27,MWI,766,160,28,578,616,33,6,66,0.1538,23,33,0,33,0,0,5,1,0,,,,,,,,,,,,,,
2020-03-28,MWI,612,126,27,459,437,25,4,38,0.1379,16,19,0,25,0,0,3,1,0,,,,,,,,,,,,,,
2020-03-29,MWI,596,118,28,450,458,22,8,52,0.2667,15,37,0,22,0,0,1,7,0,,,,,,,,,,,,,18.0,
2020-03-30,MWI,667,124,19,524,507,20,12,54,0.375,20,31,0,20,0,3,4,5,0,,,,,,,,,,,,,35.0,17.0
2020-03-31,MWI,559,123,35,401,430,14,8,60,0.3636,22,37,1,13,0,0,7,1,0,,,,,,,,,,,,,,
2020-04-01,MWI,579,138,13,428,431,16,19,41,0.5429,13,24,0,16,0,1,13,3,2,,,,,,,,,,,,,86.0,
2020-04-02,MWI,749,202,27,520,598,17,9,42,0.3462,14,27,0,17,0,0,6,3,0,,,,,,,,,,,,,88.0,2.0
2020-04-03,MWI,713,157,36,520,543,28,15,42,0.3488,12,28,0,28,0,2,11,2,0,,,,,,,,,3.0,3.0,0.0,0.0,93.0,5.0
2020-04-04,MWI,828,173,51,604,666,19,4,40,0.1739,9,29,1,18,0,0,3,1,0,,,,,,,,,3.0,0.0,0.0,0.0,122.0,29.0
2020-04-05,MWI,684,139,47,498,518,26,8,47,0.2353,8,36,0,26,0,3,2,3,0,,,,,,,,,4.0,1.0,0.0,0.0,123.0,1.0
2020-04-06,MWI,653,154,40,459,511,35,20,46,0.3636,4,39,0,35,0,11,5,3,1,,,,,,,,,4.0,0.0,0.0,0.0,143.0,20.0
2020-04-07,MWI,922,225,53,644,787,45,13,65,0.2241,17,45,1,44,0,2,9,2,0,,,,,,,,,5.0,1.0,0.0,0.0,145.0,2.0
2020-04-08,MWI,772,184,47,541,643,35,5,50,0.125,17,33,0,35,0,2,2,1,0,,,,,,,,,8.0,3.0,1.0,1.0,224.0,79.0
2020-04-09,MWI,695,158,31,506,580,17,7,43,0.2917,11,27,0,17,0,0,5,2,0,,,,,,,,,8.0,0.0,1.0,0.0,231.0,7.0
2020-04-10,MWI,640,148,54,438,527,24,7,53,0.2258,14,30,0,24,0,0,5,2,0,,,,,,,,,8.0,0.0,1.0,0.0,287.0,56.0
2020-04-11,MWI,619,161,36,422,484,17,14,43,0.4516,15,25,1,16,0,0,4,9,1,,,,,,,,,9.0,1.0,1.0,0.0,314.0,27.0
2020-04-12,MWI,653,141,55,457,527,24,10,34,0.2941,15,18,1,23,0,0,4,6,0,,,,,,,,,12.0,3.0,2.0,1.0,,
2020-04-13,MWI,628,118,35,475,514,23,12,42,0.3429,10,28,1,22,0,1,6,5,0,,,,,,,,,13.0,1.0,2.0,0.0,343.0,
2020-04-14,MWI,766,201,50,515,601,23,16,57,0.4103,15,37,1,22,0,2,9,5,0,,,,,,,,,16.0,3.0,2.0,0.0,,
2020-04-15,MWI,730,186,43,501,602,31,13,47,0.2955,12,28,0,31,0,1,9,3,0,,,,,,,,,16.0,0.0,2.0,0.0,353.0,
2020-04-16,MWI,689,178,53,458,569,26,12,51,0.3158,21,28,1,25,0,0,8,4,0,,,,,,,,,16.0,0.0,2.0,0.0,417.0,64.0
2020-04-17,MWI,793,220,52,521,646,55,12,47,0.1791,18,25,0,55,0,0,10,2,0,,,,,,,,,16.0,0.0,2.0,0.0,424.0,7.0
2020-04-18,MWI,678,146,40,492,541,27,4,61,0.129,20,34,1,26,0,0,2,2,0,,,,,,,,,17.0,1.0,2.0,0.0,429.0,5.0
2020-04-19,MWI,673,144,53,476,558,19,8,42,0.2963,18,24,3,16,0,0,5,3,0,,,,,,,,,17.0,0.0,2.0,0.0,,
2020-04-20,MWI,749,192,47,510,636,25,17,55,0.4048,22,26,0,25,0,3,7,7,0,,,,,,,,,17.0,0.0,2.0,0.0,460.0,
2020-04-21,MWI,736,177,36,523,594,29,19,44,0.3958,15,28,0,29,0,0,2,17,0,,,,,,,,,17.0,0.0,2.0,0.0,519.0,59.0
2020-04-22,MWI,762,204,43,515,639,14,7,46,0.3333,8,28,0,14,0,0,5,2,0,,,,,,,,,18.0,1.0,2.0,0.0,553.0,34.0
2020-04-23,MWI,888,249,58,581,749,21,23,74,0.5227,13,44,0,21,0,4,19,0,0,,,,,,,,,23.0,5.0,3.0,1.0,566.0,13.0
2020-04-24,MWI,712,175,37,500,579,22,13,53,0.3714,12,31,0,22,0,0,12,1,0,,,,,,,,,33.0,10.0,3.0,0.0,617.0,51.0
2020-04-25,MWI,688,143,63,482,578,42,9,63,0.1765,24,29,1,41,0,0,9,0,0,,,,,,,,,33.0,0.0,3.0,0.0,664.0,47.0
2020-04-26,MWI,682,122,55,505,563,27,5,67,0.1562,43,18,0,27,0,0,5,0,0,,,,,,,,,33.0,0.0,3.0,0.0,690.0,26.0
2020-04-27,MWI,717,160,35,522,602,20,7,74,0.2593,25,38,0,20,0,2,4,1,0,,,,,,,,,34.0,1.0,3.0,0.0,703.0,13.0
2020-04-28,MWI,854,206,49,599,718,34,4,70,0.1053,13,54,0,34,0,0,3,1,0,,,,,,,,,36.0,2.0,3.0,0.0,744.0,41.0
2020-04-29,MWI,773,167,50,556,637,34,13,63,0.2766,18,40,0,34,0,7,5,1,0,,,,,,,,,36.0,0.0,3.0,0.0,774.0,30.0
2020-04-30,MWI,737,201,65,471,603,22,4,56,0.1538,10,37,0,22,0,0,4,0,0,,,,,,,,,36.0,0.0,3.0,0.0,831.0,57.0
2020-05-01,MWI,697,150,60,487,565,26,7,50,0.2121,6,40,0,26,0,0,3,4,0,,,,,,,,,37.0,1.0,3.0,0.0,898.0,67.0
2020-05-02,MWI,726,149,43,534,567,38,8,61,0.1739,18,43,3,35,0,2,4,1,1,,,,,,,,,37.0,0.0,3.0,0.0,907.0,9.0
2020-05-03,MWI,675,135,73,467,546,28,2,64,0.0667,9,52,0,28,0,0,1,0,1,,,,,,,,,38.0,1.0,3.0,0.0,915.0,8.0
2020-05-04,MWI,773,201,50,522,635,29,9,58,0.2368,18,35,1,28,0,0,5,4,0,,,,,,,,,39.0,1.0,3.0,0.0,961.0,46.0
2020-05-05,MWI,731,168,33,530,587,25,9,56,0.2647,19,32,0,25,0,2,5,1,1,,,,,,,,,41.0,2.0,3.0,0.0,1032.0,71.0
2020-05-06,MWI,768,200,65,503,628,28,11,45,0.2821,14,29,0,28,0,3,8,0,0,,,,,,,,,41.0,0.0,3.0,0.0,1073.0,41.0
2020-05-07,MWI,606,147,38,421,492,44,7,53,0.1373,13,37,2,42,0,5,2,0,0,,,,,,,,,43.0,2.0,3.0,0.0,1152.0,79.0
2020-05-08,MWI,744,210,46,488,579,48,9,57,0.1579,14,39,1,47,0,3,5,1,0,,,,,,,,,43.0,0.0,3.0,0.0,1231.0,79.0
2020-05-09,MWI,645,176,45,424,496,27,6,57,0.1818,22,33,2,25,0,0,4,2,0,,,,,,,,,43.0,0.0,3.0,0.0,1287.0,56.0
2020-05-10,MWI,578,117,42,419,425,33,10,38,0.2326,17,18,1,32,0,4,4,2,0,,,,,,,,,56.0,13.0,3.0,0.0,1337.0,50.0
2020-05-11,MWI,649,175,31,443,521,27,5,41,0.1562,11,23,0,27,0,3,1,1,0,,,,,,,,,56.0,0.0,3.0,0.0,1363.0,26.0
2020-05-12,MWI,662,152,27,483,556,30,4,49,0.1176,11,36,0,30,0,0,3,1,0,,,,,,,,,57.0,1.0,3.0,0.0,,
2020-05-13,MWI,685,177,40,468,568,42,5,54,0.1064,14,31,1,41,0,0,4,1,0,,,,,,,,,58.0,1.0,3.0,0.0,1621.0,
2020-05-14,MWI,460,101,21,338,326,21,7,45,0.25,17,25,1,20,0,0,7,0,0,,,,,,,,,63.0,5.0,3.0,0.0,1696.0,75.0
2020-05-15,MWI,574,141,25,408,464,25,4,53,0.1379,18,33,5,20,0,0,4,0,0,,,,,,,,,63.0,0.0,3.0,0.0,1762.0,66.0
2020-05-16,MWI,468,102,31,335,350,17,8,40,0.32,21,15,0,17,0,0,8,0,0,,,,,,,,,63.0,0.0,3.0,0.0,1803.0,41.0
2020-05-17,MWI,480,97,35,348,372,17,6,42,0.2609,14,25,0,17,0,0,4,1,1,,,,,,,,,65.0,2.0,3.0,0.0,1922.0,119.0
2020-05-18,MWI,652,174,30,448,478,17,2,49,0.1053,8,37,0,17,0,0,2,0,0,,,,,,,,,70.0,5.0,3.0,0.0,1973.0,51.0
2020-05-19,MWI,656,169,31,456,520,21,4,84,0.16,28,54,0,21,0,0,2,2,0,,,,,,,,,70.0,0.0,3.0,0.0,2095.0,122.0
2020-05-20,MWI,561,156,36,369,427,28,7,47,0.2,17,28,0,28,0,2,3,1,1,,,,,,,,,71.0,1.0,3.0,0.0,2276.0,181.0
2020-05-21,MWI,517,123,27,367,417,15,5,50,0.25,14,36,0,15,0,0,5,0,0,,,,,,,,,72.0,1.0,3.0,0.0,2411.0,135.0
2020-05-22,MWI,592,137,36,419,481,17,5,59,0.2273,10,47,0,17,0,0,4,1,0,,,,,,,,,72.0,0.0,3.0,0.0,2604.0,193.0
2020-05-23,MWI,465,105,52,308,344,26,4,30,0.1333,8,20,0,26,0,1,3,0,0,,,,,,,,,82.0,10.0,3.0,0.0,2974.0,370.0
2020-05-24,MWI,541,100,44,397,455,35,4,23,0.1026,3,19,0,35,0,0,3,1,0,,,,,,,,,83.0,1.0,4.0,1.0,,
2020-05-25,MWI,544,132,27,385,426,25,3,43,0.1071,12,30,1,24,0,0,2,1,0,,,,,,,,,83.0,0.0,4.0,0.0,3372.0,
2020-05-26,MWI,595,174,56,365,455,17,4,50,0.1905,22,28,0,17,0,3,1,0,0,,,,,,,,,101.0,18.0,4.0,0.0,,
2020-05-27,MWI,738,205,74,459,596,20,2,46,0.0909,15,27,0,20,0,1,1,0,0,,,,,,,,,101.0,0.0,4.0,0.0,3975.0,
2020-05-28,MWI,666,189,50,427,546,12,1,40,0.0769,14,19,0,12,0,0,0,1,0,,,,,,,,,101.0,0.0,4.0,0.0,4311.0,336.0
2020-05-29,MWI,808,244,73,491,685,63,5,52,0.0735,9,43,0,63,0,0,2,3,0,,,,,,,,,203.0,102.0,4.0,0.0,4490.0,179.0
2020-05-30,MWI,637,119,58,460,530,34,5,30,0.1282,12,16,1,33,0,0,4,0,1,,,,,,,,,273.0,70.0,4.0,0.0,4590.0,100.0
2020-05-31,MWI,650,97,38,515,526,17,11,25,0.3929,5,19,0,17,0,0,11,0,0,,,,,,,,,279.0,6.0,4.0,0.0,5147.0,557.0
2020-06-01,MWI,789,179,53,557,620,16,7,54,0.3043,11,41,0,16,0,1,6,0,0,,,,,,,,,284.0,5.0,4.0,0.0,5505.0,358.0
2020-06-02,MWI,809,155,123,531,618,25,7,48,0.2188,14,28,0,25,0,1,5,1,0,,,,,,,,,336.0,52.0,4.0,0.0,5746.0,241.0
2020-06-03,MWI,647,127,53,467,513,24,1,29,0.04,6,21,1,23,0,0,1,0,0,,,,,,,,,358.0,22.0,4.0,0.0,5900.0,154.0
2020-06-04,MWI,601,127,38,436,450,22,4,42,0.1538,9,33,0,22,0,1,2,1,0,,,,,,,,,369.0,11.0,4.0,0.0,6172.0,272.0
2020-06-05,MWI,607,146,46,415,474,21,2,56,0.087,13,42,0,21,0,0,2,0,0,,,,,,,,,393.0,24.0,4.0,0.0,6288.0,116.0
2020-06-06,MWI,419,89,28,302,301,26,1,23,0.037,8,12,0,26,0,0,0,1,0,,,,,,,,,409.0,16.0,4.0,0.0,6423.0,135.0
2020-06-07,MWI,449,94,20,335,314,16,1,17,0.0588,0,15,0,16,0,0,1,0,0,,,,,,,,,409.0,0.0,4.0,0.0,6546.0,123.0
2020-06-08,MWI,526,123,36,367,410,43,6,27,0.1224,5,22,0,43,0,1,3,2,0,,,,,,,,,438.0,29.0,4.0,0.0,6690.0,144.0
2020-06-09,MWI,731,193,57,481,591,29,1,41,0.0333,2,36,0,29,0,0,1,0,0,,,,,,,,,443.0,5.0,4.0,0.0,6785.0,95.0
2020-06-10,MWI,511,137,45,329,414,10,5,40,0.3333,12,27,0,10,0,1,4,0,0,,,,,,,,,455.0,12.0,4.0,0.0,7009.0,224.0
2020-06-11,MWI,568,131,50,387,449,9,5,12,0.3571,3,9,0,9,0,0,4,0,1,,,,,,,,,455.0,0.0,4.0,0.0,7081.0,72.0
2020-06-12,MWI,447,110,25,312,362,14,9,29,0.3913,9,19,1,13,0,1,7,1,0,,,,,,,,,481.0,26.0,4.0,0.0,8003.0,922.0
2020-06-13,MWI,464,97,35,332,343,11,4,43,0.2667,14,26,0,11,0,0,1,1,2,,,,,,,,,481.0,0.0,4.0,0.0,8351.0,348.0
2020-06-14,MWI,433,87,30,316,321,10,3,35,0.2308,8,24,0,10,0,1,2,0,0,,,,,,,,,529.0,48.0,5.0,1.0,8438.0,87.0
2020-06-15,MWI,546,110,41,395,452,6,6,52,0.5,29,20,0,6,0,0,5,0,1,,,,,,,,,547.0,18.0,6.0,1.0,8642.0,204.0
2020-06-16,MWI,693,159,42,492,585,13,4,111,0.2353,78,29,0,13,0,0,4,0,0,,,,,,,,,556.0,9.0,6.0,0.0,8904.0,262.0
2020-06-17,MWI,589,162,38,389,456,18,5,44,0.2174,18,26,0,18,0,0,5,0,0,,,,,,,,,564.0,8.0,6.0,0.0,9029.0,125.0
2020-06-18,MWI,647,182,51,414,512,46,4,45,0.08,5,39,1,45,0,0,4,0,0,,,,,,,,,572.0,8.0,6.0,0.0,9475.0,446.0
2020-06-19,MWI,544,136,33,375,445,57,5,53,0.0806,6,44,0,57,0,0,5,0,0,,,,,,,,,592.0,20.0,8.0,2.0,,
2020-06-20,MWI,648,112,32,504,544,10,4,34,0.2857,5,26,1,9,0,0,3,1,0,,,,,,,,,620.0,28.0,8.0,0.0,,
2020-06-21,MWI,365,64,25,276,297,8,9,18,0.5294,8,10,1,7,0,0,7,1,1,,,,,,,,,620.0,0.0,8.0,0.0,,
2020-06-22,MWI,540,127,33,380,440,16,2,45,0.1111,12,26,3,13,0,0,2,0,0,,,,,,,,,730.0,110.0,11.0,3.0,11114.0,
2020-06-23,MWI,613,122,66,425,506,13,3,36,0.1875,13,21,1,12,0,0,3,0,0,,,,,,,,,803.0,73.0,11.0,0.0,11883.0,769.0
2020-06-24,MWI,561,115,45,401,438,16,2,28,0.1111,14,14,1,15,0,0,2,0,0,,,,,,,,,848.0,45.0,11.0,0.0,12118.0,235.0
2020-06-25,MWI,535,126,52,357,424,29,4,25,0.1212,9,16,0,29,0,0,4,0,0,,,,,,,,,941.0,93.0,11.0,0.0,12578.0,460.0
2020-06-26,MWI,569,130,39,400,497,25,9,47,0.2647,9,38,1,24,0,1,5,3,0,,,,,,,,,960.0,19.0,12.0,1.0,12950.0,372.0
2020-06-27,MWI,522,109,57,356,431,14,8,39,0.3636,8,29,0,14,0,0,6,1,1,,,,,,,,,1005.0,45.0,13.0,1.0,13369.0,419.0
2020-06-28,MWI,542,84,40,418,473,25,4,18,0.1379,10,6,1,24,0,0,2,0,2,,,,,,,,,1038.0,33.0,13.0,0.0,13918.0,549.0
2020-06-29,MWI,582,120,33,429,505,16,3,50,0.1579,20,27,0,16,0,0,2,1,0,,,,,,,,,1146.0,108.0,13.0,0.0,14173.0,255.0
2020-06-30,MWI,628,158,43,427,518,14,2,25,0.125,8,17,0,14,0,0,2,0,0,,,,,,,,,1224.0,78.0,14.0,1.0,14683.0,510.0
2020-07-01,MWI,730,166,41,523,608,18,2,35,0.1,13,22,2,16,0,0,2,0,0,,,,,,,,,1265.0,41.0,16.0,2.0,15177.0,494.0
2020-07-02,MWI,731,172,57,502,624,19,7,31,0.2692,7,24,0,19,0,0,6,0,1,,,,,,,,,1342.0,77.0,16.0,0.0,15724.0,547.0
2020-07-03,MWI,727,212,53,462,621,16,16,47,0.5,19,28,1,15,0,1,13,2,0,,,,,,,,,1402.0,60.0,16.0,0.0,16281.0,557.0
2020-07-04,MWI,916,226,82,608,779,14,9,32,0.3913,10,22,0,14,0,1,8,0,0,,,,,,,,,1498.0,96.0,16.0,0.0,,
2020-07-05,MWI,985,217,85,683,853,32,6,55,0.1579,17,36,0,32,0,0,4,1,1,,,,,,,,,1613.0,115.0,17.0,1.0,17406.0,
2020-07-06,MWI,898,167,81,650,769,22,4,43,0.1538,7,36,0,22,0,0,4,0,0,,,,,,,,,1742.0,129.0,19.0,2.0,17693.0,287.0
2020-07-07,MWI,718,184,29,505,578,26,10,64,0.2778,13,50,0,26,0,1,7,1,1,,,,,,,,,1818.0,76.0,19.0,0.0,,
2020-07-08,MWI,891,230,63,598,761,52,5,41,0.0877,12,26,0,52,0,0,4,1,0,,,,,,,,,1877.0,59.0,24.0,5.0,18814.0,
2020-07-09,MWI,819,206,108,505,668,15,11,60,0.4231,10,46,1,14,0,0,7,1,3,,,,,,,,,1929.0,52.0,25.0,1.0,19296.0,482.0
2020-07-10,MWI,735,194,84,457,604,32,9,41,0.2195,11,28,2,30,0,1,7,0,1,,,,,,,,,1984.0,55.0,29.0,4.0,20098.0,802.0
2020-07-11,MWI,648,151,40,457,552,15,5,21,0.25,5,15,1,14,0,0,5,0,0,,,,,,,,,2069.0,85.0,31.0,2.0,20657.0,559.0
2020-07-12,MWI,704,158,55,491,578,38,2,39,0.05,15,22,1,37,0,0,1,1,0,,,,,,,,,2261.0,192.0,33.0,2.0,20974.0,317.0
2020-07-13,MWI,884,198,73,613,717,28,3,59,0.0968,10,49,1,27,0,1,2,0,0,,,,,,,,,2364.0,103.0,38.0,5.0,21532.0,558.0
2020-07-14,MWI,692,163,70,459,573,12,5,50,0.2941,5,44,1,11,0,0,4,1,0,,,,,,,,,2430.0,66.0,39.0,1.0,21953.0,421.0
2020-07-15,MWI,789,189,63,537,677,14,6,44,0.3,10,31,0,14,0,0,6,0,0,,,,,,,,,2497.0,67.0,40.0,1.0,22296.0,343.0
2020-07-16,MWI,633,173,55,405,550,21,2,41,0.087,8,27,0,21,0,0,1,1,0,,,,,,,,,2614.0,117.0,43.0,3.0,23230.0,934.0
2020-07-17,MWI,556,154,46,356,465,19,5,31,0.2083,6,24,0,19,0,0,5,0,0,,,,,,,,,2712.0,98.0,51.0,8.0,,
2020-07-18,MWI,635,154,38,443,518,18,7,53,0.28,19,31,0,18,0,0,5,1,1,,,,,,,,,2810.0,98.0,55.0,4.0,23733.0,
2020-07-19,MWI,697,184,51,462,559,26,2,45,0.0714,20,23,0,26,0,0,1,0,1,,,,,,,,,2907.0,97.0,59.0,4.0,24192.0,459.0
2020-07-20,MWI,858,237,66,555,677,19,4,52,0.1739,15,35,0,19,0,0,3,0,1,,,,,,,,,2992.0,85.0,62.0,3.0,24475.0,283.0
2020-07-21,MWI,829,237,58,534,657,20,2,73,0.0909,27,40,1,19,0,0,2,0,0,,,,,,,,,3045.0,53.0,64.0,2.0,24822.0,347.0
2020-07-22,MWI,1064,289,59,716,912,19,6,71,0.24,17,53,0,19,0,0,4,1,1,0.1569,0.1828,,0.152,0.2353,,0.2353,,3149.0,104.0,71.0,7.0,25281.0,459.0
2020-07-23,MWI,614,197,42,375,503,28,8,57,0.2222,6,49,0,28,0,0,6,1,1,,,,,,,,,3302.0,153.0,76.0,5.0,25756.0,475.0
2020-07-24,MWI,751,204,45,502,653,16,6,47,0.2727,5,40,1,15,0,2,4,0,0,,,,,,,,,3386.0,84.0,79.0,3.0,26213.0,457.0
2020-07-25,MWI,574,117,43,414,477,16,6,56,0.2727,15,39,0,16,0,0,6,0,0,,,,,,,,,3453.0,67.0,87.0,8.0,26602.0,389.0
2020-07-26,MWI,594,152,40,402,489,21,9,54,0.3,8,45,1,20,0,0,7,1,1,,,,,,,,,3453.0,0.0,87.0,0.0,27147.0,545.0
2020-07-27,MWI,705,187,43,475,585,15,7,58,0.3182,13,42,0,15,0,0,6,1,0,,,,,,,,,3640.0,187.0,99.0,12.0,27390.0,243.0
2020-07-28,MWI,685,205,46,434,546,5,14,60,0.7368,13,41,0,5,0,2,10,0,2,,,,,,,,,3709.0,69.0,103.0,4.0,27514.0,124.0
2020-07-29,MWI,876,207,82,587,734,22,10,58,0.3125,13,35,0,22,0,1,5,2,2,,,,,,,,,3709.0,0.0,103.0,0.0,28688.0,1174.0
2020-07-30,MWI,666,165,45,456,508,17,3,77,0.15,34,38,1,16,0,0,2,0,1,,,,,,,,,3858.0,149.0,107.0,4.0,29599.0,911.0
2020-07-31,MWI,693,184,44,465,524,22,4,70,0.1538,14,53,0,22,0,0,3,1,0,,,,,,,,,3981.0,123.0,109.0,2.0,30267.0,668.0
2020-08-01,MWI,529,149,50,330,413,11,7,35,0.3889,5,29,0,11,0,0,5,1,1,,,,,,,,,4078.0,97.0,114.0,5.0,30930.0,663.0
2020-08-02,MWI,560,135,33,392,431,9,7,49,0.4375,14,33,0,9,0,0,6,0,1,,,,,,,,,4186.0,108.0,120.0,6.0,31302.0,372.0
2020-08-03,MWI,738,199,48,491,585,18,6,53,0.25,12,38,0,18,0,2,1,3,0,,,,,,,,,4231.0,45.0,123.0,3.0,31645.0,343.0
2020-08-04,MWI,686,187,42,457,544,8,6,48,0.4286,15,29,0,8,0,0,4,1,1,,,,,,,,,4273.0,42.0,123.0,0.0,32144.0,499.0
2020-08-05,MWI,646,165,70,411,518,4,7,48,0.6364,6,34,1,3,0,0,5,2,0,,,,,,,,,4347.0,74.0,128.0,5.0,32680.0,536.0
2020-08-06,MWI,581,165,58,358,462,13,5,55,0.2778,9,43,0,13,0,0,3,2,0,,,,,,,,,4426.0,79.0,136.0,8.0,33466.0,786.0
2020-08-07,MWI,685,196,58,431,555,11,4,53,0.2667,7,41,0,11,0,1,3,0,0,,,,,,,,,4491.0,65.0,137.0,1.0,34051.0,585.0
2020-08-08,MWI,546,146,26,374,428,13,8,47,0.381,11,36,0,13,0,1,6,0,1,,,,,,,,,4575.0,84.0,137.0,0.0,34443.0,392.0
2020-08-09,MWI,639,163,48,428,495,24,7,45,0.2258,13,29,2,22,0,0,4,3,0,,,,,,,,,4624.0,49.0,143.0,6.0,34763.0,320.0
2020-08-10,MWI,715,211,46,458,579,27,12,75,0.3077,12,60,1,26,0,1,9,0,2,,,,,,,,,4658.0,34.0,146.0,3.0,34877.0,114.0
2020-08-11,MWI,755,177,49,529,643,40,4,69,0.0909,20,49,3,37,0,0,4,0,0,,,,,,,,,4673.0,15.0,146.0,0.0,35337.0,460.0
2020-08-12,MWI,824,247,72,505,678,57,8,119,0.1231,54,64,1,56,0,0,7,1,0,,,,,,,,,4712.0,39.0,152.0,6.0,35751.0,414.0
2020-08-13,MWI,579,188,39,352,459,15,9,64,0.375,25,37,2,13,0,1,8,0,0,,,,,,,,,4752.0,40.0,152.0,0.0,37746.0,1995.0
2020-08-14,MWI,628,203,62,363,487,20,5,78,0.2,17,58,2,18,0,1,2,1,1,,,,,,,,,4912.0,160.0,153.0,1.0,38451.0,705.0
2020-08-15,MWI,404,96,31,277,297,9,3,42,0.25,17,21,0,9,0,1,1,1,0,,,,,,,,,4988.0,76.0,156.0,3.0,38798.0,347.0
2020-08-16,MWI,469,106,35,328,341,15,3,53,0.1667,19,30,0,15,0,0,3,0,0,,,,,,,,,5026.0,38.0,157.0,1.0,39214.0,416.0
2020-08-17,MWI,564,145,45,374,438,13,4,78,0.2353,44,33,1,12,0,0,4,0,0,,,,,,,,,5072.0,46.0,161.0,4.0,39764.0,550.0
2020-08-18,MWI,526,154,31,341,402,16,2,54,0.1111,15,34,0,16,0,0,1,1,0,,,,,,,,,5072.0,0.0,161.0,0.0,40106.0,342.0
2020-08-19,MWI,492,133,50,309,358,9,4,52,0.3077,34,17,0,9,0,0,1,1,2,,,,,,,,,5193.0,121.0,163.0,2.0,40640.0,534.0
2020-08-20,MWI,539,134,35,370,433,15,8,38,0.3478,4,34,1,14,0,2,1,4,1,,,,,,,,,5240.0,47.0,164.0,1.0,41026.0,386.0
2020-08-21,MWI,465,115,28,322,375,15,5,34,0.25,7,25,0,15,0,0,2,2,1,,,,,,,,,5240.0,0.0,164.0,0.0,41474.0,448.0
2020-08-22,MWI,365,87,54,224,278,9,4,23,0.3077,4,16,0,9,0,1,1,0,2,,,,,,,,,5282.0,42.0,165.0,1.0,42015.0,541.0
2020-08-23,MWI,379,104,27,248,276,5,6,25,0.5455,5,20,0,5,0,1,3,2,0,,,,,,,,,5322.0,40.0,166.0,1.0,42607.0,592.0
2020-08-24,MWI,417,126,26,265,328,13,1,29,0.0714,3,25,1,12,0,0,1,0,0,,,,,,,,,5322.0,0.0,166.0,0.0,42827.0,220.0
2020-08-25,MWI,508,125,40,343,407,12,4,40,0.25,5,31,0,12,0,0,2,1,1,,,,,,,,,5419.0,97.0,169.0,3.0,42902.0,75.0
2020-08-26,MWI,428,103,33,292,327,4,5,40,0.5556,5,33,1,3,0,2,2,1,0,,,,,,,,,5423.0,4.0,170.0,1.0,43503.0,601.0
2020-08-27,MWI,629,166,35,428,498,15,2,53,0.1176,7,43,1,14,0,0,2,0,0,,,,,,,,,5474.0,51.0,173.0,3.0,43798.0,295.0
2020-08-28,MWI,537,114,34,389,457,16,7,30,0.3043,10,20,2,14,0,2,5,0,0,,,,,,,,,5496.0,22.0,173.0,0.0,44219.0,421.0
2020-08-29,MWI,384,80,31,273,321,20,3,20,0.1304,4,13,2,18,0,0,3,0,0,,,,,,,,,5523.0,27.0,174.0,1.0,44296.0,77.0
2020-08-30,MWI,422,95,37,290,328,15,3,19,0.1667,1,17,1,14,0,0,3,0,0,,,,,,,,,5528.0,5.0,174.0,0.0,44511.0,215.0
2020-08-31,MWI,434,131,26,277,338,13,5,26,0.2778,6,20,0,13,0,1,2,1,1,,,,,,,,,5536.0,8.0,174.0,0.0,45505.0,994.0
2020-09-01,MWI,488,135,44,309,378,9,3,42,0.25,12,29,0,9,0,0,3,0,0,,,,,,,,,5566.0,30.0,175.0,1.0,45622.0,117.0
2020-09-02,MWI,510,158,33,319,366,14,12,45,0.4615,8,36,0,14,0,2,8,1,1,,,,,,,,,5576.0,10.0,175.0,0.0,45789.0,167.0
2020-09-03,MWI,871,239,51,581,719,268,3,43,0.0111,7,36,0,268,0,0,3,0,0,,,,,,,,,5579.0,3.0,175.0,0.0,46036.0,247.0
2020-09-04,MWI,638,161,45,432,508,11,4,61,0.2667,10,48,0,11,0,0,3,1,0,,,,,,,,,5593.0,14.0,175.0,0.0,46411.0,375.0
2020-09-05,MWI,313,96,25,192,220,14,5,45,0.2632,21,20,2,12,0,0,3,2,0,,,,,,,,,5608.0,15.0,175.0,0.0,46484.0,73.0
2020-09-06,MWI,340,88,18,234,225,13,3,30,0.1875,12,17,0,13,0,0,2,1,0,,,,,,,,,5611.0,3.0,175.0,0.0,46636.0,152.0
2020-09-07,MWI,595,151,34,410,476,7,9,89,0.5625,60,28,0,7,0,1,2,6,0,,,,,,,,,5614.0,3.0,175.0,0.0,46750.0,114.0
2020-09-08,MWI,536,115,31,390,426,16,7,26,0.3043,7,18,2,14,0,0,6,1,0,,,,,,,,,5621.0,7.0,176.0,1.0,46857.0,107.0
2020-09-09,MWI,450,105,41,304,351,12,8,42,0.4,11,25,0,12,0,0,6,2,0,,,,,,,,,5630.0,9.0,176.0,0.0,47351.0,494.0
2020-09-10,MWI,553,113,41,399,451,10,9,19,0.4737,4,15,0,10,0,0,5,0,4,,,,,,,,,5653.0,23.0,176.0,0.0,,
2020-09-11,MWI,547,149,39,359,424,12,4,30,0.25,10,18,0,12,0,1,3,0,0,,,,,,,,,5655.0,2.0,176.0,0.0,47820.0,
2020-09-12,MWI,391,114,33,244,289,9,4,21,0.3077,8,11,0,9,0,0,2,1,1,,,,,,,,,5669.0,14.0,177.0,1.0,48113.0,293.0
2020-09-13,MWI,399,98,32,269,301,26,3,59,0.1034,39,18,0,26,0,0,2,1,0,,,,,,,,,5678.0,9.0,177.0,0.0,48556.0,443.0
2020-09-14,MWI,453,117,26,310,370,6,8,26,0.5714,7,19,0,6,0,0,5,2,1,,,,,,,,,5690.0,12.0,177.0,0.0,,
2020-09-15,MWI,440,126,27,287,338,11,6,37,0.3529,8,25,0,11,0,0,4,0,2,,,,,,,,,5697.0,7.0,178.0,1.0,48816.0,
2020-09-16,MWI,504,143,25,336,386,12,3,39,0.2,15,23,0,12,0,0,2,1,0,,,,,,,,,5701.0,4.0,178.0,0.0,48963.0,147.0
2020-09-17,MWI,510,131,29,350,410,14,6,38,0.3,14,24,0,14,0,1,3,1,1,,,,,,,,,5701.0,0.0,178.0,0.0,49341.0,378.0
2020-09-18,MWI,383,112,33,238,280,15,6,31,0.2857,9,21,0,15,0,0,4,1,1,,,,,,,,,5711.0,10.0,179.0,1.0,,
2020-09-19,MWI,317,88,17,212,219,12,4,21,0.25,9,11,0,12,0,0,4,0,0,,,,,,,,,5716.0,5.0,179.0,0.0,50051.0,
2020-09-20,MWI,300,75,21,204,212,9,24,11,0.7273,0,10,0,9,0,4,20,0,0,,,,,,,,,5716.0,0.0,179.0,0.0,50583.0,532.0
2020-09-21,MWI,493,121,27,345,360,16,9,25,0.36,7,17,1,15,0,1,7,1,0,,,,,,,,,5731.0,15.0,179.0,0.0,50620.0,37.0
2020-09-22,MWI,450,114,21,315,341,14,7,25,0.3333,8,16,0,14,0,1,5,1,0,,,,,,,,,5733.0,2.0,179.0,0.0,50989.0,369.0
2020-09-23,MWI,486,103,28,355,379,25,4,33,0.1379,19,12,0,25,0,0,3,1,0,,,,,,,,,5737.0,4.0,179.0,0.0,,
2020-09-24,MWI,652,151,48,453,501,13,7,36,0.35,15,21,1,12,0,0,7,0,0,,,,,,,,,5746.0,9.0,179.0,0.0,,
2020-09-25,MWI,429,133,47,249,288,13,3,30,0.1875,4,23,0,13,0,0,2,1,0,,,,,,,,,5747.0,1.0,179.0,0.0,,
2020-09-26,MWI,282,61,25,196,189,12,3,28,0.2,10,18,1,11,0,0,2,0,1,,,,,,,,,5761.0,14.0,179.0,0.0,,
2020-09-27,MWI,293,74,24,195,175,11,2,17,0.1538,2,15,0,11,0,0,1,1,0,,,,,,,,,5763.0,2.0,179.0,0.0,52730.0,
2020-09-28,MWI,373,104,22,247,268,12,1,42,0.0769,14,28,0,12,0,0,0,0,1,,,,,,,,,5768.0,5.0,179.0,0.0,,
2020-09-29,MWI,422,109,30,283,315,12,4,32,0.25,11,18,0,12,0,0,4,0,0,,,,,,,,,5770.0,2.0,179.0,0.0,52852.0,
2020-09-30,MWI,351,91,26,234,264,8,2,29,0.2,10,14,0,8,0,0,2,0,0,,,,,,,,,5772.0,2.0,179.0,0.0,53057.0,205.0
2020-10-01,MWI,391,100,29,262,251,17,4,28,0.1905,8,15,2,15,0,0,2,1,1,,,,,,,,,5773.0,1.0,179.0,0.0,,
2020-10-02,MWI,596,140,13,443,479,20,9,21,0.3103,8,11,0,20,0,0,6,3,0,,,,,,,,,5779.0,6.0,179.0,0.0,54015.0,
2020-10-03,MWI,540,105,23,412,435,19,10,17,0.3448,5,10,0,19,0,0,8,1,1,,,,,,,,,5783.0,4.0,179.0,0.0,54246.0,231.0
2020-10-04,MWI,386,88,23,275,296,26,7,16,0.2121,5,10,0,26,0,0,7,0,0,,,,,,,,,5783.0,0.0,179.0,0.0,54351.0,105.0
2020-10-05,MWI,508,128,19,361,374,6,8,27,0.5714,10,16,0,6,0,0,4,4,0,,,,,,,,,5786.0,3.0,179.0,0.0,54472.0,121.0
2020-10-06,MWI,455,107,24,324,352,8,6,17,0.4286,3,13,0,8,0,0,5,1,0,,,,,,,,,5794.0,8.0,180.0,1.0,54566.0,94.0
2020-10-07,MWI,450,109,30,311,362,5,1,23,0.1667,1,21,2,3,0,0,1,0,0,,,,,,,,,5796.0,2.0,180.0,0.0,54727.0,161.0
2020-10-08,MWI,468,115,25,328,360,13,2,25,0.1333,4,20,1,12,0,0,2,0,0,,,,,,,,,5803.0,7.0,180.0,0.0,55488.0,761.0
2020-10-09,MWI,351,100,22,229,250,13,2,29,0.1333,4,24,2,11,0,0,0,2,0,,,,,,,,,5809.0,6.0,180.0,0.0,,
2020-10-10,MWI,319,67,27,225,233,15,6,16,0.2857,4,12,0,15,0,0,3,3,0,,,,,,,,,5813.0,4.0,180.0,0.0,56034.0,
2020-10-11,MWI,299,63,24,212,219,8,4,23,0.3333,3,19,0,8,0,2,2,0,0,,,,,,,,,5821.0,8.0,180.0,0.0,56135.0,101.0
2020-10-12,MWI,361,95,27,239,274,19,2,29,0.0952,13,14,0,19,0,0,1,1,0,,,,,,,,,5821.0,0.0,180.0,0.0,,
2020-10-13,MWI,477,122,22,333,353,18,9,33,0.3333,4,24,0,18,0,0,8,0,1,,,,,,,,,5824.0,3.0,180.0,0.0,,
