datetime,iso,local_languages,info_tweets,info_tweets_T,info_tweets_RE,info_tweets_RT,info_tweets_local,info_fact_reliable,info_fact_unreliable,info_fact_unknown,info_fact_unreliable_fraction,info_fact_shadow,info_fact_missing,info_fact_science,info_fact_msm,info_fact_satire,info_fact_clickbait,info_fact_political,info_fact_fake,info_fact_conspiracy,info_fact_reliable_local,info_fact_unreliable_local,info_fact_unknown_local,info_fact_reliable_RT,info_fact_unreliable_RT,info_fact_reliable_RE,info_fact_unreliable_RE,info_exposure_fact_reliable,info_exposure_fact_unreliable,info_exposure_fact_unknown,info_exposure_fact_reliable_local,info_exposure_fact_unreliable_local,info_exposure_fact_unknown_local,info_bot_verified,info_bot_unverified,info_human_verified,info_human_unverified,info_sentiment,info_vad_V,info_vad_A,info_vad_D,info_big_5_O,info_big_5_C,info_big_5_E,info_big_5_A,info_big_5_N,info_risk_index,info_risk_index_local,info_dyn_iri_RT,info_dyn_iri_RE,info_dyn_iri,eco_close_pct,epi_confirmed,epi_confirmed_perM,epi_confirmed_new,epi_confirmed_new_perM,epi_dead,epi_dead_perM,epi_dead_new,epi_dead_new_perM,epi_tests,epi_tests_perK,epi_tests_new,epi_tests_new_perK,stats_pop_tot,stats_hosp_beds_perK
2020-01-22,GIN,fr,99,38,2,59,9,11,28,11,0.7179,4,7,0,11,0,0,27,1,0,0,0,4,8,1,0,0,73012,15365,37118,0,0,3601,0,55,1,43,-0.1239,4.8038,4.9379,4.2415,,,-0.0365,0.0333,0.0740,0.1739,,0.1111,,0.1111,,,,,,,,,,,,,,,
2020-01-23,GIN,fr,150,32,5,113,40,8,20,15,0.7143,7,8,0,8,0,0,20,0,0,0,0,8,8,0,0,0,19439,815,16447,0,0,10794,0,82,1,67,-0.0009,5.7201,5.4536,4.4425,,,-0.0240,0.0333,0.0742,0.0402,,0.0000,,0.0000,,,,,,,,,,,,,,,
2020-01-24,GIN,fr,353,96,3,254,127,22,26,32,0.5417,9,21,0,22,0,0,26,0,0,7,1,18,20,1,0,0,77295,1638,59750,12036,652,41410,0,152,0,201,0.1077,5.9371,5.5903,4.5086,,0.0476,-0.0257,0.0333,0.0728,0.0208,0.0514,0.0476,,0.0476,,,,,,,,,,,,,,,
2020-01-25,GIN,fr,536,70,4,462,201,37,9,31,0.1957,7,21,1,36,0,0,8,1,0,21,1,17,32,2,0,0,50122,37085,233372,19770,2769,139390,0,190,1,345,-0.1340,5.5220,5.3657,4.2578,-0.0188,-0.0347,-0.0255,-0.0017,0.0536,0.4253,0.1229,0.0588,,0.0588,,,,,,,,,,,,,,,
2020-01-26,GIN,fr,528,77,10,441,88,23,24,46,0.5106,13,27,0,23,0,0,22,1,1,6,0,11,18,5,1,0,182851,18834,117143,38155,0,38449,0,275,0,253,-0.0656,5.2680,5.1499,4.2690,0.0181,-0.0356,-0.0391,0.0175,0.0649,0.0934,0.0000,0.2174,0.0000,0.2083,,,,,,,,,,,,,,,
2020-01-27,GIN,fr,347,72,5,270,81,26,21,44,0.4468,11,33,0,26,0,0,21,0,0,0,1,21,23,4,0,0,74221,16240,83856,0,131,19632,0,152,0,195,-0.2185,5.0765,5.0561,4.4596,-0.0596,-0.0574,-0.0367,-0.0003,0.0647,0.1795,1.0000,0.1481,,0.1481,,,,,,,,,,,,,,,
2020-01-28,GIN,fr,297,76,8,213,79,19,28,47,0.5957,9,35,0,19,0,1,25,2,0,5,2,18,15,7,0,0,17566,9028,138576,6638,4853,35873,0,124,0,173,-0.0697,5.3937,5.4188,4.0969,-0.0442,-0.0494,-0.0141,0.0058,0.0479,0.3395,0.4223,0.3182,,0.3182,,,,,,,,,,,,,,,
2020-01-29,GIN,fr,292,93,8,191,76,18,26,34,0.5909,7,27,0,18,0,1,25,0,0,9,1,21,17,3,1,0,28417,11590,72481,19823,376,59597,1,147,0,144,-0.0780,5.1846,5.1461,4.3635,-0.0544,-0.0614,-0.0321,0.0024,0.0678,0.2897,0.0186,0.1500,0.0000,0.1429,,,,,,,,,,,,,,,
2020-01-30,GIN,fr,503,117,9,377,64,11,37,61,0.7708,13,33,0,11,0,0,37,0,0,1,1,15,8,6,0,0,8867,4124,83481,43,130,24197,0,217,0,286,-0.0457,5.2847,5.2519,4.2059,-0.0780,-0.0696,-0.0313,0.0106,0.0650,0.3175,0.7514,0.4286,,0.4286,,,,,,,,,,,,,,,
2020-01-31,GIN,fr,447,95,12,340,54,19,26,49,0.5778,9,34,1,18,0,1,24,0,1,2,0,18,12,5,1,0,23873,5673,74141,1642,0,16443,1,181,0,265,-0.0455,5.1661,5.2570,4.3131,-0.0723,-0.0327,-0.0376,0.0019,0.0637,0.1920,0.0000,0.2941,0.0000,0.2778,,,,,,,,,,,,,,,
2020-02-01,GIN,fr,226,55,9,162,46,15,18,21,0.5455,8,12,0,15,1,0,16,1,0,2,1,5,11,3,0,0,72771,1401,18353,1223,498,5784,1,77,0,148,-0.0979,5.3367,5.3896,4.3309,-0.0063,-0.0377,-0.0430,0.0080,0.0726,0.0189,0.2894,0.2143,,0.2143,,,,,,,,,,,,,,,
2020-02-02,GIN,fr,259,66,22,171,74,9,17,32,0.6538,6,7,0,9,0,0,16,1,0,1,0,2,5,2,1,0,9695,17006,65645,780,0,588,0,88,0,171,-0.0976,5.2672,5.2694,4.2453,0.0487,0.0133,-0.0343,0.0021,0.0695,0.6369,0.0000,0.2857,0.0000,0.2500,,,,,,,,,,,,,,,
2020-02-03,GIN,fr,188,66,6,116,61,6,28,21,0.8235,2,18,0,6,0,1,27,0,0,1,1,15,6,3,0,0,8451,12742,59322,372,92,52668,0,93,0,95,-0.0689,5.0940,5.1501,4.3042,-0.0402,-0.0495,-0.0406,0.0072,0.0697,0.6012,0.1983,0.3333,,0.3333,,,,,,,,,,,,,,,
2020-02-04,GIN,fr,242,94,5,143,134,2,23,68,0.9200,9,56,0,2,0,0,23,0,0,1,0,48,1,1,0,0,2629,33416,277172,2584,0,258843,0,116,0,126,-0.1831,5.1289,5.1200,4.5130,,,-0.0524,,0.0749,0.9271,0.0000,0.5000,,0.5000,,,,,,,,,,,,,,,
2020-02-05,GIN,fr,197,67,7,123,79,5,28,49,0.8485,18,30,0,5,0,0,27,1,0,1,1,33,5,1,0,0,4734,1716,95581,22,518,30387,1,95,0,101,0.0035,5.3629,5.3411,4.3156,-0.0091,0.0358,-0.0375,0.0021,0.0752,0.2660,0.9593,0.1667,,0.1667,,,,,,,,,,,,,,,
2020-02-06,GIN,fr,166,60,5,101,68,3,33,37,0.9167,20,17,0,3,0,0,33,0,0,0,0,24,2,2,0,0,517,66215,158571,0,0,117195,0,83,0,83,-0.1863,5.2561,5.1853,4.3699,,,-0.0499,0.0333,0.0743,0.9923,,0.5000,,0.5000,,,,,,,,,,,,,,,
2020-02-07,GIN,fr,214,69,7,138,53,37,30,23,0.4478,8,15,0,37,0,0,30,0,0,5,1,8,35,1,0,0,145820,1823,37264,29131,518,15810,0,107,0,107,-0.1579,5.0171,5.0665,4.4415,,0.0486,-0.0504,0.0333,0.0781,0.0123,0.0175,0.0278,,0.0278,,,,,,,,,,,,,,,
2020-02-08,GIN,fr,178,58,6,114,59,46,23,28,0.3333,13,14,0,46,0,0,21,0,2,19,5,9,37,4,1,0,165928,104379,25290,80801,101562,5429,0,89,0,89,-0.0431,5.0408,5.1969,4.2468,-0.0576,-0.0491,-0.0444,-0.0120,0.0760,0.3861,0.5569,0.0976,0.0000,0.0952,,,,,,,,,,,,,,,
2020-02-09,GIN,fr,193,53,6,134,103,32,11,69,0.2558,46,18,0,32,0,0,11,0,0,23,0,51,25,0,0,0,104439,539,125463,80872,0,116361,0,94,0,99,-0.1586,5.1207,5.1632,4.3696,,,-0.0517,-0.0487,0.0874,0.0051,0.0000,0.0000,,0.0000,,,,,,,,,,,,,,,
2020-02-10,GIN,fr,163,61,2,100,67,6,24,49,0.8000,30,13,0,6,0,1,22,1,0,3,1,35,4,3,0,0,57980,34556,58857,57793,521,51408,0,88,0,75,-0.1881,5.1415,5.1383,4.3997,-0.0471,-0.0155,-0.0330,-0.0082,0.0689,0.3734,0.0089,0.4286,,0.4286,,,,,,,,,,,,,,,
2020-02-11,GIN,fr,175,53,6,116,58,14,19,21,0.5758,8,12,0,14,0,0,19,0,0,2,0,10,12,0,0,0,15181,924,25066,4648,0,17441,0,76,0,99,0.0315,5.0795,5.1742,4.2668,-0.0443,-0.0470,-0.0478,-0.0272,0.0779,0.0574,0.0000,0.0000,,0.0000,,,,,,,,,,,,,,,
2020-02-12,GIN,fr,136,58,2,76,38,6,25,14,0.8065,3,9,1,5,0,0,25,0,0,2,1,7,1,1,0,0,5938,1198,35143,5358,48,8919,0,71,0,65,-0.0577,5.3396,5.3189,4.4024,-0.0407,-0.0000,-0.0315,0.0107,0.0748,0.1679,0.0089,0.5000,,0.5000,,,,,,,,,,,,,,,
2020-02-13,GIN,fr,124,53,7,64,30,5,29,10,0.8529,2,8,0,5,0,1,28,0,0,1,2,5,4,4,0,0,3949,100079,5631,212,98236,1366,0,71,1,52,-0.1151,5.1400,5.1562,4.2778,-0.0419,-0.0488,-0.0462,-0.0461,0.0808,0.9620,0.9978,0.5000,,0.5000,,,,,,,,,,,,,,,
2020-02-14,GIN,fr,135,63,2,70,26,6,38,19,0.8636,4,13,0,6,0,3,35,0,0,0,1,5,5,5,0,0,10513,8061,17403,0,212,4655,0,75,0,60,-0.2263,5.2043,5.2082,4.5288,-0.0419,-0.0501,-0.0401,-0.0149,0.0636,0.4340,1.0000,0.5000,,0.5000,,,,,,,,,,,,,,,
2020-02-15,GIN,fr,138,43,2,93,42,11,22,21,0.6667,2,17,0,11,0,0,21,1,0,1,1,11,9,2,1,1,114659,15812,46271,98091,9232,23087,0,73,0,65,-0.0590,5.3942,5.2790,4.3843,0.0079,0.0009,-0.0437,,0.0720,0.1212,0.0860,0.1818,0.5000,0.2308,,,,,,,,,,,,,,,
2020-02-16,GIN,fr,124,28,7,89,28,37,10,11,0.2128,3,8,0,37,0,0,10,0,0,1,1,5,32,0,0,0,33783,470,35729,1026,47,31750,0,51,0,73,-0.0643,5.2227,5.2598,4.4888,-0.0397,0.0535,-0.0301,0.0179,0.0695,0.0137,0.0438,0.0000,,0.0000,,,,,,,,,,,,,,,
2020-02-17,GIN,fr,120,52,4,64,28,9,24,19,0.7273,2,17,0,9,0,1,23,0,0,5,0,12,7,1,0,0,27049,1369,64944,25741,0,49940,0,62,0,58,0.1452,5.1865,5.1397,4.2600,,,-0.0487,,0.0832,0.0482,0.0000,0.1250,,0.1250,,,,,,,,,,,,,,,
2020-02-18,GIN,fr,123,41,1,81,31,2,24,15,0.9231,3,11,0,2,0,0,22,2,0,0,0,8,1,2,0,0,293,1616,64847,0,0,61808,0,56,0,67,-0.0872,5.4078,5.3244,4.3719,,,0.0204,0.0241,0.0484,0.8465,,0.6667,,0.6667,,,,,,,,,,,,,,,
2020-02-19,GIN,fr,150,48,5,97,9,5,24,20,0.8276,4,15,0,5,0,0,24,0,0,0,0,3,3,0,0,0,1029,1080,21920,0,0,3655,0,84,0,66,0.0054,5.1523,5.2019,4.3196,-0.0407,-0.0027,-0.0049,0.0333,0.0636,0.5121,,0.0000,,0.0000,,,,,,,,,,,,,,,
2020-02-20,GIN,fr,90,36,0,54,12,4,16,6,0.8000,0,5,0,4,0,0,15,1,0,0,0,2,3,1,0,0,1242,1119,2121,0,0,90,0,53,0,37,-0.1895,5.1232,5.1645,4.3371,,,-0.0436,-0.0070,0.0745,0.4740,,0.2500,,0.2500,,,,,,,,,,,,,,,
2020-02-21,GIN,fr,151,49,0,102,7,8,29,22,0.7838,4,16,0,8,0,0,29,0,0,0,0,3,5,1,0,0,29454,8509,71960,0,0,3896,0,69,0,82,0.0615,5.0117,5.1236,4.3940,0.0132,-0.0121,-0.0334,0.0218,0.0785,0.2241,,0.1667,,0.1667,,,,,,,,,,,,,,,
2020-02-22,GIN,fr,169,58,5,106,33,26,19,31,0.4222,4,21,1,25,0,0,17,0,2,3,0,12,23,3,0,0,28929,22467,203937,1611,0,156617,0,73,0,96,0.0399,5.2227,5.3982,4.0850,-0.0184,-0.0156,-0.0199,0.0082,0.0688,0.4371,0.0000,0.1154,,0.1154,,,,,,,,,,,,,,,
2020-02-23,GIN,fr,210,54,9,147,46,9,20,22,0.6897,6,12,0,9,0,0,18,0,2,0,1,6,6,3,0,0,22912,15347,71218,0,78,4313,0,77,0,133,0.1238,5.3351,5.3870,4.3200,-0.0134,-0.0491,-0.0152,-0.0030,0.0696,0.4011,1.0000,0.3333,,0.3333,,,,,,,,,,,,,,,
2020-02-24,GIN,fr,352,87,20,245,67,26,42,41,0.6176,13,21,0,26,0,0,39,1,2,6,1,13,24,3,0,0,47470,18078,48282,11051,524,10050,0,142,0,210,0.0014,5.4875,5.4235,4.2954,-0.0012,0.0171,-0.0284,-0.0058,0.0602,0.2758,0.0453,0.1111,,0.1111,,,,,,,,,,,,,,,
2020-02-25,GIN,fr,397,104,17,276,90,17,46,41,0.7302,9,28,0,17,0,1,42,3,0,2,1,13,13,6,0,1,14085,11265,32170,629,524,12392,0,175,0,222,0.0391,5.3474,5.3695,4.2823,-0.0369,-0.0537,-0.0290,-0.0236,0.0685,0.4444,0.4545,0.3158,1.0000,0.3500,,,,,,,,,,,,,,,
2020-02-26,GIN,fr,474,99,15,360,115,13,14,44,0.5185,15,26,1,12,0,0,13,0,1,1,0,11,10,1,0,0,29706,22529,66948,2581,0,16811,0,178,0,296,-0.0038,5.3014,5.3306,4.3073,-0.0192,-0.0282,-0.0349,-0.0030,0.0700,0.4313,0.0000,0.0909,,0.0909,,,,,,,,,,,,,,,
2020-02-27,GIN,fr,515,96,18,401,114,22,51,45,0.6986,15,29,1,21,4,1,41,4,1,1,13,21,16,23,2,0,64761,28398,61854,9399,10074,31476,2,245,1,267,0.0110,5.3661,5.3315,4.2905,-0.0384,-0.0222,-0.0402,0.0030,0.0725,0.3048,0.5173,0.5897,0.0000,0.5610,,,,,,,,,,,,,,,
2020-02-28,GIN,fr,586,110,19,457,126,11,35,46,0.7609,21,24,2,9,0,1,30,4,0,1,1,12,9,13,1,0,47487,35291,93571,9399,210,28266,0,221,2,363,0.1174,5.4202,5.3402,4.3248,-0.0050,0.0129,-0.0473,0.0052,0.0754,0.4263,0.0219,0.5909,0.0000,0.5652,,,,,,,,,,,,,,,
2020-02-29,GIN,fr,523,86,23,414,133,23,23,58,0.5000,38,14,0,23,0,0,21,1,1,3,1,30,16,6,1,1,43644,22844,109284,3873,525,54673,0,217,2,304,-0.0682,5.3597,5.3399,4.2642,-0.1169,-0.0233,-0.0439,-0.0167,0.0736,0.3436,0.1194,0.2727,0.5000,0.2917,,,,,,,,,,,,,,,
2020-03-01,GIN,fr,500,110,18,372,104,13,33,43,0.7174,17,23,0,13,0,3,27,2,1,1,6,10,10,12,0,0,108172,22808,78891,100584,12122,12482,0,196,0,304,-0.0231,5.3892,5.3246,4.2415,-0.0225,-0.0334,-0.0406,0.0043,0.0703,0.1741,0.1076,0.5455,,0.5455,,,,,,,,,,,,,,,
2020-03-02,GIN,fr,735,182,21,532,242,28,42,113,0.6000,60,51,1,27,0,0,39,3,0,3,1,47,20,5,2,0,76125,67950,369327,10501,529,261610,0,301,0,434,-0.0569,5.3742,5.3169,4.3022,-0.0239,-0.0166,-0.0413,-0.0020,0.0698,0.4716,0.0480,0.2000,0.0000,0.1852,,,,,,,,,,,,,,,
2020-03-03,GIN,fr,675,151,15,509,263,9,40,85,0.8163,31,48,0,9,0,1,37,1,1,1,3,39,7,8,0,0,5760,46334,161029,529,2745,67361,1,315,0,359,-0.0907,5.4085,5.3673,4.3516,-0.0667,-0.0455,-0.0486,-0.0284,0.0736,0.8894,0.8384,0.5333,,0.5333,,,,,,,,,,,,,,,
2020-03-04,GIN,fr,604,134,19,451,205,14,30,70,0.6818,19,51,0,14,0,0,29,0,1,2,3,38,9,5,0,0,7190,12419,313718,3750,3587,250683,0,291,2,311,-0.0189,5.4422,5.4070,4.2635,-0.0557,-0.0515,-0.0485,-0.0259,0.0698,0.6333,0.4889,0.3571,,0.3571,,,,,,,,,,,,,,,
2020-03-05,GIN,fr,515,131,22,362,159,13,35,64,0.7292,25,37,0,13,0,0,34,0,1,3,0,22,7,2,0,0,25995,14994,135084,2007,0,49571,1,194,0,320,-0.1170,5.2412,5.2875,4.3867,-0.0386,0.0024,-0.0427,-0.0229,0.0756,0.3658,0.0000,0.2222,,0.2222,,,,,,,,,,,,,,,
2020-03-06,GIN,fr,533,149,11,373,181,23,37,92,0.6167,35,54,0,23,0,1,33,2,1,2,0,41,14,4,1,0,47684,11447,194474,2611,0,97039,3,198,0,332,-0.1020,5.2980,5.3018,4.3803,-0.0370,-0.0271,-0.0334,-0.0135,0.0687,0.1936,0.0000,0.2222,0.0000,0.2105,,,,,,,,,,,,,,,
2020-03-07,GIN,fr,515,102,10,403,162,19,32,58,0.6275,12,45,0,19,0,7,21,2,2,0,3,28,16,13,0,0,39025,34435,141814,0,2087,102608,0,198,1,316,-0.1019,5.1320,5.2276,4.4225,-0.0486,-0.0291,-0.0504,-0.0041,0.0806,0.4688,1.0000,0.4483,,0.4483,,,,,,,,,,,,,,,
2020-03-08,GIN,fr,436,85,8,343,107,17,22,37,0.5641,12,24,0,17,0,1,20,0,1,1,1,14,12,4,0,0,16162,2043,61773,154,72,30531,0,211,0,225,-0.0905,5.3936,5.3333,4.2966,-0.0328,-0.0104,-0.0462,-0.0022,0.0756,0.1122,0.3186,0.2500,,0.2500,,,,,,,,,,,,,,,
2020-03-09,GIN,fr,524,124,16,384,101,14,38,47,0.7308,19,28,0,14,0,1,36,1,0,2,0,14,9,8,0,0,61782,70152,133827,299,0,17874,3,252,0,269,-0.0725,5.3909,5.3691,4.2960,-0.0357,-0.0121,-0.0422,-0.0113,0.0687,0.5317,0.0000,0.4706,,0.4706,,,,,,,,,,,,,,,
2020-03-10,GIN,fr,541,117,10,414,122,13,37,51,0.7400,17,32,0,13,0,0,35,2,0,2,4,12,10,4,0,0,29491,56598,132831,2746,20682,27541,0,201,1,339,-0.0008,5.4722,5.3987,4.2421,-0.0331,-0.0152,-0.0398,-0.0116,0.0663,0.6574,0.8828,0.2857,,0.2857,,,,,,,,,,,,,,,
2020-03-11,GIN,fr,557,116,15,426,125,17,28,57,0.6222,22,32,0,17,0,8,20,0,0,5,4,8,14,14,0,0,55825,30226,132061,15826,2507,38103,2,246,0,309,0.0015,5.3385,5.3295,4.3421,-0.0411,-0.0184,-0.0404,-0.0091,0.0737,0.3513,0.1367,0.5000,,0.5000,,,,,,,,,,,,,,,
2020-03-12,GIN,fr,577,111,12,454,146,14,24,54,0.6316,24,29,1,13,0,1,22,1,0,1,4,19,11,7,0,0,96280,77737,198009,12602,17859,131281,2,259,0,316,-0.0220,5.4009,5.3750,4.3525,-0.0599,-0.0481,-0.0496,-0.0138,0.0733,0.4467,0.5863,0.3889,,0.3889,,,,,,,,,,,,,,,
2020-03-13,GIN,fr,682,128,30,524,190,24,27,70,0.5294,24,44,3,21,0,0,22,5,0,3,5,29,20,14,0,1,30877,113052,184652,9974,2922,92189,1,300,0,381,0.0914,5.5321,5.4638,4.2825,-0.0022,-0.0170,-0.0339,0.0178,0.0669,0.7855,0.2266,0.4118,1.0000,0.4286,,,,,,,,,,,,,,,
2020-03-14,GIN,fr,624,106,21,497,198,17,11,42,0.3929,20,21,5,12,0,0,10,1,0,3,1,17,10,6,2,0,49450,59285,73430,2001,598,32559,0,242,1,381,0.0859,5.6197,5.5457,4.2909,-0.0379,-0.0362,-0.0442,-0.0231,0.0705,0.5452,0.2301,0.3750,0.0000,0.3333,,1,0.0760,1,0.0760,0,0.0000,0,0.0000,,,,,13132792,0.3000
2020-03-15,GIN,fr,569,79,10,480,109,13,6,36,0.3158,5,26,0,13,0,1,2,3,0,1,0,3,7,1,1,0,39973,124985,44089,221,0,1025,0,230,0,339,0.0971,5.5364,5.3852,4.2763,-0.0243,-0.0393,-0.0463,-0.0177,0.0738,0.7577,0.0000,0.1250,0.0000,0.1111,,1,0.0760,0,0.0000,0,0.0000,0,0.0000,,,,,13132792,0.3000
2020-03-16,GIN,fr,637,133,18,486,208,20,28,61,0.5833,14,43,0,20,0,0,27,1,0,6,9,24,19,13,0,0,32817,124483,138294,19096,63293,56143,0,258,0,379,0.1526,5.5895,5.4568,4.2376,-0.0520,0.0198,-0.0423,0.0009,0.0710,0.7914,0.7682,0.4062,,0.4062,,,,,,,,,,,,,,,
2020-03-17,GIN,fr,601,109,22,470,168,23,19,55,0.4524,17,36,0,23,0,0,18,0,1,4,1,25,19,2,0,0,80851,4950,187503,4543,721,130999,0,210,0,391,-0.0517,5.5142,5.4456,4.3312,-0.0486,-0.0184,-0.0467,-0.0047,0.0777,0.0577,0.1370,0.0952,,0.0952,,1,0.0760,0,0.0000,0,0.0000,0,0.0000,,,,,13132792,0.3000
2020-03-18,GIN,fr,662,116,20,526,200,20,15,80,0.4286,17,61,0,20,0,0,15,0,0,5,2,31,15,3,2,0,58275,35164,182416,12614,2349,51000,2,272,3,385,0.0422,5.5046,5.4182,4.3175,-0.0583,-0.0510,-0.0329,-0.0173,0.0686,0.3763,0.1570,0.1667,0.0000,0.1500,,1,0.0760,0,0.0000,0,0.0000,0,0.0000,,,,,13132792,0.3000
2020-03-19,GIN,fr,631,104,23,504,245,16,21,57,0.5676,14,42,0,16,0,0,14,6,1,4,0,34,9,7,0,1,26419,132936,172578,3537,0,112247,1,264,2,364,-0.0322,5.4243,5.3849,4.3349,-0.0690,-0.0473,-0.0436,0.0018,0.0737,0.8342,0.0000,0.4375,1.0000,0.4706,,1,0.0760,0,0.0000,0,0.0000,0,0.0000,,,,,13132792,0.3000
2020-03-20,GIN,fr,606,109,21,476,172,17,38,44,0.6909,8,35,1,16,0,0,33,5,0,3,3,13,10,15,0,1,20789,151979,140713,1116,3002,49781,0,280,0,326,0.0560,5.4846,5.4058,4.3657,-0.0730,-0.0549,-0.0414,-0.0067,0.0748,0.8797,0.7290,0.6000,1.0000,0.6154,,1,0.0760,0,0.0000,0,0.0000,0,0.0000,,,,,13132792,0.3000
2020-03-21,GIN,fr,523,79,15,429,130,15,11,56,0.4231,14,42,0,15,0,0,9,2,0,4,1,15,10,5,0,0,30459,93758,137274,553,266,63172,2,221,0,300,0.0389,5.4840,5.3919,4.2370,-0.0243,-0.0201,-0.0397,0.0096,0.0714,0.7548,0.3248,0.3333,,0.3333,,2,0.1520,1,0.0760,0,0.0000,0,0.0000,,,,,13132792,0.3000
2020-03-22,GIN,fr,618,105,23,490,128,19,13,47,0.4062,4,42,0,19,0,0,5,8,0,4,0,7,13,1,0,0,28075,292807,221500,1512,0,10566,0,228,6,384,0.0677,5.5033,5.3854,4.2556,-0.0497,-0.0555,-0.0414,-0.0047,0.0749,0.9125,0.0000,0.0714,,0.0714,,2,0.1520,0,0.0000,0,0.0000,0,0.0000,,,,,13132792,0.3000
2020-03-23,GIN,fr,562,104,15,443,132,15,27,40,0.6429,7,30,1,14,0,0,24,3,0,1,0,12,13,6,0,0,9299,9974,115131,99,0,78768,1,239,2,320,0.0189,5.4957,5.3916,4.2742,0.0004,-0.0284,-0.0440,0.0084,0.0691,0.5175,0.0000,0.3158,,0.3158,,2,0.1520,0,0.0000,0,0.0000,0,0.0000,,,,,13132792,0.3000
2020-03-24,GIN,fr,658,150,20,488,219,15,27,71,0.6429,16,54,0,15,1,1,20,4,1,3,1,26,11,5,0,0,11292,107968,109424,3268,9905,42814,0,230,0,428,0.0036,5.4674,5.3924,4.2634,-0.0470,-0.0547,-0.0434,-0.0014,0.0753,0.9053,0.7519,0.3125,,0.3125,,2,0.1520,0,0.0000,0,0.0000,0,0.0000,,,,,13132792,0.3000
2020-03-25,GIN,fr,566,129,9,428,158,30,33,65,0.5238,20,44,1,29,0,2,27,4,0,3,0,22,21,7,0,0,58656,92382,200481,15452,0,70986,0,235,1,330,0.0131,5.4715,5.3991,4.2813,-0.0026,0.0072,-0.0435,0.0040,0.0737,0.6116,0.0000,0.2500,,0.2500,,4,0.3050,2,0.1520,0,0.0000,0,0.0000,,,,,13132792,0.3000
2020-03-26,GIN,fr,591,145,22,424,203,22,27,82,0.5510,20,60,1,21,0,1,21,3,2,1,0,46,17,8,1,0,86918,157004,204939,38,0,91905,2,247,3,339,-0.0114,5.4381,5.3687,4.2533,-0.0378,-0.0425,-0.0384,0.0048,0.0689,0.6437,0.0000,0.3200,0.0000,0.3077,,4,0.3050,0,0.0000,0,0.0000,0,0.0000,,,,,13132792,0.3000
2020-03-27,GIN,fr,659,155,29,475,248,18,32,80,0.6400,19,58,1,17,0,0,31,1,0,4,3,37,16,8,0,0,67029,15483,205880,12533,10135,99081,0,284,1,374,0.0605,5.5753,5.5017,4.3176,-0.0268,-0.0103,-0.0379,0.0187,0.0712,0.1876,0.4471,0.3333,,0.3333,,5,0.3810,1,0.0760,0,0.0000,0,0.0000,,,,,13132792,0.3000
2020-03-28,GIN,fr,695,149,21,525,261,15,12,91,0.4444,9,81,0,15,0,0,6,5,1,2,0,51,13,3,0,0,40005,164933,325121,12647,0,209342,0,273,0,422,0.0046,5.5472,5.3845,4.2952,-0.0093,-0.0373,-0.0440,-0.0061,0.0749,0.8048,0.0000,0.1875,,0.1875,,5,0.3810,0,0.0000,0,0.0000,0,0.0000,,,,,13132792,0.3000
2020-03-29,GIN,fr,719,146,15,558,270,24,16,88,0.4000,14,74,2,22,0,2,10,4,0,3,0,42,16,4,3,0,30725,175308,267426,4073,0,139421,0,270,2,447,-0.0035,5.4538,5.3622,4.2969,-0.0016,-0.0120,-0.0413,0.0138,0.0746,0.8509,0.0000,0.2000,0.0000,0.1739,,8,0.6090,3,0.2280,0,0.0000,0,0.0000,,,,,13132792,0.3000
2020-03-30,GIN,fr,694,193,18,483,300,15,27,97,0.6429,13,83,1,14,0,0,21,4,2,2,0,62,10,2,1,0,26831,185478,544163,2740,0,434645,1,308,0,385,0.0031,5.4754,5.3987,4.2728,-0.0279,-0.0123,-0.0477,0.0025,0.0743,0.8736,0.0000,0.1667,0.0000,0.1538,,8,0.6090,0,0.0000,0,0.0000,0,0.0000,,,,,13132792,0.3000
2020-03-31,GIN,fr,750,177,29,544,317,18,20,97,0.5263,16,78,0,18,0,0,16,4,0,1,0,48,12,5,0,0,47088,147474,374583,247,0,235537,2,313,2,433,0.0407,5.5048,5.4433,4.2546,-0.0323,0.0023,-0.0451,-0.0068,0.0746,0.7580,0.0000,0.2941,,0.2941,,16,1.2180,8,0.6090,0,0.0000,0,0.0000,,,,,13132792,0.3000
2020-04-01,GIN,fr,674,150,25,499,225,15,27,75,0.6429,12,60,0,15,0,2,20,4,1,4,0,34,7,10,0,0,24026,134548,338467,1788,0,217997,1,292,0,381,0.0103,5.3166,5.2871,4.2952,-0.0358,-0.0106,-0.0370,0.0022,0.0712,0.8485,0.0000,0.5882,,0.5882,,16,1.2180,0,0.0000,0,0.0000,0,0.0000,,,,,13132792,0.3000
2020-04-02,GIN,fr,660,166,20,474,265,16,27,84,0.6279,7,73,0,16,0,1,23,2,1,0,2,43,11,9,0,0,11805,79837,198473,0,1575,124475,2,242,2,414,-0.0660,5.3494,5.3676,4.3130,-0.0167,-0.0076,-0.0442,0.0265,0.0729,0.8712,1.0000,0.4500,,0.4500,,30,2.2840,14,1.0660,0,0.0000,0,0.0000,,,,,13132792,0.3000
2020-04-03,GIN,fr,776,216,16,544,368,20,47,114,0.7015,27,83,0,20,0,1,42,4,0,2,3,62,12,12,0,0,86643,109955,421965,374,9361,345077,1,309,1,465,-0.1115,5.3592,5.3149,4.3505,-0.0434,0.0017,-0.0374,0.0027,0.0709,0.5593,0.9616,0.5000,,0.5000,,52,3.9600,22,1.6750,0,0.0000,0,0.0000,,,,,13132792,0.3000
2020-04-04,GIN,fr,641,148,25,468,292,16,15,93,0.4839,18,69,0,16,0,1,12,1,1,5,0,51,10,1,2,0,24085,57065,437635,7526,0,270587,3,302,0,336,-0.0565,5.3575,5.3036,4.3201,-0.0333,-0.0256,-0.0475,0.0018,0.0743,0.7032,0.0000,0.0909,0.0000,0.0769,,52,3.9600,0,0.0000,0,0.0000,0,0.0000,,,,,13132792,0.3000
2020-04-05,GIN,fr,609,148,19,442,217,26,31,97,0.5439,16,80,0,26,0,6,17,8,0,3,0,46,17,10,0,0,56681,182506,200954,1350,0,110218,1,244,0,364,-0.0137,5.4866,5.3843,4.3241,-0.0328,-0.0452,-0.0423,0.0014,0.0734,0.7630,0.0000,0.3704,,0.3704,,111,8.4520,59,4.4930,0,0.0000,0,0.0000,,,,,13132792,0.3000
2020-04-06,GIN,fr,680,193,23,464,267,17,34,119,0.6667,17,101,0,17,0,3,26,4,1,1,0,67,4,6,0,0,74445,96220,318242,3594,0,192962,5,295,0,380,0.0223,5.4309,5.3624,4.3238,0.0013,0.0028,-0.0395,0.0118,0.0743,0.5638,0.0000,0.6000,,0.6000,,121,9.2140,10,0.7610,0,0.0000,0,0.0000,,,,,13132792,0.3000
2020-04-07,GIN,fr,662,181,22,459,260,29,37,118,0.5606,16,99,0,29,0,0,35,2,0,2,0,67,24,4,1,0,103028,121617,625639,6787,0,457718,5,269,2,386,0.0194,5.3511,5.4038,4.2365,-0.0235,-0.0130,-0.0457,-0.0128,0.0721,0.5414,0.0000,0.1429,0.0000,0.1379,,128,9.7470,7,0.5330,0,0.0000,0,0.0000,,,,,13132792,0.3000
2020-04-08,GIN,fr,606,193,20,393,231,21,45,98,0.6818,12,84,0,21,0,0,44,0,1,0,0,54,14,5,1,0,24588,22410,525852,0,0,447437,0,253,6,347,0.0262,5.3727,5.3237,4.3514,-0.0034,-0.0259,-0.0445,-0.0073,0.0768,0.4768,,0.2632,0.0000,0.2500,,144,10.9650,16,1.2180,0,0.0000,0,0.0000,,,,,13132792,0.3000
2020-04-09,GIN,fr,637,174,18,445,257,28,32,131,0.5333,18,111,2,26,0,3,29,0,0,2,0,73,21,7,0,0,90795,35305,449748,7495,0,349699,0,276,3,358,0.0206,5.5260,5.4674,4.2933,0.0172,-0.0070,-0.0323,0.0157,0.0702,0.2800,0.0000,0.2500,,0.2500,,164,12.4880,20,1.5230,0,0.0000,0,0.0000,,,,,13132792,0.3000
2020-04-10,GIN,fr,618,163,17,438,275,20,43,86,0.6825,5,79,0,20,0,2,38,2,1,3,0,46,18,2,0,0,29805,98024,456444,11065,0,387151,0,236,0,382,0.0546,5.3705,5.3235,4.2955,-0.0204,-0.0122,-0.0429,-0.0124,0.0662,0.7668,0.0000,0.1000,,0.1000,,194,14.7720,30,2.2840,0,0.0000,0,0.0000,,,,,13132792,0.3000
2020-04-11,GIN,fr,597,131,18,448,256,14,10,111,0.4167,14,95,0,14,0,1,6,3,0,3,0,66,7,3,0,0,29171,43940,450642,2957,0,260708,2,275,0,320,-0.0458,5.3918,5.3134,4.3543,-0.0417,-0.0227,-0.0366,-0.0012,0.0721,0.6010,0.0000,0.3000,,0.3000,,212,16.1430,18,1.3710,0,0.0000,0,0.0000,,,,,13132792,0.3000
2020-04-12,GIN,fr,507,140,9,358,161,24,16,81,0.4000,12,68,0,24,0,1,15,0,0,2,0,33,14,3,0,0,35672,1615,312019,2669,0,226944,0,199,0,308,-0.1030,5.4299,5.3515,4.2823,-0.0044,0.0068,-0.0433,0.0062,0.0724,0.0433,0.0000,0.1765,,0.1765,,250,19.0360,38,2.8940,0,0.0000,0,0.0000,,,,,13132792,0.3000
2020-04-13,GIN,fr,660,191,20,449,308,21,29,129,0.5800,19,110,0,21,0,0,27,2,0,5,0,86,13,3,1,0,33312,55338,673340,11997,0,557035,1,253,1,405,0.0114,5.6052,5.4737,4.2563,0.0057,-0.0057,-0.0389,0.0091,0.0710,0.6242,0.0000,0.1875,0.0000,0.1765,,250,19.0360,0,0.0000,0,0.0000,0,0.0000,,,,,13132792,0.3000
2020-04-14,GIN,fr,621,175,17,429,269,33,27,113,0.4500,11,99,0,33,0,0,23,4,0,7,0,72,22,4,0,0,58780,179648,388060,6537,0,327631,1,302,1,317,-0.0409,5.3937,5.3243,4.2791,-0.0010,-0.0000,-0.0410,0.0120,0.0750,0.7535,0.0000,0.1538,,0.1538,,319,24.2900,69,5.2540,0,0.0000,0,0.0000,,,,,13132792,0.3000
2020-04-15,GIN,fr,623,176,17,430,253,26,35,109,0.5738,18,90,1,25,0,0,30,4,1,5,0,67,19,7,2,0,36440,174016,575843,2285,0,476914,1,277,1,344,-0.0261,5.4541,5.3964,4.3235,-0.0476,0.0169,-0.0369,0.0073,0.0750,0.8269,0.0000,0.2692,0.0000,0.2500,,363,27.6410,44,3.3500,0,0.0000,0,0.0000,,,,,13132792,0.3000
2020-04-16,GIN,fr,526,154,22,350,206,21,27,91,0.5625,15,74,1,20,0,1,23,3,0,5,0,39,16,7,1,0,54553,115046,306268,9818,0,176930,1,251,1,273,-0.0194,5.4228,5.3700,4.2765,-0.0068,-0.0301,-0.0373,0.0112,0.0707,0.6783,0.0000,0.3043,0.0000,0.2917,,404,30.7630,41,3.1220,1,0.0760,1,0.0760,,,,,13132792,0.3000
2020-04-17,GIN,fr,637,188,28,421,258,21,36,96,0.6316,14,76,0,21,0,1,34,1,0,4,0,47,16,6,1,0,86472,49306,276138,977,0,186555,0,271,0,366,-0.0045,5.4735,5.3909,4.2980,-0.0226,0.0044,-0.0419,0.0034,0.0750,0.3631,0.0000,0.2727,0.0000,0.2609,,438,33.3520,34,2.5890,1,0.0760,0,0.0000,,,,,13132792,0.3000
2020-04-18,GIN,fr,738,191,39,508,299,21,19,117,0.4750,12,103,1,20,0,0,12,5,2,2,0,64,17,7,0,0,35135,224606,499265,1060,0,319818,3,293,0,442,-0.2003,5.2550,5.2935,4.3879,-0.0167,-0.0246,-0.0388,0.0152,0.0696,0.8647,0.0000,0.2917,,0.2917,,477,36.3210,39,2.9700,3,0.2280,2,0.1520,,,,,13132792,0.3000
2020-04-19,GIN,fr,720,158,35,527,346,14,22,109,0.6111,12,93,1,13,0,1,18,3,0,3,0,71,10,4,0,1,15899,109494,543622,2593,0,482168,1,328,0,391,0.0440,5.5484,5.4278,4.3291,-0.0365,-0.0672,-0.0405,-0.0074,0.0685,0.8732,0.0000,0.2857,1.0000,0.3333,,477,36.3210,0,0.0000,3,0.2280,0,0.0000,,,,,13132792,0.3000
2020-04-20,GIN,fr,666,203,21,442,289,19,42,109,0.6885,19,87,1,18,0,3,30,8,1,2,0,63,9,9,3,0,26798,190308,629545,4736,0,499494,0,339,2,325,-0.0707,5.4122,5.3549,4.3013,-0.0116,-0.0334,-0.0381,0.0111,0.0707,0.8766,0.0000,0.5000,0.0000,0.4286,,579,44.0880,102,7.7670,5,0.3810,2,0.1520,,,,,13132792,0.3000
2020-04-21,GIN,fr,731,226,33,472,303,33,40,107,0.5479,33,66,0,33,0,1,31,8,0,6,1,52,21,11,2,0,66476,61165,298402,916,4600,106041,0,318,1,412,-0.0024,5.3846,5.3794,4.2450,-0.0199,-0.0068,-0.0423,0.0161,0.0749,0.4792,0.8339,0.3438,0.0000,0.3235,,622,47.3620,43,3.2740,5,0.3810,0,0.0000,,,,,13132792,0.3000
2020-04-22,GIN,fr,698,205,23,470,307,31,33,126,0.5156,22,99,1,30,0,1,29,2,1,6,3,75,15,9,1,0,99831,88114,551758,12468,2193,378762,0,289,0,409,-0.0813,5.4385,5.3835,4.2501,-0.0219,-0.0228,-0.0428,-0.0219,0.0757,0.4688,0.1496,0.3750,0.0000,0.3600,,688,52.3880,66,5.0260,6,0.4570,1,0.0760,,,,,13132792,0.3000
2020-04-23,GIN,fr,685,206,36,443,324,30,49,132,0.6203,23,101,0,30,0,0,47,1,1,9,2,84,16,11,1,0,233860,78828,1062455,130337,2178,950251,2,306,1,376,-0.0334,5.3542,5.3130,4.2963,-0.0269,-0.0329,-0.0438,-0.0017,0.0699,0.2521,0.0164,0.4074,0.0000,0.3929,,761,57.9470,73,5.5590,6,0.4570,0,0.0000,,,,,13132792,0.3000
2020-04-24,GIN,fr,602,169,33,400,260,25,31,90,0.5536,24,64,0,25,0,0,30,0,1,3,0,47,18,5,1,0,33415,43403,434043,21273,0,257120,2,242,4,354,-0.0715,5.4624,5.3945,4.2853,-0.0319,-0.0131,-0.0397,0.0005,0.0744,0.5650,0.0000,0.2174,0.0000,0.2083,,862,65.6370,101,7.6910,6,0.4570,0,0.0000,,,,,13132792,0.3000
2020-04-25,GIN,fr,675,187,18,470,351,10,30,115,0.7500,29,85,0,10,0,0,28,2,0,2,0,72,7,5,0,1,49332,59241,483259,5387,0,426516,2,286,0,387,-0.0462,5.4525,5.3849,4.2232,-0.0269,-0.0496,-0.0437,0.0120,0.0722,0.5456,0.0000,0.4167,1.0000,0.4615,,954,72.6430,92,7.0050,6,0.4570,0,0.0000,,,,,13132792,0.3000
2020-04-26,GIN,fr,803,233,26,544,427,20,25,134,0.5556,41,90,0,20,0,2,21,2,0,7,0,75,11,4,0,0,47612,79992,738413,3240,0,366227,1,383,0,419,0.0462,5.4105,5.3978,4.2397,-0.0302,-0.0187,-0.0410,0.0071,0.0718,0.6269,0.0000,0.2667,,0.2667,,996,75.8410,42,3.1980,7,0.5330,1,0.0760,,,,,13132792,0.3000
2020-04-27,GIN,fr,672,222,22,428,301,30,34,128,0.5312,26,99,0,30,0,0,33,0,1,5,0,81,18,4,0,0,66748,41447,563483,1679,0,426200,2,255,0,415,-0.0723,5.4774,5.3859,4.3287,-0.0188,0.0234,-0.0411,0.0192,0.0711,0.3831,0.0000,0.1818,,0.1818,,1094,83.3030,98,7.4620,7,0.5330,0,0.0000,,,,,13132792,0.3000
2020-04-28,GIN,fr,664,215,23,426,282,17,40,96,0.7018,26,69,0,17,0,1,39,0,0,4,2,57,5,7,0,0,72726,25698,521411,749,20996,459339,0,291,1,372,0.0611,5.4746,5.4002,4.2338,-0.0167,-0.0042,-0.0372,0.0219,0.0707,0.2611,0.9656,0.5833,,0.5833,,1163,88.5570,69,5.2540,7,0.5330,0,0.0000,,,,,13132792,0.3000
2020-04-29,GIN,fr,641,190,27,424,303,21,24,100,0.5333,25,74,1,20,0,2,22,0,0,2,0,56,12,4,0,0,35339,10140,367440,1044,0,281012,1,249,1,390,0.0397,5.5497,5.4506,4.2601,-0.0668,-0.0833,-0.0415,-0.0011,0.0725,0.2230,0.0000,0.2500,,0.2500,,1240,94.4200,77,5.8630,7,0.5330,0,0.0000,,,,,13132792,0.3000
2020-04-30,GIN,fr,667,186,21,460,282,19,32,107,0.6275,18,84,0,19,0,0,29,0,3,1,0,66,9,2,0,0,23362,12322,415790,19,0,287759,3,291,7,366,-0.0086,5.5039,5.4676,4.2558,-0.0275,-0.0141,-0.0416,0.0178,0.0751,0.3453,0.0000,0.1818,,0.1818,,1351,102.8720,111,8.4520,7,0.5330,0,0.0000,,,,,13132792,0.3000
2020-05-01,GIN,fr,650,215,23,412,267,16,35,101,0.6863,35,60,1,15,0,0,32,1,2,5,0,54,13,4,0,0,143935,22510,502890,120085,0,334509,0,304,2,344,0.0037,5.5053,5.4098,4.2756,-0.0253,-0.0315,-0.0422,0.0096,0.0732,0.1352,0.0000,0.2353,,0.2353,,1495,113.8370,144,10.9650,7,0.5330,0,0.0000,,,,,13132792,0.3000
2020-05-02,GIN,fr,664,173,32,459,292,21,15,133,0.4167,49,83,1,20,0,0,12,1,2,9,0,82,7,3,2,0,28889,54677,724510,5586,0,596453,0,318,0,346,-0.0192,5.4980,5.3951,4.2846,-0.0430,-0.0422,-0.0415,0.0204,0.0751,0.6543,0.0000,0.3000,0.0000,0.2500,,1537,117.0350,42,3.1980,7,0.5330,0,0.0000,,,,,13132792,0.3000
2020-05-03,GIN,fr,717,190,28,499,313,19,30,123,0.6122,32,91,0,19,0,0,24,5,1,8,3,66,9,10,2,0,20814,60023,292191,13049,1379,220059,1,287,1,428,-0.0677,5.4177,5.3988,4.2492,-0.0346,-0.0417,-0.0391,0.0108,0.0685,0.7425,0.0956,0.5263,0.0000,0.4762,,1586,120.7660,49,3.7310,7,0.5330,0,0.0000,,,,,13132792,0.3000
2020-05-04,GIN,fr,593,172,19,402,297,23,39,90,0.6290,22,65,0,23,0,1,36,2,0,6,2,53,9,5,0,1,14875,90697,344728,2152,362,255169,1,319,2,271,0.0182,5.3408,5.3263,4.3114,-0.0293,-0.0254,-0.0412,0.0079,0.0722,0.8591,0.1440,0.3571,1.0000,0.4000,,1586,120.7660,0,0.0000,7,0.5330,0,0.0000,,,,,13132792,0.3000
2020-05-05,GIN,fr,579,177,19,383,244,7,34,103,0.8293,28,70,0,7,0,0,34,0,0,1,0,64,3,2,0,1,5305,4436,306410,14,0,236552,0,235,2,342,-0.0687,5.5113,5.3600,4.2883,-0.0780,-0.0160,-0.0430,-0.0003,0.0732,0.4554,0.0000,0.4000,1.0000,0.5000,,1710,130.2080,124,9.4420,9,0.6850,2,0.1520,,,,,13132792,0.3000
2020-05-06,GIN,fr,674,198,26,450,314,34,23,116,0.4035,25,90,0,34,0,1,18,4,0,5,0,75,21,5,0,0,157994,81749,465150,124811,0,405583,4,295,0,375,-0.1513,5.3785,5.3670,4.2901,-0.0411,0.0039,-0.0415,0.0077,0.0721,0.3410,0.0000,0.1923,,0.1923,,1811,137.8990,101,7.6910,10,0.7610,1,0.0760,,,,,13132792,0.3000
2020-05-07,GIN,fr,551,161,22,368,235,33,25,100,0.4310,17,78,0,33,0,0,24,1,0,7,0,68,23,4,1,0,140829,4814,454240,4756,0,399527,2,220,0,329,0.0295,5.4825,5.4228,4.2687,-0.0007,-0.0035,-0.0423,0.0102,0.0755,0.0331,0.0000,0.1481,0.0000,0.1429,,1856,141.3260,45,3.4270,11,0.8380,1,0.0760,,,,,13132792,0.3000
2020-05-08,GIN,fr,629,211,23,395,295,27,41,142,0.6029,20,116,1,26,0,0,37,3,1,8,0,94,16,6,1,0,25164,68148,660294,2922,0,592225,2,277,0,350,0.0308,5.3662,5.3951,4.3239,-0.0236,-0.0465,-0.0423,0.0095,0.0742,0.7303,0.0000,0.2727,0.0000,0.2609,,1927,146.7320,71,5.4060,11,0.8380,0,0.0000,,,,,13132792,0.3000
2020-05-09,GIN,fr,551,170,17,364,219,21,35,114,0.6250,17,94,0,21,0,1,30,3,1,4,2,74,15,7,0,1,64563,209713,546699,9924,122713,488030,1,253,2,295,0.0154,5.4723,5.4457,4.3350,-0.0031,-0.0011,-0.0395,0.0192,0.0769,0.7646,0.9252,0.3182,1.0000,0.3478,,2009,152.9760,82,6.2440,11,0.8380,0,0.0000,,,,,13132792,0.3000
2020-05-10,GIN,fr,530,141,22,367,179,19,27,82,0.5870,20,59,0,19,0,0,24,2,1,4,0,45,11,4,0,0,35258,4119,154729,4302,0,93342,0,218,0,312,0.0158,5.5462,5.4510,4.2861,-0.0362,0.0008,-0.0422,0.0238,0.0750,0.1046,0.0000,0.2667,,0.2667,,2042,155.4890,33,2.5130,11,0.8380,0,0.0000,,,,,13132792,0.3000
2020-05-11,GIN,fr,562,166,21,375,216,17,27,94,0.6136,27,66,0,17,0,1,22,4,0,1,1,55,6,5,0,0,13592,17380,374952,761,365,275842,2,231,0,329,-0.0744,5.4578,5.4349,4.2684,-0.0087,-0.0063,-0.0381,0.0104,0.0722,0.5612,0.3242,0.4545,,0.4545,,2146,163.4080,104,7.9190,11,0.8380,0,0.0000,,,,,13132792,0.3000
2020-05-12,GIN,fr,610,188,26,396,273,19,37,95,0.6607,20,69,0,19,0,0,35,1,1,5,0,51,12,3,0,0,21601,4319,356318,2025,0,236678,1,320,0,289,-0.1252,5.2988,5.3252,4.2663,-0.0345,-0.0329,-0.0355,0.0137,0.0664,0.1666,0.0000,0.2000,,0.2000,,2213,168.5090,67,5.1020,11,0.8380,0,0.0000,,,,,13132792,0.3000
2020-05-13,GIN,fr,551,181,15,355,218,24,38,85,0.6129,17,67,0,24,0,0,37,0,1,4,0,52,17,5,0,0,41607,15173,205038,9181,0,143940,0,283,1,267,-0.1187,5.4123,5.3851,4.2868,-0.0243,-0.0206,-0.0393,0.0131,0.0756,0.2672,0.0000,0.2273,,0.2273,,2213,168.5090,0,0.0000,11,0.8380,0,0.0000,,,,,13132792,0.3000
2020-05-14,GIN,fr,481,168,18,295,189,12,35,77,0.7447,17,55,0,12,0,1,32,2,0,1,1,36,2,4,0,0,9294,37920,113744,1057,1342,75193,1,245,0,235,-0.0325,5.4360,5.4394,4.2582,-0.0402,-0.0491,-0.0383,0.0041,0.0757,0.8032,0.5594,0.6667,,0.6667,,2374,180.7690,161,12.2590,14,1.0660,3,0.2280,,,,,13132792,0.3000
2020-05-15,GIN,fr,491,147,19,325,193,17,42,89,0.7119,24,63,1,16,0,0,40,2,0,4,6,50,10,10,1,0,61824,41238,181989,4000,2215,126882,0,209,0,282,-0.0464,5.4994,5.3820,4.2534,-0.0085,0.0022,-0.0429,0.0000,0.0732,0.4001,0.3564,0.5000,0.0000,0.4762,,2473,188.3070,99,7.5380,14,1.0660,0,0.0000,,,,,13132792,0.3000
2020-05-16,GIN,fr,599,156,26,417,298,16,18,114,0.5294,23,91,0,16,0,2,16,0,0,5,0,70,13,2,0,0,20717,2635,440369,1256,0,390771,1,287,0,311,-0.1066,5.4587,5.3890,4.2753,-0.0325,0.0016,-0.0360,0.0056,0.0696,0.1128,0.0000,0.1333,,0.1333,,2531,192.7240,58,4.4160,15,1.1420,1,0.0760,,,,,13132792,0.3000
2020-05-17,GIN,fr,492,139,23,330,155,11,22,101,0.6667,28,72,0,11,0,0,17,1,4,1,0,56,5,7,0,0,46401,9500,478882,6346,0,393237,0,181,0,311,-0.1139,5.3743,5.3227,4.3324,-0.0324,-0.0117,-0.0305,0.0047,0.0695,0.1699,0.0000,0.5833,,0.5833,,2658,202.3940,127,9.6700,16,1.2180,1,0.0760,,,,,13132792,0.3000
2020-05-18,GIN,fr,540,159,23,358,181,15,36,106,0.7059,18,85,0,15,0,2,32,2,0,2,1,58,12,10,0,0,32301,14319,367205,648,5,207220,1,163,1,375,0.0240,5.5628,5.4736,4.3001,-0.0383,-0.0420,-0.0432,-0.0041,0.0732,0.3071,0.0077,0.4545,,0.4545,,2658,202.3940,0,0.0000,16,1.2180,0,0.0000,,,,,13132792,0.3000
2020-05-19,GIN,fr,516,154,22,340,195,10,39,110,0.7959,37,66,0,10,0,1,36,1,1,1,0,55,8,7,0,0,8871,9363,343372,47,0,286560,0,231,0,285,0.0149,5.4740,5.4420,4.2546,-0.0461,-0.0446,-0.0485,-0.0334,0.0791,0.5135,0.0000,0.4667,,0.4667,,2796,212.9020,138,10.5080,16,1.2180,0,0.0000,,,,,13132792,0.3000
2020-05-20,GIN,fr,515,140,20,355,177,20,33,89,0.6226,24,65,1,19,0,0,33,0,0,2,2,53,12,6,0,0,47327,6582,312322,6433,1108,281600,0,223,1,291,-0.0536,5.4416,5.3758,4.2553,-0.0679,-0.0626,-0.0433,-0.0097,0.0742,0.1221,0.1469,0.3333,,0.3333,,2863,218.0040,67,5.1020,18,1.3710,2,0.1520,,,,,13132792,0.3000
2020-05-21,GIN,fr,490,146,16,328,147,19,28,98,0.5957,27,68,0,19,0,0,27,1,0,3,0,49,7,2,0,0,294248,1268,223185,253421,0,140389,0,239,1,250,0.0133,5.3401,5.3541,4.2815,-0.0411,-0.0097,-0.0421,-0.0074,0.0699,0.0043,0.0000,0.2222,,0.2222,,2863,218.0040,0,0.0000,18,1.3710,0,0.0000,,,,,13132792,0.3000
2020-05-22,GIN,fr,523,153,30,340,197,20,34,82,0.6296,7,75,0,20,0,0,33,1,0,5,0,56,13,4,0,0,54208,16923,573276,4741,0,496451,0,242,1,280,0.0427,5.4632,5.3829,4.2515,0.0422,0.0497,-0.0368,0.0328,0.0718,0.2379,0.0000,0.2353,,0.2353,,3067,233.5380,204,15.5340,19,1.4470,1,0.0760,,,,,13132792,0.3000
2020-05-23,GIN,fr,480,104,23,353,183,15,12,60,0.4444,11,47,3,12,0,3,7,2,0,0,0,34,9,6,2,0,43064,15008,263940,0,0,203140,1,193,0,286,0.0138,5.5711,5.4545,4.3044,-0.0133,-0.0508,-0.0430,0.0205,0.0777,0.2584,,0.4000,0.0000,0.3529,,3067,233.5380,0,0.0000,19,1.4470,0,0.0000,,,,,13132792,0.3000
2020-05-24,GIN,fr,443,125,25,293,142,17,14,47,0.4516,12,34,0,17,0,1,12,1,0,3,0,20,12,2,0,0,18059,20205,231807,6160,0,101167,0,188,0,255,0.0309,5.6506,5.5139,4.2890,-0.0584,-0.0570,-0.0279,0.0230,0.0640,0.5280,0.0000,0.1429,,0.1429,,3176,241.8370,109,8.3000,20,1.5230,1,0.0760,,,,,13132792,0.3000
2020-05-25,GIN,fr,548,169,14,365,159,16,19,79,0.5429,13,62,0,16,0,0,15,3,1,0,0,34,9,3,0,0,28785,8056,282059,0,0,182166,2,249,0,297,0.0476,5.5429,5.4683,4.2846,0.0042,-0.0183,-0.0423,0.0034,0.0773,0.2187,,0.2500,,0.2500,,3275,249.3760,99,7.5380,20,1.5230,0,0.0000,,,,,13132792,0.3000
2020-05-26,GIN,fr,503,165,15,323,144,23,46,83,0.6667,18,63,0,23,0,0,39,5,2,2,0,45,13,8,0,0,166333,109885,561969,128740,0,423142,2,257,0,244,-0.0338,5.4498,5.3707,4.2467,-0.0318,-0.0126,-0.0438,0.0093,0.0738,0.3978,0.0000,0.3810,,0.3810,,3275,249.3760,0,0.0000,20,1.5230,0,0.0000,,,,,13132792,0.3000
2020-05-27,GIN,fr,492,154,19,319,146,18,34,74,0.6538,13,59,0,18,0,1,31,2,0,1,0,39,9,5,0,0,31672,55760,511082,89,0,383405,1,233,0,258,0.0599,5.6263,5.4743,4.1936,-0.0236,-0.0014,-0.0439,-0.0080,0.0781,0.6378,0.0000,0.3571,,0.3571,,3358,255.6960,83,6.3200,20,1.5230,0,0.0000,,,,,13132792,0.3000
2020-05-28,GIN,fr,480,134,24,322,149,17,22,75,0.5641,8,66,0,17,0,0,18,2,2,1,0,48,12,5,0,0,88912,7368,431668,88,0,329668,1,222,0,257,-0.0781,5.3596,5.3388,4.3056,-0.0533,-0.0276,-0.0437,-0.0092,0.0760,0.0765,0.0000,0.2941,,0.2941,,3446,262.3970,88,6.7010,21,1.5990,1,0.0760,,,,,13132792,0.3000
2020-05-29,GIN,fr,511,115,24,372,129,29,19,53,0.3958,7,42,2,27,0,0,16,3,0,1,0,31,16,1,0,0,24621,52184,320362,4720,0,288409,3,274,0,234,-0.1106,5.2801,5.3933,4.2889,-0.0203,0.0118,-0.0438,0.0204,0.0733,0.6794,0.0000,0.0588,,0.0588,,3553,270.5440,107,8.1480,22,1.6750,1,0.0760,,,,,13132792,0.3000
2020-05-30,GIN,fr,474,93,24,357,158,21,5,62,0.1923,7,53,0,21,0,0,4,0,1,1,0,37,13,1,0,0,70869,8127,476357,103,0,369438,0,194,1,279,-0.1716,5.2700,5.2980,4.3375,-0.0598,-0.0519,-0.0451,0.0011,0.0756,0.1029,0.0000,0.0714,,0.0714,,3656,278.3870,103,7.8430,22,1.6750,0,0.0000,,,,,13132792,0.3000
2020-05-31,GIN,fr,450,90,23,337,120,11,6,61,0.3529,5,56,1,10,0,0,5,0,1,2,0,31,5,1,0,0,14881,4580,233330,319,0,156912,0,177,0,273,-0.1395,5.3145,5.3267,4.2852,-0.0386,-0.0430,-0.0416,0.0007,0.0750,0.2353,0.0000,0.1667,,0.1667,,3706,282.1940,50,3.8070,23,1.7510,1,0.0760,,,,,13132792,0.3000
2020-06-01,GIN,fr,507,112,22,373,138,10,17,58,0.6296,7,49,0,10,0,0,16,0,1,2,0,23,6,3,0,0,5876,29317,283158,241,0,156672,2,214,0,291,0.0078,5.4381,5.3821,4.2448,-0.0204,-0.0250,-0.0466,0.0022,0.0752,0.8330,0.0000,0.3333,,0.3333,,3771,287.1440,65,4.9490,23,1.7510,0,0.0000,,,,,13132792,0.3000
2020-06-02,GIN,fr,436,84,12,340,142,10,20,54,0.6667,7,47,0,10,0,0,19,0,1,1,1,33,6,7,0,0,67088,38989,204715,750,824,132467,0,170,1,265,0.0255,5.4317,5.4251,4.2328,,-0.0174,-0.0392,0.0077,0.0681,0.3676,0.5235,0.5385,,0.5385,,3844,292.7020,73,5.5590,23,1.7510,0,0.0000,,,,,13132792,0.3000
2020-06-03,GIN,fr,512,89,36,387,156,29,14,51,0.3256,12,39,1,28,0,0,14,0,0,0,0,22,23,5,0,0,57855,38482,106636,0,0,44315,0,231,0,281,-0.1266,5.4170,5.3903,4.2516,-0.0267,-0.0295,-0.0414,0.0170,0.0740,0.3995,,0.1786,,0.1786,,3844,292.7020,0,0.0000,23,1.7510,0,0.0000,,,,,13132792,0.3000
2020-06-04,GIN,fr,474,100,16,358,126,17,12,50,0.4138,11,37,0,17,0,0,9,3,0,5,1,24,15,2,0,0,114930,862,270439,55218,97,249130,3,206,0,265,-0.0964,5.3867,5.3626,4.2767,-0.0150,-0.0300,-0.0326,0.0087,0.0700,0.0074,0.0018,0.1176,,0.1176,,3886,295.9010,42,3.1980,23,1.7510,0,0.0000,,,,,13132792,0.3000
2020-06-05,GIN,fr,440,80,27,333,143,18,11,66,0.3793,13,52,0,18,0,0,11,0,0,4,0,38,14,2,0,0,18337,19580,223570,4073,0,120292,0,195,0,245,0.0160,5.4849,5.4616,4.2588,-0.0234,-0.0415,-0.0438,0.0087,0.0723,0.5164,0.0000,0.1250,,0.1250,,3991,303.8960,105,7.9950,23,1.7510,0,0.0000,,,,,13132792,0.3000
2020-06-06,GIN,fr,436,89,27,320,112,16,12,53,0.4286,5,48,1,15,0,0,9,2,1,0,0,26,12,4,0,0,12637,41415,190038,0,0,124819,0,182,0,254,-0.0887,5.4117,5.3691,4.2730,-0.0054,-0.0099,-0.0407,0.0190,0.0706,0.7662,,0.2500,,0.2500,,4060,309.1500,69,5.2540,23,1.7510,0,0.0000,,,,,13132792,0.3000
2020-06-07,GIN,fr,425,133,19,273,90,22,8,79,0.2667,12,65,0,22,0,0,6,2,0,0,0,41,14,2,0,0,51621,674,496648,0,0,332378,0,172,0,253,-0.1083,5.1585,5.2135,4.3459,-0.0515,-0.0412,-0.0452,-0.0274,0.0744,0.0129,,0.1250,,0.1250,,4117,313.4900,57,4.3400,23,1.7510,0,0.0000,,,,,13132792,0.3000
2020-06-08,GIN,fr,504,148,18,338,149,19,18,99,0.4865,11,86,0,19,0,0,18,0,0,1,0,52,12,2,0,0,107341,20936,373282,4137,0,230302,1,201,0,302,0.0352,5.4609,5.4048,4.3561,-0.0346,-0.0491,-0.0386,0.0127,0.0759,0.1632,0.0000,0.1429,,0.1429,,4165,317.1450,48,3.6550,23,1.7510,0,0.0000,,,,,13132792,0.3000
2020-06-09,GIN,fr,394,137,17,240,93,9,30,67,0.7692,10,55,0,9,0,0,28,1,1,0,0,29,5,1,1,0,35588,6175,258360,0,0,162789,2,162,0,230,-0.0614,5.4667,5.4358,4.3591,-0.0626,-0.0322,-0.0359,-0.0043,0.0729,0.1479,,0.1667,0.0000,0.1429,,4216,321.0280,51,3.8830,23,1.7510,0,0.0000,,,,,13132792,0.3000
2020-06-10,GIN,fr,398,94,29,275,99,8,24,50,0.7500,5,44,0,8,0,1,22,0,1,1,0,27,7,3,0,0,48470,27093,123134,918,0,61959,2,186,0,210,-0.0305,5.3565,5.3702,4.2853,-0.0583,-0.0329,-0.0495,-0.0362,0.0817,0.3585,0.0000,0.3000,,0.3000,,4258,324.2270,42,3.1980,23,1.7510,0,0.0000,,,,,13132792,0.3000
2020-06-11,GIN,fr,444,143,19,282,92,14,18,25,0.5625,6,19,1,13,0,0,18,0,0,0,0,10,7,2,1,0,32679,1021,93316,0,0,40922,3,207,0,234,-0.0375,5.4996,5.4220,4.2591,-0.0369,-0.0111,-0.0475,-0.0172,0.0788,0.0303,,0.2222,0.0000,0.2000,,4258,324.2270,0,0.0000,23,1.7510,0,0.0000,,,,,13132792,0.3000
2020-06-12,GIN,fr,431,116,21,294,113,12,17,60,0.5862,6,54,0,12,0,0,17,0,0,1,0,33,8,1,0,0,150224,4707,329472,134284,0,242382,0,206,0,225,0.0769,5.4371,5.4372,4.2616,-0.0608,-0.0316,-0.0313,0.0142,0.0657,0.0304,0.0000,0.1111,,0.1111,,4372,332.9070,114,8.6810,23,1.7510,0,0.0000,,,,,13132792,0.3000
2020-06-13,GIN,fr,467,109,24,334,123,13,12,54,0.4800,11,40,0,13,0,0,10,1,1,0,0,19,5,3,0,0,34898,11370,367316,0,0,249748,0,192,0,275,0.0933,5.5373,5.4992,4.2307,-0.0598,0.0005,-0.0380,0.0330,0.0710,0.2457,,0.3750,,0.3750,,4426,337.0190,54,4.1120,24,1.8270,1,0.0760,,,,,13132792,0.3000
2020-06-14,GIN,fr,479,99,36,344,131,9,11,52,0.5500,12,39,0,9,0,0,10,0,1,0,0,24,4,2,1,0,6760,2943,283268,0,0,179760,0,195,1,283,-0.0547,5.3968,5.3902,4.3858,-0.0726,-0.0114,-0.0441,-0.0092,0.0771,0.3033,,0.3333,0.0000,0.2857,,4484,341.4350,58,4.4160,25,1.9040,1,0.0760,,,,,13132792,0.3000
2020-06-15,GIN,fr,491,131,28,332,158,18,21,68,0.5385,23,45,1,17,0,1,20,0,0,1,0,32,9,2,3,0,25625,4586,266280,382,0,185049,0,228,0,263,-0.0602,5.4205,5.4099,4.2775,-0.0335,-0.0266,-0.0443,0.0031,0.0755,0.1518,0.0000,0.1818,0.0000,0.1429,,4532,345.0900,48,3.6550,25,1.9040,0,0.0000,,,,,13132792,0.3000
2020-06-16,GIN,fr,485,119,21,345,126,20,30,93,0.6000,51,41,0,20,0,0,29,1,0,1,0,29,9,3,1,0,27613,3817,429577,36,0,304717,0,215,0,270,-0.0592,5.5587,5.5187,4.1781,-0.0394,-0.0182,-0.0400,0.0126,0.0696,0.1214,0.0000,0.2500,0.0000,0.2308,,4572,348.1360,40,3.0460,26,1.9800,1,0.0760,,,,,13132792,0.3000
2020-06-17,GIN,fr,424,118,23,283,105,20,31,55,0.6078,10,43,0,20,0,0,29,2,0,3,0,29,9,5,0,0,168770,6990,274928,143102,0,216173,3,215,0,206,-0.0649,5.5107,5.3980,4.2807,-0.0844,-0.0270,-0.0441,-0.0051,0.0767,0.0398,0.0000,0.3571,,0.3571,,4639,353.2380,67,5.1020,26,1.9800,0,0.0000,,,,,13132792,0.3000
2020-06-18,GIN,fr,421,134,16,271,117,38,24,63,0.3871,11,49,0,38,0,1,21,1,1,2,0,35,30,3,0,0,83792,6438,209560,1348,0,168527,0,170,0,251,-0.0446,5.6367,5.4214,4.3131,-0.0422,-0.0570,-0.0318,0.0111,0.0663,0.0714,0.0000,0.0909,,0.0909,,4668,355.4460,29,2.2080,26,1.9800,0,0.0000,,,,,13132792,0.3000
2020-06-19,GIN,fr,469,124,21,324,133,37,30,65,0.4478,15,49,0,37,0,0,30,0,0,1,0,24,32,2,0,0,39540,9907,284928,495,0,91560,0,177,0,292,-0.0169,5.5500,5.4138,4.2805,-0.0531,-0.0438,-0.0381,0.0089,0.0689,0.2004,0.0000,0.0588,,0.0588,,4841,368.6190,173,13.1730,26,1.9800,0,0.0000,,,,,13132792,0.3000
2020-06-20,GIN,fr,447,108,19,320,108,20,14,65,0.4118,9,53,0,20,0,1,10,1,2,0,0,29,14,4,0,0,63430,22573,244909,0,0,158777,4,173,0,270,-0.0376,5.5206,5.4976,4.2591,-0.0472,-0.0253,-0.0450,-0.0148,0.0669,0.2625,,0.2222,,0.2222,,4904,373.4160,63,4.7970,27,2.0560,1,0.0760,,,,,13132792,0.3000
2020-06-21,GIN,fr,326,76,18,232,49,9,9,31,0.5000,6,24,0,9,0,0,7,1,1,1,0,9,5,3,0,0,25087,12869,88425,5364,0,11042,0,145,0,181,-0.0525,5.4679,5.5021,4.3346,-0.0060,-0.0289,-0.0467,-0.0096,0.0736,0.3391,0.0000,0.3750,,0.3750,,4960,377.6810,56,4.2640,27,2.0560,0,0.0000,,,,,13132792,0.3000
2020-06-22,GIN,fr,400,100,13,287,92,12,20,54,0.6250,8,45,0,12,0,0,20,0,0,1,0,29,9,0,0,0,28430,960,228904,151,0,194304,1,179,0,220,-0.0149,5.4290,5.4051,4.3415,-0.0164,-0.0241,-0.0419,-0.0025,0.0719,0.0327,0.0000,0.0000,,0.0000,,4988,379.8130,28,2.1320,27,2.0560,0,0.0000,,,,,13132792,0.3000
2020-06-23,GIN,fr,441,128,24,289,114,14,35,71,0.7143,12,58,0,14,0,0,34,0,1,1,0,31,7,0,0,0,15740,11250,281420,108,0,196721,1,198,0,242,-0.0123,5.4860,5.4530,4.1961,-0.0644,-0.0605,-0.0463,0.0037,0.0727,0.4168,0.0000,0.0000,,0.0000,,4988,379.8130,0,0.0000,27,2.0560,0,0.0000,,,,,13132792,0.3000
2020-06-24,GIN,fr,456,125,12,319,99,10,39,65,0.7959,11,52,0,10,0,0,36,1,2,2,0,32,9,7,0,0,18061,22525,268250,558,0,230206,0,188,0,268,0.0487,5.5135,5.4595,4.2426,-0.0418,-0.0357,-0.0379,0.0107,0.0716,0.5550,0.0000,0.4375,,0.4375,,5104,388.6450,116,8.8330,29,2.2080,2,0.1520,,,,,13132792,0.3000
2020-06-25,GIN,fr,361,118,16,227,74,9,33,53,0.7857,8,42,0,9,0,0,31,2,0,0,0,19,4,5,0,0,13993,24397,242971,0,0,178825,0,153,0,208,-0.0223,5.4355,5.3601,4.3625,-0.0440,-0.0160,-0.0293,0.0027,0.0654,0.6355,,0.5556,,0.5556,,5174,393.9760,70,5.3300,29,2.2080,0,0.0000,,,,,13132792,0.3000
2020-06-26,GIN,fr,446,107,18,321,88,13,35,55,0.7292,5,49,0,13,0,0,30,5,0,1,0,21,10,5,0,0,21976,34797,216114,914,0,166778,0,229,0,217,0.0193,5.4421,5.4170,4.2268,-0.0489,-0.0079,-0.0391,0.0076,0.0708,0.6129,0.0000,0.3333,,0.3333,,5211,396.7930,37,2.8170,29,2.2080,0,0.0000,,,,,13132792,0.3000
2020-06-27,GIN,fr,392,107,16,269,87,13,17,42,0.5667,4,37,0,13,0,0,15,0,2,2,0,17,7,2,0,0,11148,16681,149829,797,0,74936,0,163,0,229,-0.0816,5.3771,5.3835,4.2938,-0.0243,-0.0277,-0.0361,0.0012,0.0707,0.5994,0.0000,0.2222,,0.2222,,5260,400.5240,49,3.7310,29,2.2080,0,0.0000,,,,,13132792,0.3000
2020-06-28,GIN,fr,378,68,13,297,52,15,18,30,0.5455,7,22,0,15,0,0,18,0,0,1,0,10,12,4,0,0,10537,53545,119713,152,0,62347,0,148,0,230,-0.0008,5.4628,5.3703,4.2228,-0.0640,-0.0621,-0.0435,-0.0299,0.0718,0.8356,0.0000,0.2500,,0.2500,,5291,402.8850,31,2.3610,30,2.2840,1,0.0760,,,,,13132792,0.3000
2020-06-29,GIN,fr,442,128,19,295,87,19,30,62,0.6122,9,51,0,19,0,0,28,2,0,0,1,30,11,3,0,0,39930,38762,259110,0,27068,125199,1,221,0,220,0.0654,5.4944,5.4251,4.3265,-0.0620,-0.0617,-0.0487,-0.0363,0.0773,0.4926,1.0000,0.2143,,0.2143,,5342,406.7680,51,3.8830,31,2.3610,1,0.0760,,,,,13132792,0.3000
2020-06-30,GIN,fr,424,123,23,278,107,18,27,45,0.6000,5,38,1,17,0,0,26,1,0,2,0,26,9,4,0,0,74496,27915,204415,143,0,98667,0,195,1,228,-0.0760,5.2434,5.2875,4.3413,-0.0433,-0.0249,-0.0362,0.0044,0.0686,0.2726,0.0000,0.3077,,0.3077,,5351,407.4530,9,0.6850,31,2.3610,0,0.0000,,,,,13132792,0.3000
2020-07-01,GIN,fr,414,114,16,284,104,10,21,56,0.6774,6,49,0,10,0,0,21,0,0,1,0,30,6,1,0,0,23305,4653,167682,363,0,111102,1,194,1,218,0.0677,5.4916,5.4608,4.2303,,-0.0107,-0.0360,0.0170,0.0671,0.1664,0.0000,0.1429,,0.1429,,5391,410.4990,40,3.0460,33,2.5130,2,0.1520,,,,,13132792,0.3000
2020-07-02,GIN,fr,432,131,20,281,100,15,27,57,0.6429,10,44,0,15,0,0,25,1,1,1,0,25,10,1,0,0,11648,8416,190008,333,0,118826,2,192,0,238,-0.0687,5.3803,5.3777,4.2797,-0.0263,-0.0123,-0.0313,0.0163,0.0666,0.4195,0.0000,0.0909,,0.0909,,5404,411.4890,13,0.9900,33,2.5130,0,0.0000,,,,,13132792,0.3000
2020-07-03,GIN,fr,371,94,11,266,60,9,37,45,0.8043,7,37,0,9,0,1,34,2,0,0,0,19,9,15,0,0,27385,83126,266194,0,0,213958,0,157,2,212,-0.0132,5.5577,5.4132,4.2721,-0.0413,-0.0193,-0.0370,0.0040,0.0721,0.7522,,0.6250,,0.6250,,5450,414.9920,46,3.5030,33,2.5130,0,0.0000,,,,,13132792,0.3000
2020-07-04,GIN,fr,426,89,23,314,107,14,18,40,0.5625,12,28,0,14,0,1,16,0,1,1,0,17,9,4,0,0,31847,9787,249001,195,0,200184,0,187,0,239,0.0557,5.5157,5.4465,4.3036,-0.0548,-0.0110,-0.0454,-0.0338,0.0725,0.2351,0.0000,0.3077,,0.3077,,5521,420.3980,71,5.4060,33,2.5130,0,0.0000,,,,,13132792,0.3000
2020-07-05,GIN,fr,394,96,9,289,79,8,25,56,0.7576,17,36,1,7,0,0,24,0,1,0,0,24,7,2,0,0,21988,10622,235575,0,0,105963,0,163,0,231,-0.0763,5.5228,5.4506,4.1678,-0.0495,-0.0350,-0.0447,-0.0208,0.0736,0.3257,,0.2222,,0.2222,,5570,424.1290,49,3.7310,34,2.5890,1,0.0760,,,,,13132792,0.3000
2020-07-06,GIN,fr,398,95,15,288,66,11,22,42,0.6667,1,40,0,11,0,0,21,0,1,1,0,19,9,2,0,0,32178,3853,150928,538,0,91140,0,154,1,243,-0.0288,5.4580,5.4195,4.3188,-0.0448,-0.0372,-0.0436,0.0003,0.0765,0.1069,0.0000,0.1818,,0.1818,,5610,427.1750,40,3.0460,34,2.5890,0,0.0000,,,,,13132792,0.3000
2020-07-07,GIN,fr,405,108,23,274,105,11,30,56,0.7317,6,48,0,11,0,0,27,0,3,1,0,33,8,5,2,0,20172,17879,225824,5020,0,124300,0,172,2,231,-0.0694,5.4615,5.4006,4.3002,-0.0694,-0.0768,-0.0428,-0.0050,0.0740,0.4699,0.0000,0.3846,0.0000,0.3333,,5636,429.1550,26,1.9800,34,2.5890,0,0.0000,,,,,13132792,0.3000
2020-07-08,GIN,fr,413,98,14,301,97,9,31,47,0.7750,8,36,0,9,0,0,29,2,0,3,0,16,7,5,0,0,19484,4852,296297,739,0,235109,0,178,2,233,-0.0301,5.4534,5.3590,4.3867,-0.0520,-0.0415,-0.0318,-0.0039,0.0676,0.1994,0.0000,0.4167,,0.4167,,5697,433.8000,61,4.6450,34,2.5890,0,0.0000,,,,,13132792,0.3000
2020-07-09,GIN,fr,423,111,23,289,102,9,22,43,0.7097,6,35,0,9,0,0,21,1,0,1,0,21,7,3,0,0,67429,33290,224907,2601,0,128688,0,187,2,234,-0.0621,5.4773,5.4269,4.3170,-0.0429,-0.0126,-0.0378,0.0035,0.0711,0.3305,0.0000,0.3000,,0.3000,,5697,433.8000,0,0.0000,34,2.5890,0,0.0000,,,,,13132792,0.3000
2020-07-10,GIN,fr,499,122,24,353,121,22,33,54,0.6000,6,45,0,22,0,1,31,0,1,1,0,25,15,3,0,0,75273,7791,273677,1033,0,123563,0,257,0,242,-0.0243,5.3045,5.3501,4.3702,-0.0426,-0.0180,-0.0395,0.0031,0.0717,0.0938,0.0000,0.1667,,0.1667,,5881,447.8100,184,14.0110,36,2.7410,2,0.1520,,,,,13132792,0.3000
2020-07-11,GIN,fr,428,90,21,317,82,15,20,43,0.5714,7,36,0,15,0,1,18,0,1,1,0,25,13,5,0,0,46153,10489,363676,135,0,276730,4,198,0,226,0.0258,5.4557,5.3499,4.3485,-0.0298,-0.0319,-0.0301,0.0163,0.0664,0.1852,0.0000,0.2778,,0.2778,,5969,454.5110,88,6.7010,37,2.8170,1,0.0760,,,,,13132792,0.3000
2020-07-12,GIN,fr,399,88,18,293,59,17,29,37,0.6304,13,24,0,17,0,0,25,3,1,0,0,9,15,8,1,0,53460,57733,61470,0,0,19273,3,147,0,249,-0.0290,5.4839,5.3891,4.2747,-0.0068,-0.0199,-0.0394,-0.0014,0.0732,0.5192,,0.3478,0.0000,0.3333,,6044,460.2220,75,5.7110,37,2.8170,0,0.0000,,,,,13132792,0.3000
2020-07-13,GIN,fr,471,121,19,331,109,14,35,44,0.7143,8,36,0,14,0,0,30,3,2,4,0,28,11,4,0,0,177216,63757,325405,155522,0,70508,0,190,0,281,-0.0241,5.5118,5.4267,4.2740,-0.0378,-0.0142,-0.0363,0.0083,0.0698,0.2646,0.0000,0.2667,,0.2667,,6141,467.6080,97,7.3860,37,2.8170,0,0.0000,,,,,13132792,0.3000
2020-07-14,GIN,fr,391,93,25,273,79,8,32,32,0.8000,7,23,1,7,0,0,30,1,1,1,0,11,7,3,0,0,11468,10525,79973,131,0,32472,1,162,0,228,0.0042,5.4693,5.4331,4.2370,-0.0255,-0.0169,-0.0308,0.0146,0.0647,0.4786,0.0000,0.3000,,0.3000,,6141,467.6080,0,0.0000,37,2.8170,0,0.0000,,,,,13132792,0.3000
2020-07-15,GIN,fr,453,99,27,327,88,15,25,53,0.6250,16,36,0,15,0,0,24,1,0,1,0,27,7,4,2,0,73534,16938,281931,81,0,207721,1,185,2,265,0.0559,5.5540,5.4256,4.2710,-0.0246,-0.0223,-0.0353,-0.0179,0.0692,0.1872,0.0000,0.3636,0.0000,0.3077,,6141,467.6080,0,0.0000,37,2.8170,0,0.0000,,,,,13132792,0.3000
2020-07-16,GIN,fr,329,78,18,233,56,8,22,26,0.7333,7,17,0,8,0,1,20,1,0,0,0,11,4,2,0,0,20846,10099,212642,0,0,89962,0,127,1,201,-0.0432,5.4500,5.4028,4.2721,-0.0547,-0.0458,-0.0362,0.0008,0.0681,0.3264,,0.3333,,0.3333,,6276,477.8880,135,10.2800,38,2.8940,1,0.0760,,,,,13132792,0.3000
2020-07-17,GIN,fr,377,95,23,259,87,12,40,32,0.7692,2,30,1,11,0,1,38,1,0,0,0,18,6,4,0,0,12402,34513,107114,0,0,80492,0,192,1,184,0.0052,5.4926,5.4138,4.3505,-0.0322,-0.0109,-0.0411,0.0006,0.0701,0.7356,,0.4000,,0.4000,,6276,477.8880,0,0.0000,38,2.8940,0,0.0000,,,,,13132792,0.3000
2020-07-18,GIN,fr,380,83,19,278,71,11,24,41,0.6857,15,24,1,10,0,0,22,1,1,1,1,9,4,5,2,0,41121,71184,133842,352,558,29666,0,132,0,248,-0.1224,5.3425,5.3970,4.3377,-0.0311,-0.0084,-0.0402,0.0050,0.0725,0.6338,0.6132,0.5556,0.0000,0.4545,,6430,489.6140,154,11.7260,39,2.9700,1,0.0760,,,,,13132792,0.3000
2020-07-19,GIN,fr,394,83,20,291,62,17,16,51,0.4848,17,34,0,17,0,1,15,0,0,1,1,17,13,3,0,0,60506,6739,211583,678,1027,121186,0,178,0,216,-0.1053,5.3371,5.3169,4.3369,-0.0289,0.0012,-0.0447,0.0167,0.0701,0.1002,0.6023,0.1875,,0.1875,,6491,494.2590,61,4.6450,39,2.9700,0,0.0000,,,,,13132792,0.3000
2020-07-20,GIN,fr,377,106,19,252,54,16,18,48,0.5294,14,34,0,16,0,0,18,0,0,2,0,11,9,0,0,0,28622,864,133030,431,0,33810,1,182,2,192,0.0171,5.4520,5.3766,4.3638,-0.0104,-0.0059,-0.0299,0.0056,0.0671,0.0293,0.0000,0.0000,,0.0000,,6544,498.2950,53,4.0360,39,2.9700,0,0.0000,,,,,13132792,0.3000
2020-07-21,GIN,fr,362,126,13,223,73,15,22,67,0.5946,13,53,0,15,0,0,20,2,0,0,1,26,10,1,0,0,26862,11019,285429,0,767,120857,2,170,0,190,0.0236,5.4980,5.3894,4.3412,-0.0393,-0.0217,-0.0402,-0.0230,0.0723,0.2909,1.0000,0.0909,,0.0909,,6590,501.7970,46,3.5030,40,3.0460,1,0.0760,,,,,13132792,0.3000
2020-07-22,GIN,fr,501,155,17,329,141,19,34,81,0.6415,13,65,0,19,0,1,33,0,0,0,0,42,9,5,1,0,51036,8626,587130,0,0,415294,1,238,0,262,-0.0625,5.4995,5.4118,4.2581,-0.0466,-0.0440,-0.0376,0.0214,0.0674,0.1446,,0.3571,0.0000,0.3333,,6652,506.5180,62,4.7210,41,3.1220,1,0.0760,,,,,13132792,0.3000
2020-07-23,GIN,fr,409,103,17,289,93,17,23,59,0.5750,8,51,0,17,0,1,21,0,1,0,0,21,14,6,0,0,13644,37879,305163,0,0,181430,0,183,0,226,0.0386,5.5303,5.4368,4.3016,-0.0004,-0.0034,-0.0356,0.0230,0.0685,0.7352,,0.3000,,0.3000,,6747,513.7520,95,7.2340,41,3.1220,0,0.0000,,,,,13132792,0.3000
2020-07-24,GIN,fr,425,102,41,282,106,25,26,65,0.5098,1,51,9,16,0,1,22,2,1,0,0,26,17,3,6,0,304509,55982,583046,0,0,204232,0,187,1,237,-0.1155,5.4273,5.3362,4.2762,-0.0327,-0.0129,-0.0339,-0.0037,0.0696,0.1553,,0.1500,0.0000,0.1154,,6806,518.2450,59,4.4930,42,3.1980,1,0.0760,,,,,13132792,0.3000
2020-07-25,GIN,fr,406,109,30,267,93,14,19,71,0.5758,10,60,1,13,0,0,19,0,0,0,0,32,7,7,0,0,61148,53636,394325,0,0,291546,0,148,1,257,0.0230,5.4511,5.3713,4.3637,-0.0403,-0.0476,-0.0335,0.0165,0.0707,0.4673,,0.5000,,0.5000,,6867,522.8900,61,4.6450,42,3.1980,0,0.0000,,,,,13132792,0.3000
2020-07-26,GIN,fr,411,98,13,300,80,17,13,66,0.4333,6,59,0,17,0,0,10,2,1,1,0,32,13,0,0,0,64186,67673,287502,330,0,173266,2,135,0,274,0.0254,5.4709,5.3876,4.2492,-0.0086,-0.0246,-0.0324,0.0114,0.0677,0.5132,0.0000,0.0000,,0.0000,,6927,527.4580,60,4.5690,42,3.1980,0,0.0000,,,,,13132792,0.3000
2020-07-27,GIN,fr,423,111,16,296,74,13,36,41,0.7347,8,30,1,12,0,0,36,0,0,2,0,17,9,1,0,0,17779,3523,155828,7453,0,27230,2,177,1,243,-0.0038,5.5376,5.4438,4.2719,-0.0094,0.0125,-0.0408,0.0033,0.0709,0.1654,0.0000,0.1000,,0.1000,,7008,533.6260,81,6.1680,43,3.2740,1,0.0760,,,,,13132792,0.3000
2020-07-28,GIN,fr,473,128,6,339,84,16,46,54,0.7419,7,45,0,16,0,0,40,5,1,0,0,30,11,11,0,0,23965,123089,271975,0,0,232249,1,175,5,292,0.0198,5.4453,5.3582,4.2669,-0.0132,0.0024,-0.0366,0.0135,0.0707,0.8370,,0.5000,,0.5000,,7055,537.2050,47,3.5790,45,3.4270,2,0.1520,,,,,13132792,0.3000
2020-07-29,GIN,fr,422,111,24,287,95,9,41,49,0.8200,4,43,0,9,0,0,41,0,0,2,0,21,6,7,0,0,40485,101552,136269,1311,0,59217,0,215,1,206,0.0313,5.5962,5.4692,4.3161,-0.0404,-0.0335,-0.0389,-0.0005,0.0659,0.7150,0.0000,0.5385,,0.5385,,7126,542.6110,71,5.4060,46,3.5030,1,0.0760,,,,,13132792,0.3000
2020-07-30,GIN,fr,399,89,20,290,75,13,24,50,0.6486,10,39,0,13,0,1,18,4,1,2,0,22,10,7,0,0,7936,81734,180578,2890,0,91933,1,170,0,228,-0.0995,5.3551,5.3021,4.3264,-0.0412,-0.0239,-0.0390,0.0167,0.0708,0.9115,0.0000,0.4118,,0.4118,,7183,546.9510,57,4.3400,46,3.5030,0,0.0000,,,,,13132792,0.3000
2020-07-31,GIN,fr,400,98,20,282,110,14,27,27,0.6585,3,24,1,13,1,0,23,1,2,0,1,15,8,5,1,0,18469,58132,151563,0,45,84649,1,180,0,219,-0.0622,5.4295,5.3955,4.3266,-0.0285,-0.0183,-0.0378,0.0212,0.0738,0.7589,1.0000,0.3846,0.0000,0.3571,,7242,551.4440,59,4.4930,46,3.5030,0,0.0000,,,,,13132792,0.3000
2020-08-01,GIN,fr,350,77,18,255,60,9,19,46,0.6786,6,39,0,9,0,0,16,2,1,1,1,25,6,7,0,0,17797,29425,305172,3651,103,244255,0,172,0,178,-0.0043,5.4686,5.4732,4.2391,-0.0271,-0.0448,-0.0347,0.0041,0.0730,0.6231,0.0274,0.5385,,0.5385,,7308,556.4700,66,5.0260,46,3.5030,0,0.0000,,,,,13132792,0.3000
2020-08-02,GIN,fr,374,81,14,279,43,16,28,33,0.6364,6,24,0,16,0,0,26,1,1,0,0,8,11,6,0,0,42627,32640,109387,0,0,50985,0,198,0,176,0.0151,5.5417,5.4390,4.3635,-0.0227,-0.0224,-0.0348,0.0066,0.0636,0.4337,,0.3529,,0.3529,,7317,557.1550,9,0.6850,46,3.5030,0,0.0000,,,,,13132792,0.3000
2020-08-03,GIN,fr,394,112,18,264,82,12,36,47,0.7500,8,37,1,11,0,0,33,3,0,2,0,26,8,3,0,0,30358,13054,197193,6735,0,104925,0,189,0,205,-0.0351,5.3899,5.3636,4.2288,-0.0155,-0.0297,-0.0274,0.0063,0.0626,0.3007,0.0000,0.2727,,0.2727,,7364,560.7340,47,3.5790,46,3.5030,0,0.0000,,,,,13132792,0.3000
2020-08-04,GIN,fr,384,124,18,242,96,17,28,49,0.6222,12,36,0,17,0,0,26,0,2,1,0,25,6,2,0,0,47021,17753,279056,499,0,236916,1,207,0,176,-0.0644,5.4038,5.3510,4.3082,-0.0361,-0.0006,-0.0433,-0.0135,0.0724,0.2741,0.0000,0.2500,,0.2500,,7364,560.7340,0,0.0000,46,3.5030,0,0.0000,,,,,13132792,0.3000
2020-08-05,GIN,fr,408,97,26,285,103,20,17,40,0.4595,4,34,0,20,0,0,17,0,0,2,0,26,13,3,1,0,39734,24237,106766,1201,0,52695,0,197,3,208,-0.0023,5.4100,5.3648,4.2498,-0.0321,-0.0034,-0.0462,0.0184,0.0742,0.3789,0.0000,0.1875,0.0000,0.1765,,7489,570.2520,125,9.5180,48,3.6550,2,0.1520,,,,,13132792,0.3000
2020-08-06,GIN,fr,351,80,14,257,62,15,20,41,0.5714,4,36,1,14,0,0,18,2,0,0,0,16,9,1,0,0,17998,5037,287211,0,0,203310,3,146,0,202,0.0245,5.4545,5.4619,4.2149,-0.0425,-0.0371,-0.0343,-0.0148,0.0722,0.2187,,0.1000,,0.1000,,7575,576.8000,86,6.5480,49,3.7310,1,0.0760,,,,,13132792,0.3000
2020-08-07,GIN,fr,366,82,29,255,63,4,23,42,0.8519,4,37,1,3,0,0,21,2,0,0,1,16,2,4,1,0,28708,10482,179393,0,469,82692,2,140,0,224,0.0360,5.4720,5.3975,4.2674,-0.0060,-0.0152,-0.0351,0.0218,0.0723,0.2675,1.0000,0.6667,0.0000,0.5714,,7664,583.5770,89,6.7770,49,3.7310,0,0.0000,,,,,13132792,0.3000
2020-08-08,GIN,fr,304,83,15,206,50,8,13,32,0.6190,4,28,0,8,0,0,13,0,0,0,0,13,5,2,0,0,29833,18123,129488,0,0,88194,1,106,0,197,0.0064,5.4145,5.3698,4.3140,-0.0299,-0.0056,-0.0331,0.0040,0.0635,0.3779,,0.2857,,0.2857,,7777,592.1820,113,8.6040,50,3.8070,1,0.0760,,,,,13132792,0.3000
2020-08-09,GIN,fr,396,86,24,286,50,13,15,45,0.5357,13,29,0,13,0,0,13,2,0,0,0,7,8,2,0,1,10430,35238,290195,0,0,76796,0,164,0,232,0.0325,5.4155,5.3981,4.3338,-0.0315,-0.0354,-0.0410,0.0134,0.0697,0.7716,,0.2000,1.0000,0.2727,,7875,599.6440,98,7.4620,50,3.8070,0,0.0000,,,,,13132792,0.3000
2020-08-10,GIN,fr,391,96,7,288,75,11,32,58,0.7442,10,48,0,11,0,0,27,1,4,1,0,20,10,9,0,0,63879,83285,256065,6352,0,176047,1,189,1,200,0.0725,5.6078,5.4808,4.3466,0.0118,0.0017,-0.0455,0.0025,0.0748,0.5659,0.0000,0.4737,,0.4737,,7930,603.8320,55,4.1880,50,3.8070,0,0.0000,,,,,13132792,0.3000
2020-08-11,GIN,fr,435,111,16,308,97,14,27,47,0.6585,15,31,0,14,0,0,26,1,0,3,0,13,11,1,0,0,178845,34646,138037,148812,0,39584,0,180,1,254,0.0353,5.5530,5.4069,4.2903,-0.0235,-0.0514,-0.0366,0.0092,0.0746,0.1623,0.0000,0.0833,,0.0833,,7930,603.8320,0,0.0000,50,3.8070,0,0.0000,,,,,13132792,0.3000
2020-08-12,GIN,fr,414,96,19,299,88,24,17,67,0.4146,31,35,0,24,0,0,13,4,0,1,0,17,19,4,0,0,43156,78426,289346,45,0,160024,0,183,0,231,-0.0205,5.3287,5.2382,4.2925,-0.0441,-0.0300,-0.0403,0.0197,0.0743,0.6450,0.0000,0.1739,,0.1739,,8018,610.5330,88,6.7010,50,3.8070,0,0.0000,,,,,13132792,0.3000
2020-08-13,GIN,fr,380,104,10,266,93,7,32,61,0.8205,14,43,0,7,0,0,29,2,1,0,0,23,4,5,1,0,28147,61219,170654,0,0,64586,0,162,0,218,0.0638,5.2864,5.2831,4.4180,-0.0557,-0.0171,-0.0405,0.0165,0.0708,0.6850,,0.5556,0.0000,0.5000,,8116,617.9950,98,7.4620,50,3.8070,0,0.0000,,,,,13132792,0.3000
2020-08-14,GIN,fr,482,130,35,317,180,7,30,87,0.8108,18,67,0,7,0,0,28,2,0,1,3,42,6,4,0,0,3887,8634,390604,203,1832,297559,4,221,0,257,0.0712,5.5558,5.4685,4.3708,-0.0595,-0.0187,-0.0360,-0.0036,0.0630,0.6896,0.9002,0.4000,,0.4000,,8198,624.2390,82,6.2440,50,3.8070,0,0.0000,,,,,13132792,0.3000
2020-08-15,GIN,fr,312,86,25,201,98,8,9,53,0.5294,9,44,0,8,0,0,7,1,1,0,0,22,5,0,1,0,17446,53428,250625,0,0,173725,0,130,0,182,0.1641,5.4626,5.4698,4.3396,-0.0016,0.0345,-0.0294,0.0116,0.0711,0.7538,,0.0000,0.0000,0.0000,,8260,628.9600,62,4.7210,50,3.8070,0,0.0000,,,,,13132792,0.3000
2020-08-16,GIN,fr,333,58,50,225,54,8,16,29,0.6667,4,23,0,8,0,0,15,0,1,0,0,9,4,5,0,0,36403,18249,86345,0,0,28278,0,131,0,202,0.0642,5.6637,5.4278,4.4020,-0.0164,-0.0166,-0.0297,-0.0081,0.0721,0.3339,,0.5556,,0.5556,,8343,635.2800,83,6.3200,50,3.8070,0,0.0000,,,,,13132792,0.3000
2020-08-17,GIN,fr,416,113,20,283,125,18,22,69,0.5500,20,45,0,18,0,0,19,1,2,6,0,31,12,1,0,0,311400,9019,224905,300129,0,139692,3,142,1,270,-0.0351,5.5107,5.4443,4.2969,-0.0057,0.0032,-0.0424,-0.0017,0.0794,0.0281,0.0000,0.0769,,0.0769,,8482,645.8640,139,10.5840,51,3.8830,1,0.0760,,,,,13132792,0.3000
2020-08-18,GIN,fr,475,112,24,339,124,14,16,55,0.5333,11,43,0,14,0,1,13,1,1,1,0,24,10,4,0,1,64510,21989,185113,209,0,112818,2,266,0,207,-0.0548,5.5638,5.4937,4.2495,-0.0101,-0.0016,-0.0427,0.0068,0.0719,0.2542,0.0000,0.2857,1.0000,0.3333,,8620,656.3720,138,10.5080,51,3.8830,0,0.0000,,,,,13132792,0.3000
2020-08-19,GIN,fr,367,91,26,250,78,14,16,34,0.5333,7,27,0,14,0,0,15,1,0,0,0,17,8,2,2,0,34490,5233,258123,0,0,210902,2,163,0,202,0.0789,5.6292,5.4721,4.3054,0.0024,0.0140,-0.0435,0.0159,0.0721,0.1317,,0.2000,0.0000,0.1667,,8715,663.6060,95,7.2340,52,3.9600,1,0.0760,,,,,13132792,0.3000
2020-08-20,GIN,fr,340,99,9,232,80,13,23,45,0.6389,8,36,1,12,0,2,17,4,0,0,0,20,7,4,0,0,19575,61850,302231,0,0,262450,0,159,0,181,0.0311,5.3597,5.3728,4.3405,-0.0183,0.0016,-0.0319,0.0024,0.0670,0.7596,,0.3636,,0.3636,,8792,669.4690,77,5.8630,53,4.0360,1,0.0760,,,,,13132792,0.3000
2020-08-21,GIN,fr,369,87,13,269,87,9,17,41,0.6538,9,29,0,9,0,1,15,1,0,1,0,17,6,0,0,0,35987,48183,288274,345,0,249575,1,172,1,195,-0.0531,5.3819,5.3465,4.2933,-0.0240,-0.0003,-0.0330,-0.0018,0.0686,0.5724,0.0000,0.0000,,0.0000,,8876,675.8650,84,6.3960,53,4.0360,0,0.0000,,,,,13132792,0.3000
2020-08-22,GIN,fr,263,61,12,190,64,10,9,33,0.4737,4,29,0,10,0,1,6,1,1,2,0,19,9,3,0,0,29119,27097,236782,6702,0,209647,0,109,0,154,-0.0000,5.5067,5.4627,4.3143,-0.0442,-0.0164,-0.0327,-0.0055,0.0709,0.4820,0.0000,0.2500,,0.2500,,8932,680.1300,56,4.2640,53,4.0360,0,0.0000,,,,,13132792,0.3000
2020-08-23,GIN,fr,311,73,13,225,49,6,14,34,0.7000,10,23,0,6,0,0,8,4,2,0,0,9,4,4,0,0,33545,115838,77725,0,0,23860,0,131,0,180,-0.0199,5.5038,5.4687,4.2766,-0.0253,-0.0051,-0.0377,0.0220,0.0733,0.7754,,0.5000,,0.5000,,8932,680.1300,0,0.0000,53,4.0360,0,0.0000,,,,,13132792,0.3000
2020-08-24,GIN,fr,341,93,13,235,81,11,20,45,0.6452,9,33,1,10,0,0,19,1,0,0,0,20,8,1,0,0,48410,5814,253980,0,0,210301,1,183,0,157,-0.0517,5.4663,5.3878,4.2519,-0.0089,-0.0013,-0.0390,0.0063,0.0741,0.1072,,0.1111,,0.1111,,8967,682.7950,35,2.6650,53,4.0360,0,0.0000,,,,,13132792,0.3000
2020-08-25,GIN,fr,366,69,21,276,81,8,17,39,0.6800,13,25,1,7,0,0,16,0,1,1,0,13,7,1,1,0,32625,4085,152463,2601,0,45957,0,169,0,197,0.0747,5.6254,5.4823,4.3339,-0.0013,-0.0568,-0.0400,0.0094,0.0750,0.1113,0.0000,0.1250,0.0000,0.1111,,9013,686.2970,46,3.5030,54,4.1120,1,0.0760,,,,,13132792,0.3000
2020-08-26,GIN,fr,339,90,38,211,74,7,30,27,0.8108,0,26,1,6,0,2,21,5,2,2,1,12,4,6,0,1,4685,94429,177797,989,346,106649,1,159,0,179,0.0209,5.4955,5.3655,4.3382,-0.0460,-0.0642,-0.0333,0.0012,0.0712,0.9527,0.2592,0.6000,1.0000,0.6364,,9128,695.0540,115,8.7570,57,4.3400,3,0.2280,,,,,13132792,0.3000
2020-08-27,GIN,fr,371,94,27,250,92,11,13,36,0.5417,7,27,0,11,0,0,13,0,0,2,0,15,6,2,0,0,7147,3223,509961,2168,0,452890,1,138,0,232,0.0474,5.4388,5.4580,4.2885,-0.0248,-0.0119,-0.0412,0.0188,0.0714,0.3108,0.0000,0.2500,,0.2500,,9167,698.0240,39,2.9700,57,4.3400,0,0.0000,,,,,13132792,0.3000
2020-08-28,GIN,fr,326,75,29,222,86,6,15,44,0.7143,10,34,0,6,0,0,13,1,1,2,0,23,2,3,0,0,11020,30537,178308,4418,0,133890,1,142,1,182,-0.0233,5.3744,5.4319,4.2939,-0.0300,-0.0633,-0.0338,0.0083,0.0678,0.7348,0.0000,0.6000,,0.6000,,9213,701.5260,46,3.5030,58,4.4160,1,0.0760,,,,,13132792,0.3000
2020-08-29,GIN,fr,318,58,24,236,65,13,10,34,0.4348,6,26,0,13,0,0,9,1,0,0,0,12,12,1,1,0,30863,47712,60802,0,0,16911,0,135,1,182,-0.1374,5.4182,5.3297,4.3186,-0.0572,-0.0420,-0.0369,0.0072,0.0690,0.6072,,0.0769,0.0000,0.0714,,9251,704.4200,38,2.8940,59,4.4930,1,0.0760,,,,,13132792,0.3000
2020-08-30,GIN,fr,328,63,15,250,78,10,17,24,0.6296,2,20,2,8,0,0,14,2,1,1,0,12,8,3,0,0,9072,8060,124289,2602,0,73484,0,146,0,182,-0.1633,5.4548,5.3449,4.3566,-0.0337,-0.0553,-0.0370,0.0076,0.0769,0.4705,0.0000,0.2727,,0.2727,,9251,704.4200,0,0.0000,59,4.4930,0,0.0000,,,,,13132792,0.3000
2020-08-31,GIN,fr,373,80,29,264,93,10,24,36,0.7059,0,34,1,9,0,0,22,1,1,1,0,11,6,3,1,0,63714,12122,176897,501,0,33868,0,150,0,223,0.0642,5.7319,5.5719,4.2716,-0.0288,,-0.0333,0.0103,0.0736,0.1598,0.0000,0.3333,0.0000,0.3000,,9371,713.5570,120,9.1370,59,4.4930,0,0.0000,,,,,13132792,0.3000
2020-09-01,GIN,fr,320,83,12,225,65,6,26,26,0.8125,3,23,0,6,0,0,24,0,2,1,0,11,5,5,0,0,7210,11953,233381,501,0,184995,1,155,0,164,-0.0243,5.4340,5.3741,4.3822,-0.0027,0.0576,-0.0379,0.0079,0.0717,0.6238,0.0000,0.5000,,0.5000,,9409,716.4510,38,2.8940,59,4.4930,0,0.0000,,,,,13132792,0.3000
2020-09-02,GIN,fr,415,108,12,295,119,15,27,63,0.6429,11,52,0,15,0,1,24,2,0,5,1,30,13,6,0,0,47116,58929,347064,12077,564,305178,1,171,0,243,-0.0307,5.5344,5.4471,4.2651,-0.0408,,-0.0409,0.0278,0.0700,0.5557,0.0446,0.3158,,0.3158,,9479,721.7810,70,5.3300,59,4.4930,0,0.0000,,,,,13132792,0.3000
2020-09-03,GIN,fr,455,127,14,314,110,32,32,47,0.5000,6,39,0,32,0,0,29,2,1,9,0,22,24,8,0,0,81959,63230,227028,12227,0,189717,2,182,1,270,-0.0001,5.4271,5.3985,4.3065,-0.0198,-0.0063,-0.0410,0.0061,0.0720,0.4355,0.0000,0.2500,,0.2500,,9479,721.7810,0,0.0000,59,4.4930,0,0.0000,,,,,13132792,0.3000
2020-09-04,GIN,fr,390,88,23,279,106,8,19,44,0.7037,9,34,0,8,0,0,19,0,0,1,0,16,5,2,1,0,11719,25632,118314,177,0,49564,0,161,0,229,-0.0106,5.5316,5.4061,4.3173,0.0006,0.0141,-0.0481,0.0096,0.0766,0.6862,0.0000,0.2857,0.0000,0.2500,,9526,725.3600,47,3.5790,60,4.5690,1,0.0760,,,,,13132792,0.3000
2020-09-05,GIN,fr,267,54,29,184,81,8,3,46,0.2727,16,28,0,8,0,0,2,1,0,1,0,24,6,1,0,0,6861,46517,155706,446,0,111954,0,116,0,151,0.0690,5.6128,5.4257,4.5061,-0.0222,-0.0377,-0.0394,0.0197,0.0777,0.8715,0.0000,0.1429,,0.1429,,9579,729.3960,53,4.0360,61,4.6450,1,0.0760,,,,,13132792,0.3000
2020-09-06,GIN,fr,264,52,16,196,75,14,5,32,0.2632,4,28,0,14,0,0,1,4,0,2,0,13,11,3,0,0,28133,78609,89003,671,0,12563,2,77,0,185,-0.0128,5.4320,5.3518,4.4354,-0.0435,-0.0292,-0.0325,0.0083,0.0735,0.7364,0.0000,0.2143,,0.2143,,9649,734.7260,70,5.3300,61,4.6450,0,0.0000,,,,,13132792,0.3000
2020-09-07,GIN,fr,395,80,16,299,102,8,16,59,0.6667,22,37,0,8,0,0,15,1,0,4,0,12,7,3,0,0,13520,79156,213577,6283,0,15670,0,159,0,236,0.0337,5.4436,5.4476,4.2764,-0.0407,-0.0355,-0.0396,-0.0064,0.0756,0.8541,0.0000,0.3000,,0.3000,,9722,740.2840,73,5.5590,61,4.6450,0,0.0000,,,,,13132792,0.3000
2020-09-08,GIN,fr,414,79,22,313,94,13,16,55,0.5517,15,37,2,11,0,0,13,3,0,2,0,20,10,4,0,0,35647,62450,217305,3221,0,123126,1,188,0,225,0.0147,5.4197,5.3687,4.2739,-0.0268,-0.0488,-0.0429,-0.0098,0.0765,0.6366,0.0000,0.2857,,0.2857,,9798,746.0710,76,5.7870,61,4.6450,0,0.0000,,,,,13132792,0.3000
2020-09-09,GIN,fr,369,87,19,263,68,13,18,47,0.5806,11,35,1,12,0,0,15,2,1,0,1,16,8,3,0,1,58270,58056,112507,0,6497,61117,2,151,1,215,-0.0326,5.4498,5.3641,4.3873,-0.0582,-0.0620,-0.0431,0.0010,0.0703,0.4991,1.0000,0.2727,1.0000,0.3333,,9848,749.8790,50,3.8070,63,4.7970,2,0.1520,,,,,13132792,0.3000
2020-09-10,GIN,fr,430,81,31,318,74,15,18,31,0.5455,3,23,0,15,0,0,18,0,0,1,0,6,10,5,3,0,126756,3479,144062,1232,0,16927,0,186,0,244,-0.0984,5.3107,5.2935,4.3095,-0.0126,-0.0187,-0.0386,0.0159,0.0718,0.0267,0.0000,0.3333,0.0000,0.2778,,9885,752.6960,37,2.8170,63,4.7970,0,0.0000,,,,,13132792,0.3000
2020-09-11,GIN,fr,425,101,30,294,130,13,19,37,0.5938,5,30,1,12,0,1,18,0,0,4,1,17,11,1,0,1,92347,2313,78891,26326,550,53885,1,174,3,247,-0.0620,5.4006,5.3023,4.2099,-0.0032,-0.0393,-0.0493,0.0038,0.0733,0.0244,0.0205,0.0833,1.0000,0.1538,,9946,757.3410,61,4.6450,63,4.7970,0,0.0000,,,,,13132792,0.3000
2020-09-12,GIN,fr,355,78,17,260,105,12,20,50,0.6250,6,38,0,12,0,3,14,0,3,1,0,27,9,8,0,0,32868,66448,251652,1157,0,162101,0,160,5,190,0.0093,5.5013,5.4407,4.2508,-0.0129,-0.0280,-0.0408,0.0166,0.0794,0.6691,0.0000,0.4706,,0.4706,,9979,759.8540,33,2.5130,63,4.7970,0,0.0000,,,,,13132792,0.3000
2020-09-13,GIN,fr,353,74,27,252,76,7,11,54,0.6111,27,26,0,7,0,0,8,3,0,0,0,15,6,3,1,1,24376,82058,169594,0,0,96949,0,140,0,213,-0.0032,5.4327,5.3962,4.2581,0.0122,-0.0400,-0.0378,0.0073,0.0714,0.7710,,0.3333,0.5000,0.3636,,10020,762.9760,41,3.1220,63,4.7970,0,0.0000,,,,,13132792,0.3000
2020-09-14,GIN,fr,374,83,22,269,85,7,24,48,0.7742,14,32,0,7,0,0,21,1,2,0,1,18,4,6,0,0,3800,11808,297637,0,756,126163,0,123,0,251,0.0051,5.4525,5.3941,4.2384,-0.0346,-0.0076,-0.0421,0.0109,0.0726,0.7565,1.0000,0.6000,,0.6000,,10020,762.9760,0,0.0000,63,4.7970,0,0.0000,,,,,13132792,0.3000
2020-09-15,GIN,fr,389,107,25,257,95,16,23,47,0.5897,10,35,1,15,0,1,20,2,0,2,0,20,10,5,0,0,40100,11354,122313,530,0,89145,1,146,1,241,0.0039,5.4489,5.4024,4.3027,,0.0197,-0.0423,-0.0173,0.0763,0.2207,0.0000,0.3333,,0.3333,,10061,766.0980,41,3.1220,63,4.7970,0,0.0000,,,,,13132792,0.3000
2020-09-16,GIN,fr,370,87,27,256,83,14,18,45,0.5625,15,30,1,13,0,1,16,1,0,0,0,14,11,5,0,0,30353,5129,176046,0,0,51932,1,169,2,198,0.0312,5.5113,5.4243,4.3118,-0.0407,0.0094,-0.0415,0.0037,0.0753,0.1446,,0.3125,,0.3125,,10111,769.9050,50,3.8070,63,4.7970,0,0.0000,,,,,13132792,0.3000
2020-09-17,GIN,fr,367,83,17,267,68,9,24,35,0.7273,8,27,0,9,0,1,20,1,2,0,0,11,5,5,0,0,43595,18624,123337,0,0,19735,0,130,0,237,-0.0482,5.3723,5.3443,4.2561,-0.0164,-0.0424,-0.0485,0.0172,0.0789,0.2993,,0.5000,,0.5000,,10154,773.1790,43,3.2740,63,4.7970,0,0.0000,,,,,13132792,0.3000
2020-09-18,GIN,fr,336,84,24,228,70,9,25,44,0.7353,9,33,0,9,0,1,23,0,1,0,0,11,7,1,0,1,45574,8318,122026,0,0,26500,0,131,0,205,-0.0890,5.3456,5.3981,4.3086,-0.0537,-0.0425,-0.0346,0.0112,0.0617,0.1543,,0.1250,1.0000,0.2222,,10154,773.1790,0,0.0000,63,4.7970,0,0.0000,,,,,13132792,0.3000
2020-09-19,GIN,fr,286,84,19,183,74,9,11,32,0.5500,3,28,0,9,0,0,9,2,0,1,1,9,4,2,0,0,37242,45236,230979,949,12391,39990,0,134,0,152,-0.0262,5.4999,5.3509,4.2153,-0.0589,-0.0189,-0.0392,-0.0078,0.0692,0.5485,0.9289,0.3333,,0.3333,,10231,779.0420,77,5.8630,63,4.7970,0,0.0000,,,,,13132792,0.3000
2020-09-20,GIN,fr,278,56,17,205,60,6,11,27,0.6471,2,22,0,6,0,2,7,1,1,0,0,8,4,4,0,0,7259,5022,37545,0,0,2358,0,95,0,183,-0.1433,5.4535,5.3631,4.2802,-0.0549,0.0186,-0.0434,-0.0193,0.0775,0.4089,,0.5000,,0.5000,,10286,783.2300,55,4.1880,63,4.7970,0,0.0000,,,,,13132792,0.3000
2020-09-21,GIN,fr,410,100,22,288,69,12,27,37,0.6923,4,33,0,12,0,0,27,0,0,1,1,15,7,3,0,0,22503,4212,143117,3674,48,107823,2,177,0,231,0.0391,5.4316,5.3361,4.2522,-0.0482,0.0028,-0.0295,0.0079,0.0639,0.1577,0.0129,0.3000,,0.3000,,10325,786.2000,39,2.9700,64,4.8730,1,0.0760,,,,,13132792,0.3000
2020-09-22,GIN,fr,375,102,16,257,80,4,29,45,0.8788,5,40,0,4,0,0,27,0,2,0,0,18,3,2,0,0,31668,37211,106584,0,0,71570,0,175,3,197,-0.0749,5.3969,5.4065,4.2908,-0.0331,-0.0323,-0.0521,-0.0231,0.0768,0.5402,,0.4000,,0.4000,,10344,787.6470,19,1.4470,65,4.9490,1,0.0760,,,,,13132792,0.3000
2020-09-23,GIN,fr,465,98,25,342,114,16,16,51,0.5000,14,36,0,16,0,0,15,0,1,5,0,15,12,5,1,0,23286,52858,287082,2687,0,254324,0,206,0,259,-0.0466,5.3645,5.3806,4.3151,-0.0022,-0.0364,-0.0466,-0.0036,0.0748,0.6942,0.0000,0.2941,0.0000,0.2778,,10387,790.9210,43,3.2740,65,4.9490,0,0.0000,,,,,13132792,0.3000
2020-09-24,GIN,fr,520,118,23,379,178,8,14,49,0.6364,13,35,2,6,0,0,13,1,0,2,0,26,3,2,1,0,4095,5409,166750,2,0,117502,2,238,0,280,-0.0816,5.5422,5.4881,4.4728,0.0030,0.0073,-0.0488,0.0062,0.0766,0.5691,0.0000,0.4000,0.0000,0.3333,,10434,794.5000,47,3.5790,65,4.9490,0,0.0000,,,,,13132792,0.3000
2020-09-25,GIN,fr,383,93,15,275,130,8,26,53,0.7647,23,30,1,7,0,0,26,0,0,0,4,33,5,5,0,0,11142,3685,61972,0,965,32892,0,172,1,210,-0.1522,5.4247,5.3765,4.4032,-0.0404,-0.0510,-0.0429,-0.0093,0.0782,0.2485,1.0000,0.5000,,0.5000,,10478,797.8500,44,3.3500,65,4.9490,0,0.0000,,,,,13132792,0.3000
2020-09-26,GIN,fr,321,70,29,222,79,7,9,23,0.5625,4,19,0,7,0,0,5,3,1,2,0,11,5,5,0,0,6788,4010,93805,553,0,23904,6,133,0,182,0.0376,5.4282,5.4149,4.3156,,,-0.0411,0.0080,0.0740,0.3714,0.0000,0.5000,,0.5000,,10478,797.8500,0,0.0000,65,4.9490,0,0.0000,,,,,13132792,0.3000
2020-09-27,GIN,fr,264,59,19,186,63,12,11,22,0.4783,3,19,0,12,0,0,11,0,0,5,1,7,7,1,0,0,22458,713,59275,3305,223,21229,0,100,4,160,-0.0742,5.3734,5.3473,4.2242,0.0471,0.0492,-0.0437,0.0066,0.0738,0.0308,0.0632,0.1250,,0.1250,,10548,803.1800,70,5.3300,66,5.0260,1,0.0760,,,,,13132792,0.3000
2020-09-28,GIN,fr,389,97,13,279,75,23,19,59,0.4524,14,44,1,22,0,0,19,0,0,4,0,10,14,0,0,0,74385,931,228853,2405,0,30215,1,176,0,212,-0.0828,5.2940,5.2518,4.3000,-0.0667,-0.0355,-0.0364,-0.0070,0.0690,0.0124,0.0000,0.0000,,0.0000,,10580,805.6170,32,2.4370,66,5.0260,0,0.0000,,,,,13132792,0.3000
2020-09-29,GIN,fr,346,96,17,233,77,15,17,30,0.5312,8,21,1,14,0,0,14,2,1,0,0,11,11,2,0,0,151307,8434,77892,0,0,20746,0,137,2,207,-0.0216,5.4954,5.4175,4.2791,-0.0116,0.0031,-0.0327,0.0101,0.0627,0.0528,,0.1538,,0.1538,,10598,806.9880,18,1.3710,66,5.0260,0,0.0000,,,,,13132792,0.3000
2020-09-30,GIN,fr,265,67,12,186,63,10,14,29,0.5833,5,21,1,9,0,1,12,1,0,0,1,6,6,5,0,0,32247,62946,78308,0,56,11541,1,113,0,151,-0.0364,5.3904,5.3442,4.2548,,0.0141,-0.0465,0.0333,0.0712,0.6612,1.0000,0.4545,,0.4545,,10634,809.7290,36,2.7410,66,5.0260,0,0.0000,,,,,13132792,0.3000
2020-10-01,GIN,fr,403,104,18,281,55,16,33,34,0.6735,2,30,0,16,0,1,28,4,0,1,0,8,10,9,0,0,51042,71114,157213,61,0,85214,0,181,0,222,0.0309,5.5225,5.4825,4.2930,-0.0072,-0.0461,-0.0399,-0.0105,0.0713,0.5822,0.0000,0.4737,,0.4737,,10652,811.0990,18,1.3710,66,5.0260,0,0.0000,,,,,13132792,0.3000
2020-10-02,GIN,fr,483,99,18,366,44,18,26,15,0.5909,5,9,0,18,0,0,24,2,0,1,0,2,13,4,0,0,106379,88313,52949,298,0,2262,0,222,2,259,0.0880,5.3833,5.4437,4.2822,-0.0197,-0.0017,-0.0357,0.0102,0.0653,0.4536,0.0000,0.2353,,0.2353,,10652,811.0990,0,0.0000,66,5.0260,0,0.0000,,,,,13132792,0.3000
2020-10-03,GIN,fr,457,88,20,349,43,11,40,32,0.7843,10,20,0,11,0,0,34,5,1,1,0,4,10,19,0,0,43445,302567,257226,224,0,16237,1,181,2,273,0.1001,5.4571,5.4317,4.2831,-0.0222,-0.0182,-0.0343,0.0076,0.0707,0.8744,0.0000,0.6552,,0.6552,,10735,817.4190,83,6.3200,66,5.0260,0,0.0000,,,,,13132792,0.3000
2020-10-04,GIN,fr,404,79,17,308,61,10,26,32,0.7222,9,23,0,10,0,0,22,2,2,1,0,10,10,10,0,0,13841,82362,171921,1856,0,115423,0,134,2,268,0.0005,5.4458,5.4744,4.2492,-0.0374,-0.0566,-0.0187,0.0193,0.0502,0.8561,0.0000,0.5000,,0.5000,,10735,817.4190,0,0.0000,66,5.0260,0,0.0000,,,,,13132792,0.3000
2020-10-05,GIN,fr,518,107,36,375,55,6,27,44,0.8182,7,34,0,6,0,0,24,2,1,0,0,8,4,5,0,0,24663,96518,154050,0,0,7669,3,187,2,326,-0.0846,5.3659,5.3685,4.2923,-0.0143,0.0113,-0.0359,0.0004,0.0695,0.7965,,0.5556,,0.5556,,10754,818.8660,19,1.4470,66,5.0260,0,0.0000,,,,,13132792,0.3000
2020-10-06,GIN,fr,444,55,14,375,40,9,6,26,0.4000,4,21,0,9,0,0,4,1,1,3,0,0,5,4,0,0,9452,101990,137985,2316,0,0,1,181,0,262,-0.1516,5.2641,5.2564,4.3594,-0.0270,-0.0087,-0.0318,0.0129,0.0615,0.9152,0.0000,0.4444,,0.4444,,10800,822.3690,46,3.5030,67,5.1020,1,0.0760,,,,,13132792,0.3000
