datetime,iso,local_languages,info_tweets,info_tweets_local,info_fact_reliable,info_fact_unreliable,info_fact_unknown,info_fact_reliable_local,info_fact_unreliable_local,info_fact_unknown_local,info_exposure_fact_reliable,info_exposure_fact_unreliable,info_exposure_fact_unknown,info_exposure_fact_reliable_local,info_exposure_fact_unreliable_local,info_exposure_fact_unknown_local,info_bot_verified,info_bot_unverified,info_human_verified,info_human_unverified,info_sentiment,info_vad_V,info_vad_A,info_vad_D,info_big_5_O,info_big_5_C,info_big_5_E,info_big_5_A,info_big_5_N,info_risk_index,info_risk_index_local,eco_close_pct,epi_confirmed,epi_confirmed_new,epi_dead,epi_dead_new
2020-01-22,MNE,"srp,sq,bs,hr,sr",18,0,3,1,2,0,0,0,1839,3,1078,0,0,0,0,6,0,12,-0.055,5.395,5.574,4.172,,,-0.008,0.033,0.046,0.002,,,,,,
2020-01-23,MNE,"srp,sq,bs,hr,sr",55,0,3,0,3,0,0,0,8070,0,3338,0,0,0,0,21,0,34,0.108,6.157,5.702,4.319,,,-0.034,,0.079,0.000,,,,,,
2020-01-24,MNE,"srp,sq,bs,hr,sr",90,0,4,5,9,0,0,0,973,1642,4878,0,0,0,0,51,0,39,0.211,6.105,5.663,4.341,,,-0.027,-0.020,0.080,0.628,,,,,,
2020-01-25,MNE,"srp,sq,bs,hr,sr",159,0,8,3,16,0,0,0,3843,602,5375,0,0,0,0,70,0,89,-0.088,5.320,5.270,4.348,-0.069,0.048,-0.036,-0.013,0.065,0.135,,,,,,
2020-01-26,MNE,"srp,sq,bs,hr,sr",139,0,4,1,19,0,0,0,8317,7097,12646,0,0,0,0,61,0,78,-0.264,5.238,5.086,4.344,-0.084,-0.058,-0.046,-0.014,0.064,0.460,,,,,,
2020-01-27,MNE,"srp,sq,bs,hr,sr",116,0,4,1,18,0,0,0,15172,8273,4437,0,0,0,0,50,0,66,-0.188,5.120,5.190,4.393,-0.048,-0.052,-0.033,-0.000,0.052,0.353,,,,,,
2020-01-28,MNE,"srp,sq,bs,hr,sr",163,0,5,5,20,0,0,0,15963,12084,12464,0,0,0,0,85,0,78,-0.203,5.242,5.301,4.230,-0.033,-0.025,-0.022,0.018,0.045,0.431,,,,,,
2020-01-29,MNE,"srp,sq,bs,hr,sr",127,0,4,4,9,0,0,0,1496,23420,17289,0,0,0,0,55,0,72,-0.106,5.225,5.204,4.394,-0.086,-0.070,-0.039,-0.023,0.065,0.940,,,,,,
2020-01-30,MNE,"srp,sq,bs,hr,sr",223,0,3,4,26,0,0,0,15496,9144,20720,0,0,0,0,106,0,117,-0.027,5.241,5.291,4.314,-0.071,-0.062,-0.050,-0.026,0.070,0.371,,,,,,
2020-01-31,MNE,"srp,sq,bs,hr,sr",159,0,7,6,10,0,0,0,3620,3765,5066,0,0,0,0,89,0,70,-0.174,5.065,5.147,4.415,-0.059,-0.046,-0.037,-0.009,0.059,0.510,,,,,,
2020-02-01,MNE,"srp,sq,bs,hr,sr",122,0,5,3,14,0,0,0,15123,4686,5174,0,0,0,0,63,1,58,-0.191,5.168,5.347,4.386,-0.049,-0.040,-0.044,-0.015,0.072,0.237,,,,,,
2020-02-02,MNE,"srp,sq,bs,hr,sr",84,0,3,2,7,0,0,0,2087,1220,5163,0,0,0,0,39,0,45,-0.067,5.161,5.243,4.264,-0.064,-0.061,-0.038,0.006,0.073,0.369,,,,,,
2020-02-03,MNE,"srp,sq,bs,hr,sr",49,0,1,5,4,0,0,0,182,9089,3320,0,0,0,1,29,0,19,-0.062,5.138,5.274,4.343,-0.002,,-0.043,0.033,0.067,0.980,,,,,,
2020-02-04,MNE,"srp,sq,bs,hr,sr",54,0,1,0,6,0,0,0,256,0,4656,0,0,0,1,22,0,31,-0.314,4.850,5.021,4.471,,-0.042,-0.052,,0.068,0.000,,,,,,
2020-02-05,MNE,"srp,sq,bs,hr,sr",39,0,3,1,2,0,0,0,1232,3787,148,0,0,0,0,14,1,24,0.053,5.192,5.304,4.490,,,-0.034,0.033,0.076,0.755,,,,,,
2020-02-06,MNE,"srp,sq,bs,hr,sr",42,0,3,3,6,0,0,0,8459,12247,3384,0,0,0,0,13,0,29,-0.033,5.343,5.099,4.380,,,-0.052,,0.050,0.591,,,,,,
2020-02-07,MNE,"srp,sq,bs,hr,sr",68,0,6,2,10,0,0,0,3131,15102,1861,0,0,0,0,24,1,43,-0.105,5.335,5.247,4.330,-0.077,-0.007,-0.047,-0.039,0.076,0.828,,,,,,
2020-02-08,MNE,"srp,sq,bs,hr,sr",86,0,19,1,8,0,0,0,31556,14228,20158,0,0,0,0,38,0,48,-0.038,5.112,5.151,4.440,-0.078,,-0.050,0.011,0.077,0.311,,,,,,
2020-02-09,MNE,"srp,sq,bs,hr,sr",57,0,0,4,12,0,0,0,0,5319,11600,0,0,0,0,20,0,37,-0.206,5.041,5.149,4.295,-0.059,-0.024,-0.046,-0.033,0.080,1.000,,,,,,
2020-02-10,MNE,"srp,sq,bs,hr,sr",64,0,1,2,11,0,0,0,271,3854,3860,0,0,0,1,25,0,38,-0.169,4.942,5.023,4.345,-0.044,,-0.039,-0.024,0.073,0.934,,,,,,
2020-02-11,MNE,"srp,sq,bs,hr,sr",37,0,5,1,2,0,0,0,17519,3790,941,0,0,0,0,10,0,27,-0.036,4.969,4.988,4.294,,,-0.059,,0.094,0.178,,,,,,
2020-02-12,MNE,"srp,sq,bs,hr,sr",33,0,1,1,6,0,0,0,99,233,13980,0,0,0,0,17,0,16,-0.164,5.323,5.168,4.453,,,-0.013,0.003,0.053,0.702,,,,,,
2020-02-13,MNE,"srp,sq,bs,hr,sr",38,0,3,1,3,0,0,0,1372,3790,7179,0,0,0,0,17,0,21,-0.260,5.162,5.176,4.356,-0.040,,-0.044,-0.027,0.065,0.734,,,,,,
2020-02-14,MNE,"srp,sq,bs,hr,sr",22,0,2,1,1,0,0,0,959,262,920,0,0,0,0,9,0,13,-0.386,5.226,5.311,4.494,-0.041,-0.049,-0.059,-0.029,0.076,0.215,,,,,,
2020-02-15,MNE,"srp,sq,bs,hr,sr",31,0,2,1,6,0,0,0,8406,3795,8838,0,0,0,0,20,0,11,-0.112,5.040,5.129,4.490,,,-0.017,0.033,0.063,0.311,,,,,,
2020-02-16,MNE,"srp,sq,bs,hr,sr",38,0,7,1,4,0,0,0,8347,329,26854,0,0,0,0,23,0,15,-0.465,5.010,5.144,4.308,,,-0.047,,0.077,0.038,,,,,,
2020-02-17,MNE,"srp,sq,bs,hr,sr",42,0,3,2,3,0,0,0,1612,3994,1204,0,0,0,0,14,0,28,-0.238,5.261,5.337,4.170,,,-0.059,,0.086,0.712,,,,,,
2020-02-18,MNE,"srp,sq,bs,hr,sr",55,0,2,0,1,0,0,0,213,0,85,0,0,0,0,35,0,20,-0.035,5.506,5.311,4.231,,,-0.022,0.033,0.068,0.000,,,,,,
2020-02-19,MNE,"srp,sq,bs,hr,sr",42,0,0,0,5,0,0,0,0,0,750,0,0,0,0,16,0,26,-0.174,5.419,5.318,4.407,-0.041,-0.049,-0.026,0.033,0.064,,,,,,,
2020-02-20,MNE,"srp,sq,bs,hr,sr",36,0,4,1,1,0,0,0,2071,181,935,0,0,0,0,18,0,18,-0.000,5.674,5.465,4.228,,,-0.059,,0.088,0.080,,,,,,
2020-02-21,MNE,"srp,sq,bs,hr,sr",61,0,4,0,6,0,0,0,4470,0,3907,0,0,0,0,27,0,34,-0.035,5.220,5.264,4.403,,,-0.022,,0.063,0.000,,,,,,
2020-02-22,MNE,"srp,sq,bs,hr,sr",70,0,3,1,9,0,0,0,26453,453,48491,0,0,0,0,16,0,54,0.031,5.282,5.242,4.294,,,-0.022,0.033,0.077,0.017,,,,,,
2020-02-23,MNE,"srp,sq,bs,hr,sr",70,0,5,2,4,0,0,0,37877,7605,2219,0,0,0,0,35,0,35,-0.005,5.321,5.274,4.389,0.049,-0.035,-0.028,0.033,0.048,0.167,,,,,,
2020-02-24,MNE,"srp,sq,bs,hr,sr",118,0,4,0,6,0,0,0,2373,0,27819,0,0,0,1,73,0,44,-0.047,5.354,5.323,4.247,,,-0.038,-0.011,0.075,0.000,,,,,,
2020-02-25,MNE,"srp,sq,bs,hr,sr",158,0,3,3,11,0,0,0,8792,9299,16336,0,0,0,0,52,0,106,-0.005,5.377,5.391,4.232,-0.053,-0.053,-0.040,-0.005,0.070,0.514,,,,,,
2020-02-26,MNE,"srp,sq,bs,hr,sr",177,0,8,1,15,0,0,0,9128,24,11175,0,0,0,1,71,2,103,-0.012,5.450,5.387,4.373,-0.010,-0.016,-0.018,0.013,0.042,0.003,,,,,,
2020-02-27,MNE,"srp,sq,bs,hr,sr",172,0,7,8,9,0,0,0,11478,20783,60308,0,0,0,0,69,1,102,-0.047,5.504,5.424,4.294,-0.022,-0.043,-0.035,0.017,0.066,0.644,,,,,,
2020-02-28,MNE,"srp,sq,bs,hr,sr",173,0,5,9,10,0,0,0,8055,24781,6773,0,0,0,0,75,0,98,-0.091,5.364,5.310,4.178,-0.057,-0.034,-0.044,-0.001,0.074,0.755,,,,,,
2020-02-29,MNE,"srp,sq,bs,hr,sr",192,0,13,6,16,0,0,0,104306,8286,10024,0,0,0,0,95,0,97,0.015,5.490,5.403,4.313,-0.041,-0.049,-0.037,0.004,0.064,0.074,,,,,,
2020-03-01,MNE,"srp,sq,bs,hr,sr",180,1,8,3,16,0,0,0,3076,15495,17033,0,0,0,0,81,0,99,0.043,5.671,5.490,4.201,-0.024,-0.015,-0.044,0.008,0.071,0.834,,,,,,
2020-03-02,MNE,"srp,sq,bs,hr,sr",169,0,8,0,19,0,0,0,12617,0,21694,0,0,0,0,83,0,86,0.069,5.496,5.374,4.232,-0.030,-0.049,-0.049,0.001,0.078,0.000,,,,,,
2020-03-03,MNE,"srp,sq,bs,hr,sr",177,1,9,1,18,0,0,0,25945,709,8583,0,0,0,1,57,0,119,-0.043,5.216,5.235,4.310,-0.051,-0.050,-0.052,-0.053,0.085,0.027,,,,,,
2020-03-04,MNE,"srp,sq,bs,hr,sr",205,0,8,3,9,0,0,0,10674,9805,16432,0,0,0,0,86,0,119,-0.006,5.516,5.433,4.236,-0.036,-0.034,-0.052,-0.026,0.073,0.479,,,,,,
2020-03-05,MNE,"srp,sq,bs,hr,sr",208,0,12,2,20,0,0,0,46537,11032,27573,0,0,0,0,75,0,133,0.037,5.457,5.399,4.254,-0.047,-0.017,-0.033,0.003,0.073,0.192,,,,,,
2020-03-06,MNE,"srp,sq,bs,hr,sr",201,0,4,4,23,0,0,0,18233,1149,64881,0,0,0,5,98,1,97,0.028,5.294,5.299,4.384,-0.037,0.007,-0.039,0.006,0.070,0.059,,,,,,
2020-03-07,MNE,"srp,sq,bs,hr,sr",185,0,17,8,12,0,0,0,19938,19426,135789,0,0,0,0,81,0,104,-0.178,5.144,5.170,4.343,,0.047,-0.048,0.005,0.079,0.493,,,,,,
2020-03-08,MNE,"srp,sq,bs,hr,sr",182,0,4,4,15,0,0,0,4155,3733,89751,0,0,0,1,69,1,111,-0.011,5.498,5.403,4.266,-0.032,-0.044,-0.051,-0.030,0.079,0.473,,,,,,
2020-03-09,MNE,"srp,sq,bs,hr,sr",210,0,8,0,11,0,0,0,3154,0,25702,0,0,0,0,93,0,117,-0.020,5.359,5.333,4.350,-0.056,-0.031,-0.045,-0.022,0.073,0.000,,,,,,
2020-03-10,MNE,"srp,sq,bs,hr,sr",271,2,15,1,15,0,0,0,7671,17242,40596,0,0,0,0,118,2,151,-0.040,5.433,5.416,4.204,-0.033,-0.045,-0.036,-0.010,0.059,0.692,,,,,,
2020-03-11,MNE,"srp,sq,bs,hr,sr",262,1,9,2,22,0,0,0,7411,2806,32314,0,0,0,5,96,0,161,0.092,5.594,5.508,4.204,-0.015,-0.026,-0.039,0.014,0.069,0.275,,,,,,
2020-03-12,MNE,"srp,sq,bs,hr,sr",287,0,4,6,18,0,0,0,4868,20833,19031,0,0,0,11,108,0,168,0.021,5.493,5.408,4.231,,-0.002,-0.049,-0.008,0.072,0.811,,,,,,
2020-03-13,MNE,"srp,sq,bs,hr,sr",261,2,9,5,25,0,0,0,34846,1361,29004,0,0,0,2,129,0,130,0.006,5.214,5.337,4.281,-0.032,-0.013,-0.042,-0.012,0.072,0.038,,,,,,
2020-03-14,MNE,"srp,sq,bs,hr,sr",304,1,4,0,25,0,0,0,16113,0,32123,0,0,0,2,126,0,176,0.008,5.550,5.460,4.288,-0.025,-0.059,-0.044,-0.019,0.075,0.000,,,,,,
2020-03-15,MNE,"srp,sq,bs,hr,sr",210,0,7,2,9,0,0,0,3193,103,33390,0,0,0,3,91,3,113,0.017,5.457,5.336,4.329,-0.062,-0.062,-0.038,-0.027,0.075,0.031,,,,,,
2020-03-16,MNE,"srp,sq,bs,hr,sr",254,0,10,3,16,0,0,0,9787,3758,161799,0,0,0,4,108,3,139,-0.107,5.401,5.314,4.366,-0.065,-0.009,-0.041,-0.008,0.074,0.277,,,,,,
2020-03-17,MNE,"srp,sq,bs,hr,sr",292,0,11,2,23,0,0,0,11673,3509,78732,0,0,0,3,124,1,164,-0.005,5.508,5.429,4.281,-0.042,-0.008,-0.045,-0.006,0.073,0.231,,,,,,
2020-03-18,MNE,"srp,sq,bs,hr,sr",268,2,6,3,23,0,0,0,22120,1027,44159,0,0,0,5,109,0,154,-0.065,5.524,5.405,4.252,-0.015,-0.051,-0.047,-0.004,0.070,0.044,,,2.000,2.000,0.000,0.000
2020-03-19,MNE,"srp,sq,bs,hr,sr",283,0,8,2,22,0,0,0,3592,541,79082,0,0,0,4,111,4,164,-0.020,5.491,5.362,4.386,-0.064,-0.033,-0.038,-0.006,0.071,0.131,,,8.000,6.000,0.000,0.000
2020-03-20,MNE,"srp,sq,bs,hr,sr",290,1,5,6,18,0,0,0,4740,11366,41708,0,0,0,3,128,4,155,0.045,5.368,5.353,4.304,-0.079,-0.062,-0.045,-0.027,0.077,0.706,,,13.000,5.000,0.000,0.000
2020-03-21,MNE,"srp,sq,bs,hr,sr",260,2,4,2,14,0,0,0,10808,10081,111967,0,0,0,4,115,3,138,0.041,5.575,5.474,4.238,-0.039,-0.031,-0.053,-0.027,0.077,0.483,,,14.000,1.000,0.000,0.000
2020-03-22,MNE,"srp,sq,bs,hr,sr",317,0,7,1,19,0,0,0,28287,2076,215977,0,0,0,5,128,0,184,-0.000,5.459,5.319,4.314,-0.034,-0.029,-0.038,0.018,0.066,0.068,,,14.000,0.000,0.000,0.000
2020-03-23,MNE,"srp,sq,bs,hr,sr",234,0,5,3,23,0,0,0,1554,3911,388896,0,0,0,2,91,1,140,0.078,5.461,5.287,4.415,-0.010,0.022,-0.040,0.021,0.069,0.716,,,21.000,7.000,0.000,0.000
2020-03-24,MNE,"srp,sq,bs,hr,sr",233,0,2,2,31,0,0,0,1116,4097,162810,0,0,0,6,100,0,127,-0.052,5.503,5.412,4.305,-0.055,-0.017,-0.037,0.007,0.073,0.786,,,27.000,6.000,0.000,0.000
2020-03-25,MNE,"srp,sq,bs,hr,sr",253,0,6,4,19,0,0,0,5927,6893,173863,0,0,0,5,115,2,131,0.237,5.662,5.520,4.289,-0.019,-0.019,-0.041,-0.002,0.072,0.538,,,47.000,20.000,0.000,0.000
2020-03-26,MNE,"srp,sq,bs,hr,sr",180,0,5,3,19,0,0,0,9659,1512,8706,0,0,0,3,82,1,94,0.198,5.683,5.547,4.294,-0.033,-0.023,-0.049,0.013,0.076,0.135,,,53.000,6.000,0.000,0.000
2020-03-27,MNE,"srp,sq,bs,hr,sr",212,0,4,1,27,0,0,0,3451,493,79683,0,0,0,5,110,1,96,-0.011,5.528,5.522,4.297,-0.069,-0.034,-0.042,-0.005,0.068,0.125,,,67.000,14.000,1.000,1.000
2020-03-28,MNE,"srp,sq,bs,hr,sr",258,1,6,2,26,0,0,1,4697,3054,91423,0,0,38,0,113,4,141,0.064,5.647,5.523,4.358,-0.023,-0.041,-0.043,-0.016,0.072,0.394,,,75.000,8.000,1.000,0.000
2020-03-29,MNE,"srp,sq,bs,hr,sr",224,0,11,4,18,0,0,0,9805,40751,164909,0,0,0,5,99,0,120,-0.026,5.653,5.447,4.271,-0.041,-0.065,-0.040,0.020,0.068,0.806,,,84.000,9.000,1.000,0.000
2020-03-30,MNE,"srp,sq,bs,hr,sr",254,0,4,1,32,0,0,0,2319,738,85053,0,0,0,0,98,3,153,0.100,5.552,5.422,4.338,-0.058,-0.049,-0.048,-0.012,0.077,0.241,,,85.000,1.000,1.000,0.000
2020-03-31,MNE,"srp,sq,bs,hr,sr",282,0,2,0,35,0,0,0,1122,0,246992,0,0,0,8,135,2,137,-0.006,5.500,5.429,4.246,,-0.013,-0.044,0.012,0.075,0.000,,,91.000,6.000,1.000,0.000
2020-04-01,MNE,"srp,sq,bs,hr,sr",231,2,2,2,36,0,0,0,791,6748,200701,0,0,0,1,97,6,127,-0.026,5.356,5.279,4.355,0.050,-0.034,-0.049,-0.022,0.078,0.895,,,109.000,18.000,1.000,0.000
2020-04-02,MNE,"srp,sq,bs,hr,sr",240,1,3,2,8,0,0,0,25457,1328,159478,0,0,0,10,107,2,121,-0.001,5.413,5.389,4.276,-0.011,-0.022,-0.037,0.033,0.076,0.050,,,123.000,14.000,1.000,0.000
2020-04-03,MNE,"srp,sq,bs,hr,sr",214,0,6,1,23,0,0,0,6923,1066,110928,0,0,0,5,95,4,110,0.125,5.698,5.541,4.226,-0.038,-0.009,-0.034,0.018,0.067,0.133,,,144.000,21.000,2.000,1.000
2020-04-04,MNE,"srp,sq,bs,hr,sr",219,1,6,3,27,0,0,0,29397,2609,338950,0,0,0,1,83,4,131,0.014,5.466,5.376,4.293,-0.028,-0.015,-0.039,0.006,0.072,0.082,,,174.000,30.000,2.000,0.000
2020-04-05,MNE,"srp,sq,bs,hr,sr",203,0,6,4,25,0,0,0,3441,4843,244878,0,0,0,0,102,1,100,0.127,5.877,5.595,4.299,-0.028,-0.041,-0.049,-0.013,0.074,0.585,,,201.000,27.000,2.000,0.000
2020-04-06,MNE,"srp,sq,bs,hr,sr",175,0,9,5,21,0,0,0,5909,2865,201213,0,0,0,2,84,0,89,-0.028,5.233,5.349,4.392,-0.117,-0.046,-0.044,0.003,0.078,0.327,,,214.000,13.000,2.000,0.000
2020-04-07,MNE,"srp,sq,bs,hr,sr",212,2,7,3,26,0,0,1,3580,4181,234707,0,0,4728,2,87,4,119,0.109,5.582,5.477,4.188,,0.053,-0.043,-0.015,0.071,0.539,,,233.000,19.000,2.000,0.000
2020-04-08,MNE,"srp,sq,bs,hr,sr",220,0,4,1,15,0,0,0,3016,956,125848,0,0,0,6,75,3,136,0.054,5.503,5.430,4.263,-0.040,-0.001,-0.046,0.022,0.077,0.241,,,241.000,8.000,2.000,0.000
2020-04-09,MNE,"srp,sq,bs,hr,sr",216,0,5,2,31,0,0,0,8391,11008,195776,0,0,0,2,95,4,115,0.109,5.605,5.527,4.278,-0.029,-0.016,-0.048,-0.019,0.073,0.567,,,249.000,8.000,2.000,0.000
2020-04-10,MNE,"srp,sq,bs,hr,sr",184,0,3,2,20,0,0,0,6177,241,178215,0,0,0,6,78,3,97,0.160,5.620,5.494,4.257,0.038,,-0.040,0.022,0.067,0.038,,,252.000,3.000,2.000,0.000
2020-04-11,MNE,"srp,sq,bs,hr,sr",240,1,12,1,34,0,0,1,16881,428,292896,0,0,67,1,75,1,163,-0.058,5.538,5.451,4.292,-0.037,0.046,-0.042,0.016,0.075,0.025,,,257.000,5.000,2.000,0.000
2020-04-12,MNE,"srp,sq,bs,hr,sr",203,0,8,4,27,0,0,0,107013,2033,429537,0,0,0,0,78,2,123,-0.006,5.455,5.407,4.265,-0.070,-0.068,-0.041,0.009,0.073,0.019,,,263.000,6.000,2.000,0.000
2020-04-13,MNE,"srp,sq,bs,hr,sr",203,0,9,1,22,0,0,0,36154,24854,54306,0,0,0,0,85,4,114,0.062,5.557,5.493,4.318,-0.043,-0.049,-0.039,0.006,0.077,0.407,,,272.000,9.000,3.000,1.000
2020-04-14,MNE,"srp,sq,bs,hr,sr",236,0,6,1,32,0,0,0,4234,733,244049,0,0,0,4,93,4,135,0.070,5.560,5.416,4.245,0.039,0.051,-0.044,0.027,0.075,0.148,,,274.000,2.000,3.000,0.000
2020-04-15,MNE,"srp,sq,bs,hr,sr",172,0,9,2,22,0,0,0,4250,69,173193,0,0,0,5,71,2,94,0.012,5.342,5.305,4.327,0.038,0.054,-0.028,0.012,0.064,0.016,,,283.000,9.000,4.000,1.000
2020-04-16,MNE,"srp,sq,bs,hr,sr",179,0,9,3,20,0,0,0,15013,6625,119548,0,0,0,4,77,2,96,0.009,5.586,5.469,4.346,-0.080,0.046,-0.047,0.032,0.076,0.306,,,288.000,5.000,4.000,0.000
2020-04-17,MNE,"srp,sq,bs,hr,sr",224,2,6,1,30,0,0,0,5140,14867,236297,0,0,0,12,79,1,132,0.114,5.559,5.443,4.316,-0.017,0.027,-0.051,-0.039,0.079,0.743,,,303.000,15.000,4.000,0.000
2020-04-18,MNE,"srp,sq,bs,hr,sr",207,0,6,4,39,0,0,0,3598,8979,767559,0,0,0,0,91,5,111,-0.001,5.347,5.390,4.275,-0.030,-0.057,-0.047,-0.040,0.078,0.714,,,303.000,0.000,4.000,0.000
2020-04-19,MNE,"srp,sq,bs,hr,sr",162,0,3,4,17,0,0,0,9120,3776,374955,0,0,0,2,76,2,82,0.094,5.612,5.495,4.245,0.026,0.051,-0.027,0.003,0.051,0.293,,,307.000,4.000,5.000,1.000
2020-04-20,MNE,"srp,sq,bs,hr,sr",213,0,9,6,23,0,0,0,15846,21605,125962,0,0,0,2,105,4,102,0.023,5.448,5.314,4.331,0.015,0.049,-0.043,-0.009,0.072,0.577,,,308.000,1.000,5.000,0.000
2020-04-21,MNE,"srp,sq,bs,hr,sr",262,1,9,7,24,0,0,0,5139,18511,236424,0,0,0,9,114,2,137,0.015,5.545,5.500,4.233,-0.002,0.035,-0.041,0.015,0.072,0.783,,,312.000,4.000,5.000,0.000
2020-04-22,MNE,"srp,sq,bs,hr,sr",249,0,8,4,29,0,0,0,3998,7525,195373,0,0,0,12,104,1,132,-0.004,5.550,5.441,4.179,-0.034,-0.038,-0.046,-0.006,0.071,0.653,,,313.000,1.000,5.000,0.000
2020-04-23,MNE,"srp,sq,bs,hr,sr",234,0,8,5,18,0,0,0,5564,3491,152341,0,0,0,10,79,5,140,-0.025,5.414,5.405,4.195,0.009,-0.002,-0.042,0.009,0.071,0.386,,,315.000,2.000,5.000,0.000
2020-04-24,MNE,"srp,sq,bs,hr,sr",232,0,4,4,19,0,0,0,2776,4588,135653,0,0,0,1,101,9,121,-0.001,5.456,5.412,4.270,-0.053,-0.045,-0.046,-0.014,0.078,0.623,,,319.000,4.000,5.000,0.000
2020-04-25,MNE,"srp,sq,bs,hr,sr",205,1,7,2,31,0,0,0,1986,24945,488539,0,0,0,3,122,3,77,-0.060,5.552,5.469,4.272,-0.040,-0.049,-0.040,0.017,0.074,0.926,,,319.000,0.000,6.000,1.000
2020-04-26,MNE,"srp,sq,bs,hr,sr",202,0,8,2,43,0,0,0,5302,643,971616,0,0,0,0,87,1,114,-0.093,5.465,5.434,4.194,-0.043,0.001,-0.044,0.010,0.078,0.108,,,320.000,1.000,6.000,0.000
2020-04-27,MNE,"srp,sq,bs,hr,sr",261,1,13,1,44,0,0,0,41525,62,369275,0,0,0,7,101,2,151,0.149,5.555,5.467,4.304,-0.018,0.030,-0.040,0.025,0.068,0.001,,,321.000,1.000,7.000,1.000
2020-04-28,MNE,"srp,sq,bs,hr,sr",185,0,8,1,23,0,0,0,4167,37,222855,0,0,0,9,64,0,112,-0.009,5.528,5.474,4.310,-0.014,-0.000,-0.051,0.010,0.075,0.009,,,321.000,0.000,7.000,0.000
2020-04-29,MNE,"srp,sq,bs,hr,sr",227,0,8,7,31,0,0,0,2944,25506,186266,0,0,0,2,91,2,132,0.067,5.450,5.372,4.291,-0.049,0.012,-0.029,0.004,0.072,0.897,,,321.000,0.000,7.000,0.000
2020-04-30,MNE,"srp,sq,bs,hr,sr",206,0,11,3,28,0,0,0,10032,10754,280730,0,0,0,3,106,1,96,0.101,5.602,5.436,4.276,-0.040,-0.024,-0.041,0.016,0.072,0.517,,,322.000,1.000,7.000,0.000
2020-05-01,MNE,"srp,sq,bs,hr,sr",255,0,14,5,25,0,0,0,10049,928,191124,0,0,0,5,89,1,160,0.035,5.481,5.450,4.256,-0.059,-0.007,-0.045,-0.014,0.071,0.085,,,322.000,0.000,7.000,0.000
2020-05-02,MNE,"srp,sq,bs,hr,sr",227,0,13,7,21,0,0,0,20219,35795,230545,0,0,0,4,104,4,115,-0.003,5.352,5.377,4.328,-0.057,-0.070,-0.042,-0.018,0.072,0.639,,,322.000,0.000,7.000,0.000
2020-05-03,MNE,"srp,sq,bs,hr,sr",268,0,10,1,29,0,0,0,5223,591,69921,0,0,0,6,71,2,189,-0.051,5.383,5.376,4.344,-0.032,,-0.045,0.009,0.073,0.102,,,322.000,0.000,7.000,0.000
2020-05-04,MNE,"srp,sq,bs,hr,sr",213,0,13,4,20,0,0,0,14830,18132,170207,0,0,0,3,88,2,120,0.007,5.365,5.334,4.302,-0.052,-0.020,-0.031,0.011,0.062,0.550,,,322.000,0.000,8.000,1.000
2020-05-05,MNE,"srp,sq,bs,hr,sr",221,0,6,0,22,0,0,0,26535,0,72623,0,0,0,5,76,3,137,0.156,5.594,5.496,4.285,-0.041,-0.017,-0.042,0.008,0.076,0.000,,,323.000,1.000,8.000,0.000
2020-05-06,MNE,"srp,sq,bs,hr,sr",209,1,2,1,26,0,0,0,2101,281,146797,0,0,0,3,85,4,117,0.068,5.602,5.468,4.313,-0.041,-0.050,-0.038,-0.004,0.074,0.118,,,324.000,1.000,8.000,0.000
2020-05-07,MNE,"srp,sq,bs,hr,sr",205,0,9,7,13,0,0,0,12564,2812,120218,0,0,0,3,103,0,99,0.068,5.810,5.519,4.267,-0.034,-0.044,-0.046,0.033,0.073,0.183,,,324.000,0.000,8.000,0.000
2020-05-08,MNE,"srp,sq,bs,hr,sr",215,0,8,1,25,0,0,0,8294,87,49029,0,0,0,8,96,1,110,0.156,5.403,5.412,4.324,-0.083,-0.074,-0.031,0.019,0.069,0.010,,,324.000,0.000,8.000,0.000
2020-05-09,MNE,"srp,sq,bs,hr,sr",215,0,14,3,20,0,0,0,5702,865,66592,0,0,0,2,110,0,103,0.026,5.566,5.398,4.309,-0.024,-0.049,-0.046,0.002,0.069,0.132,,,324.000,0.000,8.000,0.000
2020-05-10,MNE,"srp,sq,bs,hr,sr",189,0,6,4,17,0,0,0,3508,1456,269772,0,0,0,4,81,1,103,0.027,5.617,5.528,4.352,,,-0.042,0.031,0.070,0.293,,,324.000,0.000,8.000,0.000
2020-05-11,MNE,"srp,sq,bs,hr,sr",216,0,4,3,21,0,0,0,8505,4277,124732,0,0,0,6,93,2,115,-0.007,5.983,5.707,4.444,-0.031,0.048,-0.045,0.014,0.077,0.335,,,324.000,0.000,9.000,1.000
2020-05-12,MNE,"srp,sq,bs,hr,sr",204,0,8,2,19,0,0,0,6282,1723,168157,0,0,0,3,99,7,95,0.044,5.529,5.468,4.277,-0.049,0.008,-0.034,0.034,0.072,0.215,,,324.000,0.000,9.000,0.000
2020-05-13,MNE,"srp,sq,bs,hr,sr",167,0,9,4,14,0,0,0,4128,2327,26626,0,0,0,6,71,0,90,0.042,5.392,5.347,4.377,,,-0.044,0.010,0.069,0.360,,,324.000,0.000,9.000,0.000
2020-05-14,MNE,"srp,sq,bs,hr,sr",238,0,7,2,24,0,0,0,15014,811,108717,0,0,0,8,92,1,137,0.062,5.515,5.464,4.260,-0.047,-0.049,-0.041,0.013,0.071,0.051,,,324.000,0.000,9.000,0.000
2020-05-15,MNE,"srp,sq,bs,hr,sr",206,0,5,4,19,0,0,0,1644,770,26945,0,0,0,4,80,2,120,0.112,5.541,5.439,4.255,-0.013,-0.046,-0.036,0.022,0.070,0.319,,,324.000,0.000,9.000,0.000
2020-05-16,MNE,"srp,sq,bs,hr,sr",190,0,6,4,32,0,0,0,3001,4863,523683,0,0,0,3,80,5,102,-0.007,5.383,5.403,4.283,0.004,-0.045,-0.042,0.004,0.067,0.618,,,324.000,0.000,9.000,0.000
2020-05-17,MNE,"srp,sq,bs,hr,sr",178,0,4,7,19,0,0,0,686,10838,346243,0,0,0,5,60,2,111,-0.064,5.544,5.390,4.208,-0.060,-0.041,-0.040,-0.007,0.072,0.940,,,324.000,0.000,9.000,0.000
2020-05-18,MNE,"srp,sq,bs,hr,sr",212,0,8,4,17,0,0,0,1236,13584,139443,0,0,0,2,113,3,94,-0.018,5.362,5.390,4.338,-0.067,-0.070,-0.053,-0.006,0.077,0.917,,,324.000,0.000,9.000,0.000
2020-05-19,MNE,"srp,sq,bs,hr,sr",214,0,11,1,23,0,0,0,10499,128,22592,0,0,0,2,97,0,115,0.004,5.544,5.506,4.348,-0.049,-0.001,-0.046,0.012,0.073,0.012,,,324.000,0.000,9.000,0.000
2020-05-20,MNE,"srp,sq,bs,hr,sr",169,0,4,5,17,0,0,0,2893,14638,178022,0,0,0,7,93,0,69,-0.057,5.367,5.372,4.418,-0.059,-0.052,-0.038,-0.017,0.076,0.835,,,324.000,0.000,9.000,0.000
2020-05-21,MNE,"srp,sq,bs,hr,sr",169,0,4,4,15,0,0,0,544,528,198889,0,0,0,3,73,4,89,0.101,5.529,5.449,4.357,-0.074,0.005,-0.037,0.011,0.068,0.493,,,324.000,0.000,9.000,0.000
2020-05-22,MNE,"srp,sq,bs,hr,sr",188,0,11,5,26,0,0,0,52800,10863,324764,0,0,0,2,81,0,105,0.022,5.449,5.377,4.305,-0.024,-0.025,-0.034,0.027,0.063,0.171,,,324.000,0.000,9.000,0.000
2020-05-23,MNE,"srp,sq,bs,hr,sr",144,0,9,3,13,0,0,0,3239,420,170573,0,0,0,2,74,0,68,0.084,5.376,5.357,4.289,-0.040,0.049,-0.041,0.005,0.075,0.115,,,324.000,0.000,9.000,0.000
2020-05-24,MNE,"srp,sq,bs,hr,sr",566,1,6,4,26,0,0,0,2034,1443,526476,0,0,0,7,226,4,329,0.249,5.995,5.788,4.337,-0.006,,-0.022,0.032,0.051,0.415,,,324.000,0.000,9.000,0.000
2020-05-25,MNE,"srp,sq,bs,hr,sr",319,0,6,1,23,0,0,0,3008,144,31968,0,0,0,4,167,0,148,0.065,5.869,5.641,4.223,-0.018,-0.054,-0.034,0.014,0.066,0.046,,,324.000,0.000,9.000,0.000
2020-05-26,MNE,"srp,sq,bs,hr,sr",245,0,5,7,24,0,0,0,2758,11980,81521,0,0,0,1,118,2,124,0.085,5.534,5.488,4.168,-0.020,0.013,-0.042,0.016,0.073,0.813,,,324.000,0.000,9.000,0.000
2020-05-27,MNE,"srp,sq,bs,hr,sr",224,0,7,4,16,0,0,0,2744,894,10137,0,0,0,8,83,2,131,0.050,5.545,5.496,4.177,-0.025,0.000,-0.045,-0.012,0.076,0.246,,,324.000,0.000,9.000,0.000
2020-05-28,MNE,"srp,sq,bs,hr,sr",213,0,3,1,12,0,0,0,26498,153,83289,0,0,0,5,90,2,116,-0.029,5.470,5.417,4.262,0.024,-0.027,-0.046,-0.001,0.072,0.006,,,324.000,0.000,9.000,0.000
2020-05-29,MNE,"srp,sq,bs,hr,sr",265,0,14,7,33,0,0,0,8006,118009,21020,0,0,0,2,74,1,188,-0.266,5.199,5.230,4.267,0.018,0.013,-0.033,0.019,0.067,0.936,,,324.000,0.000,9.000,0.000
2020-05-30,MNE,"srp,sq,bs,hr,sr",215,0,3,5,19,0,0,0,2571,13339,6200,0,0,0,1,71,0,143,-0.154,5.388,5.341,4.288,-0.076,0.003,-0.025,0.013,0.058,0.838,,,324.000,0.000,9.000,0.000
2020-05-31,MNE,"srp,sq,bs,hr,sr",263,0,0,1,12,0,0,0,0,754,59493,0,0,0,6,96,2,159,-0.050,5.383,5.399,4.269,-0.023,-0.021,-0.040,0.005,0.071,1.000,,,324.000,0.000,9.000,0.000
2020-06-01,MNE,"srp,sq,bs,hr,sr",283,0,4,1,16,0,0,0,2591,6274,12195,0,0,0,3,146,3,131,0.052,5.432,5.406,4.285,-0.027,-0.000,-0.046,-0.013,0.073,0.708,,,324.000,0.000,9.000,0.000
2020-06-02,MNE,"srp,sq,bs,hr,sr",274,0,3,3,16,0,0,0,12595,11973,12759,0,0,0,7,148,3,116,-0.047,5.230,5.330,4.144,-0.051,-0.032,-0.033,0.030,0.067,0.487,,,324.000,0.000,9.000,0.000
2020-06-03,MNE,"srp,sq,bs,hr,sr",186,1,12,2,13,0,0,0,7230,7235,8861,0,0,0,0,63,2,121,-0.069,5.389,5.357,4.250,-0.001,-0.036,-0.034,0.027,0.072,0.500,,,324.000,0.000,9.000,0.000
2020-06-04,MNE,"srp,sq,bs,hr,sr",204,0,5,1,11,0,0,0,12585,138,64402,0,0,0,8,83,2,111,-0.109,5.570,5.405,4.318,-0.036,-0.018,-0.036,0.011,0.068,0.011,,,324.000,0.000,9.000,0.000
2020-06-05,MNE,"srp,sq,bs,hr,sr",185,0,4,0,20,0,0,0,2605,0,88773,0,0,0,11,72,2,100,0.003,5.467,5.473,4.284,0.000,0.014,-0.033,0.013,0.069,0.000,,,324.000,0.000,9.000,0.000
2020-06-06,MNE,"srp,sq,bs,hr,sr",198,0,7,0,12,0,0,0,3612,0,2329,0,0,0,0,82,0,116,0.067,5.472,5.447,4.311,-0.054,-0.055,-0.032,-0.010,0.070,0.000,,,324.000,0.000,9.000,0.000
2020-06-07,MNE,"srp,sq,bs,hr,sr",160,0,11,0,8,0,0,0,7621,0,25249,0,0,0,2,64,0,94,-0.153,5.429,5.353,4.343,-0.041,-0.047,-0.046,0.017,0.067,0.000,,,324.000,0.000,9.000,0.000
2020-06-08,MNE,"srp,sq,bs,hr,sr",254,0,16,3,26,0,0,0,35298,7138,17168,0,0,0,3,123,2,126,0.057,5.394,5.349,4.271,-0.002,,-0.039,0.022,0.072,0.168,,,324.000,0.000,9.000,0.000
2020-06-09,MNE,"srp,sq,bs,hr,sr",194,0,13,1,19,0,0,0,114231,342,178182,0,0,0,3,68,6,117,0.087,5.577,5.482,4.345,-0.025,-0.031,-0.047,0.004,0.076,0.003,,,324.000,0.000,9.000,0.000
2020-06-10,MNE,"srp,sq,bs,hr,sr",196,0,4,2,30,0,0,0,19588,1500,30698,0,0,0,3,75,2,116,-0.064,5.456,5.394,4.187,-0.002,0.003,-0.043,0.009,0.066,0.071,,,324.000,0.000,9.000,0.000
2020-06-11,MNE,"srp,sq,bs,hr,sr",186,0,2,2,13,0,0,0,646,942,116490,0,0,0,1,53,1,131,-0.036,5.409,5.393,4.267,-0.041,-0.049,-0.041,0.033,0.075,0.593,,,324.000,0.000,9.000,0.000
2020-06-12,MNE,"srp,sq,bs,hr,sr",165,0,5,4,17,0,0,0,1265,9213,165408,0,0,0,4,75,6,80,-0.033,5.317,5.293,4.312,-0.040,-0.055,-0.034,0.003,0.062,0.879,,,324.000,0.000,9.000,0.000
2020-06-13,MNE,"srp,sq,bs,hr,sr",173,0,6,6,14,0,0,0,3546,7588,108018,0,0,0,0,79,0,94,0.028,5.519,5.496,4.303,-0.026,-0.022,-0.043,0.033,0.070,0.682,,,324.000,0.000,9.000,0.000
2020-06-14,MNE,"srp,sq,bs,hr,sr",162,0,4,2,8,0,0,0,2995,3052,116600,0,0,0,1,50,2,109,-0.068,5.542,5.416,4.401,-0.077,0.005,-0.033,0.004,0.071,0.505,,,324.000,0.000,9.000,0.000
2020-06-15,MNE,"srp,sq,bs,hr,sr",162,0,2,2,19,0,0,0,237,6862,21824,0,0,0,1,49,2,110,0.110,5.613,5.456,4.288,-0.069,-0.050,-0.031,0.007,0.067,0.967,,,325.000,1.000,9.000,0.000
2020-06-16,MNE,"srp,sq,bs,hr,sr",168,0,5,4,39,0,0,0,7053,21177,148540,0,0,0,1,64,2,101,0.000,5.586,5.469,4.245,-0.047,0.044,-0.043,-0.019,0.071,0.750,,,326.000,1.000,9.000,0.000
2020-06-17,MNE,"srp,sq,bs,hr,sr",235,0,8,3,16,0,0,0,105238,7250,91571,0,0,0,4,112,2,117,0.146,5.581,5.471,4.508,-0.062,-0.049,-0.045,0.019,0.082,0.064,,,326.000,0.000,9.000,0.000
2020-06-18,MNE,"srp,sq,bs,hr,sr",338,2,24,0,15,0,0,0,62191,0,112405,0,0,0,6,161,4,167,0.010,5.597,5.538,4.414,-0.027,-0.049,-0.035,0.022,0.074,0.000,,,333.000,7.000,9.000,0.000
2020-06-19,MNE,"srp,sq,bs,hr,sr",203,0,17,0,12,0,0,0,11601,0,10847,0,0,0,9,89,0,105,0.191,5.638,5.557,4.242,-0.028,0.003,-0.037,0.022,0.082,0.000,,,337.000,4.000,9.000,0.000
2020-06-20,MNE,"srp,sq,bs,hr,sr",213,0,5,0,19,0,0,0,3634,0,95298,0,0,0,4,96,1,112,-0.158,5.466,5.500,4.301,-0.024,-0.016,-0.053,-0.032,0.065,0.000,,,355.000,18.000,9.000,0.000
2020-06-21,MNE,"srp,sq,bs,hr,sr",168,0,2,1,10,0,0,0,976,127,42097,0,0,0,3,70,0,95,-0.066,5.485,5.464,4.368,-0.019,0.046,-0.045,-0.009,0.074,0.115,,,359.000,4.000,9.000,0.000
2020-06-22,MNE,"srp,sq,bs,hr,sr",183,0,9,1,16,0,0,0,3730,1055,20383,0,0,0,0,75,1,107,-0.023,5.387,5.401,4.165,-0.064,-0.015,-0.042,-0.005,0.075,0.220,,,362.000,3.000,9.000,0.000
2020-06-23,MNE,"srp,sq,bs,hr,sr",269,2,14,0,15,0,0,0,35008,0,71782,0,0,0,12,123,3,131,0.023,5.553,5.448,4.189,-0.060,-0.016,-0.041,-0.012,0.072,0.000,,,367.000,5.000,9.000,0.000
2020-06-24,MNE,"srp,sq,bs,hr,sr",205,0,5,2,20,0,0,0,3023,15775,28076,0,0,0,3,96,5,101,0.018,5.456,5.386,4.306,-0.050,-0.035,-0.033,0.010,0.071,0.839,,,378.000,11.000,9.000,0.000
2020-06-25,MNE,"srp,sq,bs,hr,sr",199,0,5,3,11,0,0,0,2432,10055,26658,0,0,0,1,75,2,121,0.095,5.517,5.417,4.235,-0.054,-0.023,-0.037,0.024,0.071,0.805,,,389.000,11.000,9.000,0.000
2020-06-26,MNE,"srp,sq,bs,hr,sr",239,0,1,4,19,0,0,0,716,14942,86550,0,0,0,5,98,1,135,-0.011,5.398,5.334,4.285,-0.076,-0.072,-0.038,-0.007,0.071,0.954,,,414.000,25.000,9.000,0.000
2020-06-27,MNE,"srp,sq,bs,hr,sr",244,0,6,4,15,0,0,0,7868,26516,30974,0,0,0,1,81,1,161,-0.204,5.081,5.086,4.343,-0.069,-0.062,-0.025,0.014,0.056,0.771,,,439.000,25.000,9.000,0.000
2020-06-28,MNE,"srp,sq,bs,hr,sr",233,1,7,0,20,0,0,0,11439,0,112933,0,0,0,5,90,2,136,0.027,5.478,5.431,4.163,-0.066,-0.035,-0.044,-0.012,0.071,0.000,,,469.000,30.000,9.000,0.000
2020-06-29,MNE,"srp,sq,bs,hr,sr",295,3,11,0,22,0,0,0,13393,0,124427,0,0,0,6,101,1,187,0.030,5.430,5.350,4.326,-0.080,-0.049,-0.045,-0.035,0.079,0.000,,,481.000,12.000,11.000,2.000
2020-06-30,MNE,"srp,sq,bs,hr,sr",213,0,11,5,15,0,0,0,7009,30202,232427,0,0,0,1,95,1,116,-0.107,5.343,5.352,4.331,-0.102,-0.011,-0.045,-0.003,0.076,0.812,,,501.000,20.000,11.000,0.000
2020-07-01,MNE,"srp,sq,bs,hr,sr",221,0,8,3,14,0,0,0,21239,18387,1932,0,0,0,4,95,2,120,0.055,5.427,5.425,4.281,-0.089,0.016,-0.034,0.012,0.066,0.464,,,548.000,47.000,12.000,1.000
2020-07-02,MNE,"srp,sq,bs,hr,sr",234,0,11,7,18,0,0,0,9005,14741,82501,0,0,0,2,130,4,98,-0.085,5.479,5.382,4.314,-0.055,-0.001,-0.037,0.011,0.070,0.621,,,576.000,28.000,12.000,0.000
2020-07-03,MNE,"srp,sq,bs,hr,sr",178,1,4,9,12,0,0,0,12196,32844,127768,0,0,0,3,81,3,91,-0.001,5.586,5.376,4.266,-0.048,-0.034,-0.022,0.032,0.054,0.729,,,616.000,40.000,13.000,1.000
2020-07-04,MNE,"srp,sq,bs,hr,sr",299,3,4,2,13,0,0,0,7759,7088,108418,0,0,0,1,129,1,168,-0.045,5.548,5.500,4.139,-0.059,-0.042,-0.040,-0.003,0.070,0.477,,,663.000,47.000,13.000,0.000
2020-07-05,MNE,"srp,sq,bs,hr,sr",242,0,8,3,36,0,0,0,24953,9551,128861,0,0,0,1,101,1,139,0.059,5.510,5.444,4.195,-0.052,-0.049,-0.039,0.006,0.073,0.277,,,720.000,57.000,14.000,1.000
2020-07-06,MNE,"srp,sq,bs,hr,sr",255,2,8,2,11,0,0,0,3846,6259,20576,0,0,0,1,111,0,143,0.088,5.546,5.424,4.283,-0.033,-0.049,-0.040,0.014,0.067,0.619,,,781.000,61.000,14.000,0.000
2020-07-07,MNE,"srp,sq,bs,hr,sr",225,0,11,6,18,0,0,0,18889,46828,231923,0,0,0,0,87,2,136,0.119,5.663,5.502,4.176,0.014,-0.055,-0.050,0.012,0.080,0.713,,,841.000,60.000,14.000,0.000
2020-07-08,MNE,"srp,sq,bs,hr,sr",269,1,8,1,18,0,0,0,12293,763,90723,0,0,0,4,115,4,146,-0.122,5.320,5.323,4.236,-0.039,-0.022,-0.043,-0.013,0.074,0.058,,,907.000,66.000,17.000,3.000
2020-07-09,MNE,"srp,sq,bs,hr,sr",210,0,4,0,16,0,0,0,10107,0,39174,0,0,0,3,94,2,111,-0.058,5.517,5.467,4.357,-0.055,-0.042,-0.045,-0.018,0.075,0.000,,,960.000,53.000,17.000,0.000
2020-07-10,MNE,"srp,sq,bs,hr,sr",194,0,12,1,20,0,0,0,25771,141,72474,0,0,0,3,65,1,125,-0.127,5.400,5.434,4.322,-0.049,-0.049,-0.036,0.011,0.064,0.005,,,1019.000,59.000,19.000,2.000
2020-07-11,MNE,"srp,sq,bs,hr,sr",184,0,4,2,18,0,0,0,1582,4737,147689,0,0,0,1,89,2,92,-0.054,5.552,5.418,4.303,-0.040,-0.000,-0.047,-0.009,0.069,0.750,,,1077.000,58.000,19.000,0.000
2020-07-12,MNE,"srp,sq,bs,hr,sr",189,0,4,5,18,0,0,0,6227,10960,181706,0,0,0,2,88,0,99,-0.077,5.482,5.326,4.336,-0.004,0.047,-0.040,0.001,0.076,0.638,,,1164.000,87.000,23.000,4.000
2020-07-13,MNE,"srp,sq,bs,hr,sr",197,0,9,3,8,0,0,0,6792,10313,11933,0,0,0,4,76,2,115,0.053,5.552,5.435,4.274,-0.014,-0.073,-0.047,0.000,0.071,0.603,,,1221.000,57.000,23.000,0.000
2020-07-14,MNE,"srp,sq,bs,hr,sr",225,0,5,1,13,0,0,0,13820,4772,18432,0,0,0,3,95,0,127,0.042,5.553,5.462,4.232,-0.040,-0.035,-0.048,0.033,0.070,0.257,,,1453.000,232.000,24.000,1.000
2020-07-15,MNE,"srp,sq,bs,hr,sr",230,1,6,1,34,0,0,0,9210,403,102238,0,0,0,1,103,1,125,0.048,5.528,5.442,4.296,-0.043,-0.041,-0.041,-0.009,0.070,0.042,,,1522.000,69.000,25.000,1.000
2020-07-16,MNE,"srp,sq,bs,hr,sr",172,0,7,0,20,0,0,0,46386,0,261520,0,0,0,1,71,1,99,0.146,5.589,5.429,4.239,-0.012,-0.014,-0.040,0.033,0.071,0.000,,,1582.000,60.000,25.000,0.000
2020-07-17,MNE,"srp,sq,bs,hr,sr",236,0,8,2,23,0,0,0,55511,3113,18723,0,0,0,6,98,1,131,-0.076,5.415,5.343,4.245,-0.047,-0.024,-0.034,0.016,0.069,0.053,,,1618.000,36.000,26.000,1.000
2020-07-18,MNE,"srp,sq,bs,hr,sr",177,2,8,2,25,0,0,0,12589,614,330317,0,0,0,0,85,0,92,-0.003,5.437,5.373,4.252,-0.023,-0.002,-0.043,0.020,0.074,0.047,,,1618.000,0.000,26.000,0.000
2020-07-19,MNE,"srp,sq,bs,hr,sr",207,1,6,2,17,0,0,0,2828,9745,143373,0,0,0,1,91,1,114,-0.062,5.515,5.493,4.208,-0.022,-0.004,-0.045,0.022,0.075,0.775,,,1664.000,46.000,28.000,2.000
2020-07-20,MNE,"srp,sq,bs,hr,sr",267,3,17,3,17,0,0,0,21059,16742,70307,0,0,0,4,125,5,133,0.015,5.581,5.511,4.316,-0.026,-0.038,-0.046,-0.001,0.075,0.443,,,1771.000,107.000,30.000,2.000
2020-07-21,MNE,"srp,sq,bs,hr,sr",250,0,8,4,26,0,0,0,8533,12448,161285,0,0,0,6,89,0,155,0.066,5.496,5.400,4.257,-0.046,-0.049,-0.031,0.007,0.063,0.593,,,1861.000,90.000,32.000,2.000
2020-07-22,MNE,"srp,sq,bs,hr,sr",204,0,4,4,17,0,0,0,1504,7727,105025,0,0,0,3,91,0,110,-0.116,5.400,5.379,4.284,-0.044,-0.052,-0.049,0.005,0.078,0.837,,,1920.000,59.000,35.000,3.000
2020-07-23,MNE,"srp,sq,bs,hr,sr",183,0,12,0,16,0,0,0,16989,0,184660,0,0,0,3,78,3,99,0.030,5.533,5.424,4.303,-0.098,0.049,-0.042,0.033,0.068,0.000,,,1937.000,17.000,35.000,0.000
2020-07-24,MNE,"srp,sq,bs,hr,sr",182,1,9,2,17,0,0,0,11598,5162,185196,0,0,0,1,69,3,109,-0.111,5.413,5.464,4.257,-0.040,,-0.035,0.013,0.068,0.308,,,2261.000,324.000,39.000,4.000
2020-07-25,MNE,"srp,sq,bs,hr,sr",225,0,5,5,25,0,0,0,7558,15761,162993,0,0,0,3,86,0,136,-0.128,5.328,5.278,4.424,-0.058,0.002,-0.039,0.015,0.074,0.676,,,2569.000,308.000,40.000,1.000
2020-07-26,MNE,"srp,sq,bs,hr,sr",191,0,2,4,20,0,0,0,5166,10982,187896,0,0,0,1,60,2,128,-0.053,5.442,5.441,4.284,-0.008,0.022,-0.029,0.012,0.061,0.680,,,2569.000,0.000,40.000,0.000
2020-07-27,MNE,"srp,sq,bs,hr,sr",205,2,7,9,16,0,0,0,6342,33028,64234,0,0,0,2,66,0,137,-0.001,5.439,5.376,4.343,-0.041,-0.005,-0.043,0.010,0.071,0.839,,,2569.000,0.000,40.000,0.000
2020-07-28,MNE,"srp,sq,bs,hr,sr",247,1,10,5,22,0,0,0,10642,33413,88855,0,0,0,6,122,0,119,-0.042,5.440,5.335,4.307,-0.031,-0.026,-0.032,0.002,0.068,0.758,,,2893.000,324.000,43.000,3.000
2020-07-29,MNE,"srp,sq,bs,hr,sr",179,0,3,3,14,0,0,0,2188,5446,154577,0,0,0,0,99,1,79,0.066,5.582,5.426,4.340,-0.009,0.025,-0.042,0.011,0.073,0.713,,,2949.000,56.000,45.000,2.000
2020-07-30,MNE,"srp,sq,bs,hr,sr",198,0,5,2,16,0,0,0,9575,6318,75294,0,0,0,1,99,1,97,0.109,5.535,5.436,4.299,-0.047,-0.018,-0.036,-0.006,0.068,0.398,,,3016.000,67.000,47.000,2.000
