datetime,iso,local_languages,info_tweets,info_tweets_T,info_tweets_RE,info_tweets_RT,info_tweets_local,info_fact_reliable,info_fact_unreliable,info_fact_unknown,info_fact_shadow,info_fact_missing,info_fact_science,info_fact_msm,info_fact_satire,info_fact_clickbait,info_fact_political,info_fact_fake,info_fact_conspiracy,info_fact_reliable_local,info_fact_unreliable_local,info_fact_unknown_local,info_exposure_fact_reliable,info_exposure_fact_unreliable,info_exposure_fact_unknown,info_exposure_fact_reliable_local,info_exposure_fact_unreliable_local,info_exposure_fact_unknown_local,info_bot_verified,info_bot_unverified,info_human_verified,info_human_unverified,info_sentiment,info_vad_V,info_vad_A,info_vad_D,info_big_5_O,info_big_5_C,info_big_5_E,info_big_5_A,info_big_5_N,info_risk_index,info_risk_index_local,eco_close_pct,epi_confirmed,epi_confirmed_new,epi_dead,epi_dead_new
2020-01-22,MNG,mn,242,37,4,201,0,59,24,48,21,27,4,55,0,0,10,13,1,0,0,0,867189,325433,546630,0,0,0,2,99,8,133,-0.2450,5.2380,5.1420,4.2190,-0.0310,,-0.0440,-0.0220,0.0840,0.2730,,,,,,
2020-01-23,MNG,mn,441,61,11,369,0,57,34,83,35,32,0,57,0,1,21,11,1,0,0,0,693841,195218,751475,0,0,0,2,170,0,269,-0.2320,5.3980,5.1690,4.3830,,,-0.0540,-0.0220,0.0850,0.2200,,,,,,
2020-01-24,MNG,mn,840,163,9,668,0,83,36,66,28,33,1,82,0,3,23,9,1,0,0,0,375446,230840,983506,0,0,0,7,316,2,515,-0.0980,5.3480,5.2110,4.3120,-0.0150,-0.0000,-0.0300,0.0120,0.0710,0.3810,,,,,,
2020-01-25,MNG,mn,1215,191,17,1007,0,119,88,128,52,72,2,117,0,14,43,31,0,0,0,0,671506,818822,1328144,0,0,0,6,495,10,704,-0.1400,5.3240,5.1800,4.2270,-0.0310,-0.0140,-0.0350,0.0260,0.0710,0.5490,,,,,,
2020-01-26,MNG,mn,1203,206,30,967,0,108,77,174,59,97,1,107,0,3,63,8,3,0,0,0,1089607,596235,1630316,0,0,0,3,530,9,661,-0.1510,5.2150,5.1500,4.3440,-0.0290,-0.0520,-0.0490,-0.0020,0.0740,0.3540,,,,,,
2020-01-27,MNG,mn,1065,183,20,862,0,99,54,203,70,113,11,88,0,0,45,5,4,0,0,0,1109481,244288,1654598,0,0,0,6,365,9,685,-0.0560,5.1150,5.1350,4.3430,-0.0500,-0.0440,-0.0390,0.0120,0.0670,0.1800,,,,,,
2020-01-28,MNG,mn,1012,253,24,735,0,91,76,126,40,71,3,88,0,3,61,9,3,0,0,0,979305,955417,876268,0,0,0,10,341,6,655,-0.0540,5.2540,5.2400,4.2490,-0.0460,-0.0500,-0.0430,-0.0010,0.0760,0.4940,,,,,,
2020-01-29,MNG,mn,812,174,19,619,0,103,24,63,17,22,1,102,0,1,16,3,4,0,0,0,1106517,581369,967655,0,0,0,7,302,6,497,-0.0220,5.2280,5.2130,4.3400,-0.0540,-0.0500,-0.0480,-0.0190,0.0780,0.3440,,,,,,
2020-01-30,MNG,mn,935,207,22,706,0,90,57,49,9,27,2,88,0,0,49,2,6,0,0,0,1184030,1643232,720432,0,0,0,11,364,0,560,-0.1020,5.1070,5.1110,4.3450,-0.0680,-0.0610,-0.0460,0.0050,0.0750,0.5810,,,,,,
2020-01-31,MNG,mn,920,186,18,716,0,65,48,44,14,26,1,64,0,3,16,17,12,0,0,0,669871,554497,312853,0,0,0,11,340,4,565,-0.0460,5.2210,5.2320,4.3080,-0.0290,-0.0020,-0.0460,-0.0070,0.0740,0.4530,,,,,,
2020-02-01,MNG,mn,669,155,13,501,0,26,18,45,14,20,2,24,1,2,6,8,1,0,0,0,428881,306349,850726,0,0,0,8,277,5,379,-0.0950,5.2310,5.2660,4.3010,-0.0630,-0.0670,-0.0380,-0.0020,0.0770,0.4170,,,,,,
2020-02-02,MNG,mn,673,136,12,525,0,52,27,34,11,17,1,51,0,1,19,1,6,0,0,0,313972,331262,330395,0,0,0,6,236,3,428,-0.0340,5.2780,5.2400,4.3130,-0.0580,,-0.0340,0.0200,0.0700,0.5130,,,,,,
2020-02-03,MNG,mn,558,125,29,404,0,38,18,60,13,39,1,37,0,0,12,3,3,0,0,0,460386,59443,314601,0,0,0,8,211,1,338,-0.0710,5.1430,5.1200,4.3040,-0.0410,-0.0170,-0.0340,0.0300,0.0750,0.1140,,,,,,
2020-02-04,MNG,mn,526,122,18,386,0,45,18,55,24,27,3,42,0,0,10,7,1,0,0,0,710421,81949,563136,0,0,0,2,193,4,327,-0.1240,5.1800,5.1550,4.3700,-0.0370,-0.0480,-0.0390,0.0190,0.0810,0.1030,,,,,,
2020-02-05,MNG,mn,608,145,14,449,0,53,8,33,15,16,2,51,0,0,8,0,0,0,0,0,429499,135911,185989,0,0,0,3,286,3,316,-0.0350,5.1380,5.0940,4.4330,-0.0440,-0.0270,-0.0460,0.0010,0.0800,0.2400,,,,,,
2020-02-06,MNG,mn,647,152,12,483,0,42,15,53,22,29,0,42,0,1,12,0,2,0,0,0,210593,72482,275190,0,0,0,3,291,2,351,-0.1040,5.1560,5.1130,4.3540,-0.0310,-0.0490,-0.0480,-0.0070,0.0810,0.2560,,,,,,
2020-02-07,MNG,mn,454,83,16,355,0,45,4,32,15,12,1,44,0,0,3,0,1,0,0,0,236124,8164,198523,0,0,0,3,213,0,238,-0.1390,5.1810,5.2080,4.2930,-0.0550,-0.0550,-0.0470,-0.0250,0.0800,0.0330,,,,,,
2020-02-08,MNG,mn,445,81,16,348,0,45,4,27,11,14,0,45,0,0,3,1,0,0,0,0,248789,20029,291008,0,0,0,2,157,0,286,-0.1520,5.1890,5.2410,4.2700,-0.0440,-0.0500,-0.0330,0.0190,0.0720,0.0750,,,,,,
2020-02-09,MNG,mn,469,97,10,362,0,26,15,40,17,16,1,25,0,1,8,6,0,0,0,0,93428,241426,313212,0,0,0,5,134,0,330,-0.1590,5.2080,5.2060,4.2980,-0.0410,-0.0500,-0.0210,0.0270,0.0700,0.7210,,,,,,
2020-02-10,MNG,mn,480,104,14,362,0,57,22,35,14,17,3,54,0,0,10,11,1,0,0,0,277831,91806,290738,0,0,0,4,159,6,311,-0.0400,5.2580,5.2270,4.2640,-0.0020,0.0160,-0.0450,0.0230,0.0720,0.2480,,,,,,
2020-02-11,MNG,mn,908,158,11,739,0,41,96,91,11,80,0,41,0,0,91,5,0,0,0,0,411606,932849,843549,0,0,0,7,317,4,580,-0.1270,5.2890,5.2500,4.2210,-0.0450,-0.0290,-0.0500,-0.0150,0.0770,0.6940,,,,,,
2020-02-12,MNG,mn,835,148,19,668,0,41,77,39,12,23,1,40,0,0,73,3,1,0,0,0,427750,925602,511879,0,0,0,6,266,5,558,-0.0780,5.4090,5.3070,4.1740,-0.0400,-0.0900,-0.0540,-0.0120,0.0820,0.6840,,,,,,
2020-02-13,MNG,mn,565,112,12,441,0,75,17,37,11,21,0,75,0,0,16,1,0,0,0,0,804965,275810,257972,0,0,0,14,185,7,359,-0.0380,5.2740,5.2510,4.3020,-0.0410,-0.0370,-0.0440,-0.0180,0.0730,0.2550,,,,,,
2020-02-14,MNG,mn,456,125,13,318,0,45,6,30,7,20,1,44,0,0,5,1,0,0,0,0,375523,18414,206597,0,0,0,10,154,5,287,-0.0600,5.3170,5.2320,4.2520,-0.0540,-0.0200,-0.0400,-0.0010,0.0760,0.0470,,,,,,
2020-02-15,MNG,mn,347,72,18,257,0,33,4,27,10,14,1,32,0,0,4,0,0,0,0,0,283793,18964,209468,0,0,0,0,143,0,204,-0.0460,5.2200,5.2060,4.3090,-0.0400,,-0.0480,0.0120,0.0760,0.0630,,,,,,
2020-02-16,MNG,mn,393,73,12,308,0,29,9,21,8,10,0,29,0,0,7,1,1,0,0,0,54338,54597,327717,0,0,0,4,143,4,242,0.0210,5.3970,5.3270,4.3030,-0.0460,0.0490,-0.0470,0.0210,0.0750,0.5010,,,,,,
2020-02-17,MNG,mn,406,92,7,307,0,18,5,22,9,11,1,17,0,0,5,0,0,0,0,0,57352,18223,208947,0,0,0,5,163,2,236,0.0370,5.3750,5.3090,4.2650,-0.0410,0.0390,-0.0530,0.0240,0.0810,0.2410,,,,,,
2020-02-18,MNG,mn,530,122,13,395,0,33,5,57,15,32,0,33,0,0,4,1,0,0,0,0,357136,13298,454560,0,0,0,10,199,5,316,-0.0570,5.3500,5.2810,4.3930,-0.0410,-0.0080,-0.0320,0.0210,0.0760,0.0360,,,,,,
2020-02-19,MNG,mn,427,99,15,313,0,20,11,30,10,18,0,20,0,0,11,0,0,0,0,0,97986,49855,187852,0,0,0,7,134,10,276,-0.0320,5.2790,5.2690,4.3330,-0.0430,0.0230,-0.0420,0.0120,0.0770,0.3370,,,,,,
2020-02-20,MNG,mn,490,100,14,376,0,33,10,34,16,16,1,32,0,0,8,2,0,0,0,0,266641,41578,427276,0,0,0,4,206,8,272,-0.0730,5.2360,5.2460,4.3290,-0.0400,0.0480,-0.0480,0.0330,0.0800,0.1350,,,,,,
2020-02-21,MNG,mn,656,139,24,493,0,90,15,38,19,17,1,89,0,0,12,2,1,0,0,0,910138,458988,154303,0,0,0,7,230,7,412,-0.0460,5.3370,5.3120,4.2490,-0.0160,0.0480,-0.0490,-0.0050,0.0760,0.3350,,,,,,
2020-02-22,MNG,mn,964,178,37,749,0,107,8,71,14,49,2,105,0,0,7,1,0,0,0,0,818491,106311,1031870,0,0,0,13,407,3,541,-0.1210,5.1580,5.2130,4.2750,-0.0470,-0.0590,-0.0500,-0.0230,0.0800,0.1150,,,,,,
2020-02-23,MNG,mn,873,151,21,701,0,66,5,39,12,23,3,63,0,0,5,0,0,0,0,0,859685,60318,285831,0,0,0,15,350,3,505,-0.1180,5.2860,5.3060,4.3350,-0.0280,-0.0510,-0.0460,0.0100,0.0750,0.0660,,,,,,
2020-02-24,MNG,mn,935,168,31,736,0,44,12,51,24,22,1,43,0,0,11,1,0,0,0,0,656617,94209,416004,0,0,0,21,346,6,562,-0.1040,5.3050,5.3010,4.2880,-0.0360,-0.0090,-0.0420,-0.0050,0.0750,0.1250,,,,,,
2020-02-25,MNG,mn,1991,336,53,1602,0,148,52,95,11,76,2,146,0,0,42,9,1,0,0,0,2017118,403084,605561,0,0,0,34,759,5,1193,-0.1110,5.3500,5.2900,4.2950,-0.0400,-0.0270,-0.0490,-0.0050,0.0800,0.1670,,,,,,
2020-02-26,MNG,mn,1249,239,38,972,0,79,50,66,27,30,2,77,0,0,44,6,0,0,0,0,531496,197507,586576,0,0,0,21,504,8,716,-0.0560,5.3900,5.3420,4.2700,-0.0080,0.0050,-0.0490,-0.0050,0.0800,0.2710,,,,,,
2020-02-27,MNG,mn,2240,361,38,1841,0,83,21,155,58,87,4,79,0,0,16,5,0,0,0,0,958637,72627,2229374,0,0,0,33,883,10,1314,0.2450,5.5900,5.4050,4.1380,-0.0350,-0.0240,-0.0390,-0.0040,0.0690,0.0700,,,,,,
2020-02-28,MNG,mn,1327,248,24,1055,0,64,11,74,15,53,3,61,0,4,3,4,0,0,0,0,330648,48674,882641,0,0,0,11,529,10,777,0.0230,5.3830,5.3400,4.2560,-0.0330,-0.0040,-0.0460,-0.0150,0.0770,0.1280,,,,,,
2020-02-29,MNG,mn,1135,215,33,887,0,69,22,126,65,49,1,68,0,2,12,8,0,0,0,0,444207,159616,1036517,0,0,0,10,348,6,771,-0.0880,5.2530,5.3100,4.2640,-0.0300,-0.0180,-0.0450,-0.0050,0.0740,0.2640,,,,,,
2020-03-01,MNG,mn,1225,236,38,951,0,72,18,67,33,29,0,72,0,4,5,8,1,0,0,0,212879,58106,774969,0,0,0,21,415,5,784,-0.1220,5.3290,5.3230,4.3100,-0.0480,-0.0290,-0.0380,-0.0120,0.0710,0.2140,,,,,,
2020-03-02,MNG,mn,1276,218,40,1018,0,76,29,118,40,74,2,74,0,0,22,6,1,0,0,0,562505,94110,756885,0,0,0,16,547,9,704,0.0460,5.4540,5.3940,4.3270,-0.0560,-0.0210,-0.0360,0.0120,0.0670,0.1430,,,,,,
2020-03-03,MNG,mn,1194,249,54,891,0,53,26,96,21,67,2,51,0,2,18,5,1,0,0,0,151528,82438,3661700,0,0,0,20,455,6,713,-0.0510,5.3380,5.3110,4.2960,-0.0510,-0.0420,-0.0490,-0.0110,0.0750,0.3520,,,,,,
2020-03-04,MNG,mn,1082,242,44,796,0,62,22,89,16,56,1,61,0,1,18,2,1,0,0,0,519044,70549,1070922,0,0,0,15,397,10,660,-0.0260,5.3640,5.3690,4.2380,-0.0300,-0.0300,-0.0480,-0.0140,0.0780,0.1200,,,,,,
2020-03-05,MNG,mn,1068,254,27,787,0,83,25,105,20,84,0,83,0,2,15,8,0,0,0,0,440719,93291,1182604,0,0,0,19,411,3,635,-0.0310,5.3130,5.3280,4.2530,-0.0420,0.0010,-0.0440,-0.0180,0.0760,0.1750,,,,,,
2020-03-06,MNG,mn,942,245,32,665,0,78,17,88,21,63,1,77,0,1,10,4,2,0,0,0,279919,66886,539603,0,0,0,26,358,1,557,-0.1130,5.3120,5.3030,4.2620,-0.0520,-0.0080,-0.0490,-0.0270,0.0820,0.1930,,,,,,
2020-03-07,MNG,mn,773,158,38,577,0,56,13,59,14,42,0,56,0,1,8,4,0,0,0,0,495373,96543,509074,0,0,0,8,269,7,489,-0.1420,5.1670,5.2230,4.3530,-0.0340,-0.0000,-0.0460,0.0080,0.0810,0.1630,,,,,,
2020-03-08,MNG,mn,910,161,34,715,0,28,16,76,20,53,1,27,0,1,9,4,2,0,0,0,238250,153021,830175,0,0,0,5,335,17,553,-0.0350,5.3660,5.3480,4.2460,-0.0470,-0.0080,-0.0520,-0.0190,0.0780,0.3910,,,,,,
2020-03-09,MNG,mn,939,216,39,684,0,64,21,95,22,70,1,63,0,1,16,4,0,0,0,0,384715,195534,998620,0,0,0,16,332,10,581,-0.1320,5.4110,5.3160,4.2640,-0.0400,-0.0310,-0.0470,-0.0080,0.0770,0.3370,,,,,,
2020-03-10,MNG,mn,1708,374,39,1295,0,66,11,175,22,148,3,63,0,0,10,1,0,0,0,0,440691,36863,1752444,0,0,0,39,743,14,912,0.1310,5.4640,5.3760,4.1670,-0.0370,-0.0340,-0.0400,-0.0070,0.0740,0.0770,,,1,1,0,0
2020-03-11,MNG,mn,1280,244,25,1011,0,78,29,92,22,67,2,76,0,3,21,5,0,0,0,0,541986,168010,1261330,0,0,0,31,464,8,777,0.0300,5.3680,5.3150,4.2370,-0.0360,-0.0390,-0.0400,0.0050,0.0750,0.2370,,,,,,
2020-03-12,MNG,mn,1163,239,20,904,0,56,17,106,18,84,0,56,0,0,15,2,0,0,0,0,329594,83259,838818,0,0,0,22,412,8,721,0.0250,5.4390,5.4320,4.3150,-0.0500,-0.0370,-0.0440,-0.0080,0.0780,0.2020,,,,,,
2020-03-13,MNG,mn,782,164,19,599,0,45,15,66,18,47,1,44,0,0,12,3,0,0,0,0,221152,69504,352138,0,0,0,12,323,4,443,-0.0130,5.4010,5.3950,4.2420,-0.0510,-0.0450,-0.0470,-0.0180,0.0780,0.2390,,,,,,
2020-03-14,MNG,mn,770,141,16,613,0,45,9,63,16,43,0,45,0,0,7,2,0,0,0,0,313034,21033,670405,0,0,0,10,309,7,444,0.0160,5.4810,5.4530,4.2070,-0.0380,-0.0240,-0.0460,-0.0220,0.0760,0.0630,,,,,,
2020-03-15,MNG,mn,837,110,17,710,0,31,6,83,15,63,4,27,0,1,4,1,0,0,0,0,87240,55908,679389,0,0,0,9,276,11,541,0.0580,5.4290,5.3820,4.2730,-0.0300,-0.0280,-0.0420,-0.0120,0.0750,0.3910,,,1,0,0,0
2020-03-16,MNG,mn,780,145,24,611,0,35,15,75,13,54,0,35,0,0,13,2,0,0,0,0,243359,39163,677273,0,0,0,9,281,9,481,0.0150,5.4720,5.4010,4.2610,-0.0410,-0.0190,-0.0480,-0.0160,0.0780,0.1390,,,,,,
2020-03-17,MNG,mn,836,174,21,641,0,51,21,70,20,43,1,50,0,2,17,1,1,0,0,0,344258,127805,406277,0,0,0,9,319,11,497,-0.0070,5.4680,5.4190,4.2630,-0.0490,-0.0140,-0.0480,-0.0030,0.0780,0.2710,,,,,,
2020-03-18,MNG,mn,702,137,17,548,0,34,9,87,15,64,2,32,0,0,8,1,0,0,0,0,172348,67772,557706,0,0,0,19,219,3,461,0.0470,5.5090,5.3790,4.2790,-0.0440,-0.0480,-0.0410,-0.0090,0.0730,0.2820,,,4,3,0,0
2020-03-19,MNG,mn,708,157,28,523,0,49,11,70,21,44,0,49,0,0,8,3,0,0,0,0,328147,38259,569812,0,0,0,19,253,3,433,0.0200,5.3430,5.3120,4.3190,-0.0540,-0.0350,-0.0500,-0.0010,0.0800,0.1040,,,5,1,0,0
2020-03-20,MNG,mn,744,146,13,585,0,26,23,62,8,49,0,26,1,0,17,4,1,0,0,0,167647,130799,496616,0,0,0,9,289,8,438,0.0640,5.4950,5.3860,4.2860,-0.0410,-0.0300,-0.0430,-0.0050,0.0750,0.4380,,,5,0,0,0
2020-03-21,MNG,mn,760,148,27,585,0,49,6,59,11,41,0,49,0,0,6,0,0,0,0,0,230864,31873,434630,0,0,0,7,325,5,423,0.0480,5.3830,5.3440,4.2700,-0.0360,-0.0260,-0.0470,0.0100,0.0760,0.1210,,,6,1,0,0
2020-03-22,MNG,mn,859,167,39,653,0,49,15,62,11,45,1,48,0,1,10,3,1,0,0,0,317881,105708,517736,0,0,0,13,335,7,504,0.0140,5.4460,5.3730,4.2790,-0.0190,-0.0250,-0.0460,0.0090,0.0760,0.2500,,,10,4,0,0
2020-03-23,MNG,mn,749,149,28,572,0,44,16,57,14,40,0,44,0,2,10,2,2,0,0,0,238489,98800,396852,0,0,0,4,296,11,438,-0.0140,5.4220,5.3950,4.2870,-0.0330,-0.0160,-0.0440,0.0010,0.0750,0.2930,,,10,0,0,0
2020-03-24,MNG,mn,704,142,22,540,0,40,15,57,13,39,0,40,0,0,12,3,0,0,0,0,100747,47197,290125,0,0,0,12,249,9,434,-0.0160,5.4550,5.3840,4.2570,-0.0470,-0.0440,-0.0480,-0.0060,0.0790,0.3190,,,10,0,0,0
2020-03-25,MNG,mn,766,185,40,541,0,34,22,92,9,80,0,34,1,0,15,6,0,0,0,0,200305,100349,789432,0,0,0,15,284,5,462,0.0060,5.3910,5.3690,4.2860,-0.0510,-0.0250,-0.0500,-0.0180,0.0770,0.3340,,,10,0,0,0
2020-03-26,MNG,mn,778,186,25,567,0,62,17,69,13,53,0,62,0,1,8,7,1,0,0,0,342736,49238,508293,0,0,0,14,328,6,430,0.0090,5.3620,5.3400,4.2980,-0.0250,-0.0010,-0.0400,0.0150,0.0760,0.1260,,,10,0,0,0
2020-03-27,MNG,mn,751,172,34,545,0,66,14,59,9,44,3,63,0,0,10,3,1,0,0,0,616606,36356,228343,0,0,0,13,243,2,493,0.0310,5.4640,5.3970,4.2770,-0.0250,-0.0060,-0.0450,-0.0040,0.0750,0.0560,,,11,1,0,0
2020-03-28,MNG,mn,785,166,13,606,0,64,17,76,17,54,1,63,0,1,10,6,0,0,0,0,322555,48212,409507,0,0,0,11,303,3,468,0.0660,5.4880,5.4360,4.3060,-0.0270,0.0100,-0.0440,0.0080,0.0740,0.1300,,,11,0,0,0
2020-03-29,MNG,mn,811,170,32,609,0,40,16,60,16,42,1,39,0,0,9,3,4,0,0,0,284807,67324,529685,0,0,0,4,275,16,516,0.0250,5.3560,5.3460,4.2910,-0.0350,-0.0270,-0.0500,-0.0070,0.0800,0.1910,,,12,1,0,0
2020-03-30,MNG,mn,748,175,15,558,0,55,23,73,10,60,0,55,0,0,15,8,0,0,0,0,180360,86626,430053,0,0,0,6,261,12,469,-0.0110,5.3770,5.3660,4.2550,-0.0460,-0.0380,-0.0460,0.0040,0.0780,0.3240,,,12,0,0,0
2020-03-31,MNG,mn,747,164,26,557,0,49,26,76,16,54,1,48,0,0,15,8,3,0,0,0,444609,126815,393908,0,0,0,10,321,13,403,0.0010,5.4300,5.3780,4.2670,-0.0220,0.0010,-0.0470,0.0020,0.0760,0.2220,,,12,0,0,0
2020-04-01,MNG,mn,729,169,21,539,0,48,18,70,8,59,0,48,2,0,10,5,1,0,0,0,359813,93139,503792,0,0,0,7,300,12,410,-0.0250,5.3570,5.3560,4.2960,-0.0140,-0.0280,-0.0440,0.0090,0.0740,0.2060,,,12,0,0,0
2020-04-02,MNG,mn,760,152,32,576,0,44,13,70,6,57,2,42,0,0,11,2,0,0,0,0,312347,13024,681741,0,0,0,3,273,16,468,-0.0820,5.3450,5.3120,4.3020,-0.0280,-0.0270,-0.0490,0.0040,0.0780,0.0400,,,14,2,0,0
2020-04-03,MNG,mn,688,160,18,510,0,41,19,57,13,40,2,39,0,4,11,4,0,0,0,0,326393,65867,417720,0,0,0,3,246,11,428,-0.0200,5.4550,5.4180,4.2230,-0.0180,0.0490,-0.0440,0.0250,0.0740,0.1680,,,14,0,0,0
2020-04-04,MNG,mn,705,124,36,545,0,39,14,65,16,41,1,38,0,1,11,1,1,0,0,0,150643,25624,406171,0,0,0,5,293,7,400,-0.0220,5.3710,5.3610,4.2270,-0.0250,-0.0110,-0.0470,-0.0100,0.0760,0.1450,,,14,0,0,0
2020-04-05,MNG,mn,762,151,33,578,0,40,17,54,7,42,0,40,0,0,8,9,0,0,0,0,240986,67992,409190,0,0,0,8,319,4,431,-0.0670,5.4250,5.3840,4.2890,-0.0180,-0.0020,-0.0490,0.0100,0.0770,0.2200,,,14,0,0,0
2020-04-06,MNG,mn,916,221,44,651,0,59,22,77,19,52,3,56,0,2,16,2,2,0,0,0,288266,59441,634734,0,0,0,16,323,5,572,-0.0480,5.3840,5.3590,4.2840,-0.0360,-0.0120,-0.0450,-0.0000,0.0750,0.1710,,,14,0,0,0
2020-04-07,MNG,mn,796,179,27,590,0,58,24,63,11,52,1,57,0,0,14,10,0,0,0,0,164313,102367,482971,0,0,0,15,272,7,502,0.0000,5.4260,5.3530,4.2830,-0.0220,-0.0200,-0.0440,0.0110,0.0730,0.3840,,,15,1,0,0
2020-04-08,MNG,mn,790,183,47,560,0,41,24,87,17,61,0,41,0,0,13,11,0,0,0,0,292406,123286,522940,0,0,0,21,253,5,511,-0.0460,5.4530,5.4170,4.2510,-0.0250,-0.0020,-0.0440,0.0080,0.0750,0.2970,,,15,0,0,0
2020-04-09,MNG,mn,738,199,28,511,0,40,25,89,10,78,1,39,0,0,18,7,0,0,0,0,262915,61295,1010861,0,0,0,19,273,2,444,-0.0180,5.4370,5.4140,4.2020,-0.0280,-0.0130,-0.0470,0.0010,0.0780,0.1890,,,16,1,0,0
2020-04-10,MNG,mn,664,147,28,489,0,39,11,58,6,48,2,37,0,0,10,0,1,0,0,0,278754,96108,445652,0,0,0,14,279,8,363,0.0200,5.4740,5.3950,4.2420,-0.0240,0.0250,-0.0490,0.0060,0.0780,0.2560,,,16,0,0,0
2020-04-11,MNG,mn,635,158,38,439,0,34,9,62,22,36,0,34,0,0,5,3,1,0,0,0,120985,54931,573272,0,0,0,7,309,0,319,-0.1110,5.4090,5.3510,4.2420,-0.0360,-0.0430,-0.0450,0.0110,0.0720,0.3120,,,16,0,0,0
2020-04-12,MNG,mn,727,165,31,531,0,63,27,61,16,40,1,62,0,2,14,7,4,0,0,0,264219,223760,457844,0,0,0,12,276,1,438,-0.0950,5.3390,5.2970,4.2960,-0.0050,-0.0130,-0.0430,0.0120,0.0740,0.4590,,,16,0,0,0
2020-04-13,MNG,mn,750,194,44,512,0,40,15,92,10,75,0,40,0,0,9,4,2,0,0,0,108776,55565,752194,0,0,0,15,276,5,454,0.0080,5.4610,5.3700,4.2840,-0.0240,-0.0400,-0.0440,0.0080,0.0740,0.3380,,,16,0,0,0
2020-04-14,MNG,mn,977,291,40,646,0,51,22,82,17,60,2,49,0,0,20,2,0,0,0,0,399291,18348,470631,0,0,0,13,410,4,550,-0.0190,5.4070,5.3650,4.3640,-0.0250,-0.0240,-0.0480,0.0040,0.0760,0.0440,,,16,0,0,0
2020-04-15,MNG,mn,874,205,27,642,0,44,22,68,19,44,1,43,0,1,14,7,0,0,0,0,283791,242823,407792,0,0,0,15,361,8,490,-0.1100,5.3200,5.3240,4.2780,-0.0220,0.0120,-0.0460,0.0020,0.0770,0.4610,,,30,14,0,0
2020-04-16,MNG,mn,725,213,31,481,0,61,16,67,14,49,2,59,0,0,11,5,0,0,0,0,625185,44744,592079,0,0,0,19,301,6,399,-0.0060,5.3930,5.3800,4.2650,-0.0440,-0.0030,-0.0460,-0.0000,0.0770,0.0670,,,30,0,0,0
2020-04-17,MNG,mn,675,171,47,457,0,51,20,63,20,40,1,50,0,2,13,5,0,0,0,0,188029,43037,310609,0,0,0,8,254,6,407,-0.0260,5.3520,5.3060,4.2650,-0.0200,0.0200,-0.0470,0.0010,0.0770,0.1860,,,31,1,0,0
2020-04-18,MNG,mn,550,143,37,370,0,37,20,38,9,25,2,35,0,0,14,2,4,0,0,0,52153,271420,282253,0,0,0,8,197,3,342,-0.0320,5.4620,5.3770,4.2320,-0.0350,-0.0210,-0.0420,0.0160,0.0720,0.8390,,,31,0,0,0
2020-04-19,MNG,mn,698,171,38,489,0,37,24,75,16,50,1,36,0,0,20,3,1,0,0,0,102609,44130,381084,0,0,0,13,278,3,404,-0.0360,5.3510,5.3230,4.2510,-0.0120,0.0130,-0.0450,0.0000,0.0760,0.3010,,,31,0,0,0
2020-04-20,MNG,mn,752,205,32,515,0,50,30,79,17,57,2,48,0,0,21,8,1,0,0,0,459967,114388,482023,0,0,0,20,297,1,434,-0.0390,5.4190,5.3580,4.2400,-0.0060,0.0110,-0.0470,0.0100,0.0770,0.1990,,,32,1,0,0
2020-04-21,MNG,mn,669,170,24,475,0,50,23,83,20,56,2,48,0,1,14,8,0,0,0,0,216012,49482,536037,0,0,0,17,234,0,418,-0.0170,5.3830,5.3890,4.2180,-0.0240,-0.0190,-0.0490,-0.0200,0.0780,0.1860,,,34,2,0,0
2020-04-22,MNG,mn,879,210,45,624,0,67,17,84,23,53,0,67,0,0,11,5,1,0,0,0,554270,83253,682320,0,0,0,11,389,15,464,-0.0700,5.3850,5.3630,4.2950,-0.0370,-0.0320,-0.0460,-0.0130,0.0760,0.1310,,,35,1,0,0
2020-04-23,MNG,mn,790,196,42,552,0,67,17,82,23,53,1,66,0,0,13,3,1,0,0,0,952580,96826,3615566,0,0,0,17,283,15,475,-0.0380,5.3730,5.3620,4.2960,-0.0390,-0.0200,-0.0480,-0.0120,0.0780,0.0920,,,35,0,0,0
2020-04-24,MNG,mn,821,203,33,585,0,56,18,87,16,63,1,55,0,0,13,5,0,0,0,0,248582,104968,707706,0,0,0,14,350,1,456,0.0050,5.4560,5.3870,4.2660,-0.0410,-0.0230,-0.0410,-0.0020,0.0750,0.2970,,,36,1,0,0
2020-04-25,MNG,mn,785,178,37,570,0,51,29,82,26,49,3,48,0,0,23,6,0,0,0,0,93517,83629,3403884,0,0,0,6,344,1,434,-0.0810,5.3840,5.3560,4.2200,-0.0360,-0.0130,-0.0480,-0.0140,0.0770,0.4720,,,36,0,0,0
2020-04-26,MNG,mn,703,170,37,496,0,45,24,86,20,59,0,45,0,0,11,7,6,0,0,0,101749,128793,603245,0,0,0,10,233,1,459,-0.0770,5.3180,5.3060,4.2740,-0.0280,-0.0350,-0.0470,0.0030,0.0760,0.5590,,,38,2,0,0
2020-04-27,MNG,mn,742,203,42,497,0,62,15,90,22,65,1,61,0,0,9,6,0,0,0,0,500254,86271,786397,0,0,0,18,307,16,401,0.0110,5.4780,5.4050,4.2390,-0.0430,-0.0400,-0.0450,0.0160,0.0750,0.1470,,,38,0,0,0
2020-04-28,MNG,mn,704,183,42,479,0,56,14,84,21,61,0,56,0,0,13,1,0,0,0,0,282584,26484,648635,0,0,0,18,266,3,417,-0.0290,5.4220,5.3880,4.2410,-0.0360,-0.0180,-0.0420,0.0150,0.0740,0.0860,,,38,0,0,0
2020-04-29,MNG,mn,830,229,38,563,0,61,26,90,18,70,1,60,0,2,20,4,0,0,0,0,155534,67074,636794,0,0,0,18,286,5,521,-0.0040,5.4870,5.4140,4.2280,-0.0290,-0.0210,-0.0410,0.0110,0.0730,0.3010,,,38,0,0,0
2020-04-30,MNG,mn,839,231,35,573,0,53,18,127,27,95,1,52,0,0,14,3,1,0,0,0,206098,54069,893571,0,0,0,18,307,15,499,0.0920,5.5680,5.4600,4.2500,-0.0260,0.0200,-0.0460,0.0090,0.0800,0.2080,,,38,0,0,0
2020-05-01,MNG,mn,687,189,22,476,0,49,14,98,23,73,1,48,0,0,10,2,2,0,0,0,101509,48401,695383,0,0,0,6,275,10,396,-0.0110,5.4490,5.3970,4.2700,-0.0210,0.0030,-0.0440,0.0070,0.0730,0.3230,,,38,0,0,0
2020-05-02,MNG,mn,644,156,40,448,0,45,9,58,17,40,9,36,0,0,7,1,1,0,0,0,226702,13858,311231,0,0,0,5,250,6,383,-0.0020,5.3800,5.3620,4.2800,-0.0270,-0.0350,-0.0400,0.0090,0.0730,0.0580,,,39,1,0,0
2020-05-03,MNG,mn,1018,226,48,744,0,64,22,117,30,83,2,62,0,0,14,4,4,0,0,0,228290,257283,429269,0,0,0,9,327,11,671,-0.0940,5.2870,5.3280,4.2970,-0.0190,-0.0290,-0.0310,0.0070,0.0650,0.5300,,,39,0,0,0
2020-05-04,MNG,mn,812,206,33,573,0,58,16,77,13,61,3,55,0,1,13,2,0,0,0,0,480093,27395,689266,0,0,0,21,289,15,487,0.0420,5.5350,5.4440,4.2050,-0.0220,0.0020,-0.0440,0.0110,0.0740,0.0540,,,40,1,0,0
2020-05-05,MNG,mn,810,193,47,570,0,58,14,92,18,70,1,57,0,0,11,3,0,0,0,0,606885,68002,1032251,0,0,0,21,374,8,407,-0.0050,5.3820,5.3880,4.2860,-0.0410,-0.0230,-0.0430,-0.0000,0.0740,0.1010,,,41,1,0,0
2020-05-06,MNG,mn,787,201,62,524,0,64,22,78,24,49,1,63,0,0,18,3,1,0,0,0,334943,118865,611489,0,0,0,21,311,11,444,-0.0710,5.4400,5.3550,4.2730,-0.0260,-0.0190,-0.0440,-0.0010,0.0740,0.2620,,,41,0,0,0
2020-05-07,MNG,mn,810,202,30,578,0,58,20,96,13,79,0,58,0,0,13,3,4,0,0,0,199585,61112,524942,0,0,0,8,342,9,451,-0.0160,5.4540,5.4170,4.2510,-0.0340,-0.0360,-0.0500,-0.0100,0.0780,0.2340,,,41,0,0,0
2020-05-08,MNG,mn,753,188,42,523,0,54,18,88,15,71,2,52,0,1,16,0,1,0,0,0,237537,37992,663759,0,0,0,20,254,4,475,0.0160,5.4870,5.4210,4.2670,-0.0220,-0.0050,-0.0460,0.0030,0.0760,0.1380,,,42,1,0,0
2020-05-09,MNG,mn,541,154,31,356,0,50,14,46,10,34,4,46,0,0,11,3,0,0,0,0,153570,32293,321511,0,0,0,8,188,2,343,-0.0060,5.4970,5.4180,4.2720,-0.0420,-0.0420,-0.0440,0.0110,0.0750,0.1740,,,42,0,0,0
2020-05-10,MNG,mn,557,153,21,383,0,48,6,55,22,32,0,48,0,0,4,2,0,0,0,0,172115,29728,536243,0,0,0,2,195,1,359,0.0110,5.5040,5.3890,4.2860,-0.0360,0.0120,-0.0460,0.0180,0.0790,0.1470,,,42,0,0,0
2020-05-11,MNG,mn,728,191,32,505,0,33,32,104,24,76,1,32,0,1,24,4,3,0,0,0,235224,181114,1300289,0,0,0,20,280,6,422,-0.0190,5.4440,5.4140,4.2160,-0.0390,-0.0080,-0.0440,0.0100,0.0770,0.4350,,,42,0,0,0
2020-05-12,MNG,mn,612,169,43,400,0,39,16,58,5,51,0,39,0,1,9,6,0,0,0,0,268783,46302,808173,0,0,0,14,203,5,390,-0.0820,5.3670,5.3710,4.2380,-0.0260,-0.0280,-0.0450,0.0080,0.0750,0.1470,,,42,0,0,0
2020-05-13,MNG,mn,697,190,40,467,0,43,19,73,14,56,0,43,0,1,11,7,0,0,0,0,235714,58092,855331,0,0,0,12,276,2,407,-0.0080,5.4620,5.4270,4.2500,-0.0270,0.0020,-0.0440,0.0060,0.0740,0.1980,,,42,0,0,0
2020-05-14,MNG,mn,683,218,24,441,0,33,10,66,13,49,3,30,0,0,6,4,0,0,0,0,228455,14423,523352,0,0,0,19,257,2,405,0.0310,5.4410,5.4100,4.2780,-0.0250,-0.0070,-0.0440,-0.0060,0.0740,0.0590,,,61,19,0,0
2020-05-15,MNG,mn,637,177,42,418,0,40,22,77,11,56,1,39,0,0,19,1,2,0,0,0,458909,50233,488073,0,0,0,14,242,9,372,0.0250,5.4900,5.4000,4.2500,-0.0100,-0.0030,-0.0480,0.0040,0.0770,0.0990,,,61,0,0,0
2020-05-16,MNG,mn,670,194,39,437,0,46,13,86,22,60,1,45,0,0,9,1,3,0,0,0,212720,41023,601647,0,0,0,12,225,4,429,0.0240,5.4520,5.3680,4.2760,-0.0380,-0.0300,-0.0410,-0.0110,0.0750,0.1620,,,135,74,0,0
2020-05-17,MNG,mn,623,160,29,434,0,44,17,98,11,85,1,43,0,1,10,4,2,0,0,0,215412,58468,412283,0,0,0,5,267,3,348,-0.0540,5.4520,5.3840,4.2440,-0.0290,-0.0060,-0.0410,0.0080,0.0730,0.2130,,,136,1,0,0
2020-05-18,MNG,mn,671,185,43,443,0,51,24,65,12,44,3,48,0,1,13,9,1,0,0,0,423598,75370,625363,0,0,0,11,270,6,384,-0.0280,5.4220,5.3740,4.2560,-0.0320,-0.0430,-0.0390,0.0030,0.0770,0.1510,,,140,4,0,0
2020-05-19,MNG,mn,622,204,23,395,0,50,18,94,28,60,2,48,0,0,13,5,0,0,0,0,361227,49109,768631,0,0,0,14,265,8,335,-0.0050,5.4320,5.4040,4.2500,-0.0410,0.0010,-0.0440,0.0180,0.0790,0.1200,,,140,0,0,0
2020-05-20,MNG,mn,664,181,35,448,0,62,21,74,13,54,2,60,0,0,15,4,2,0,0,0,152760,91136,1011256,0,0,0,14,237,6,407,-0.0940,5.3990,5.3270,4.2390,-0.0460,-0.0160,-0.0430,-0.0030,0.0740,0.3740,,,140,0,0,0
2020-05-21,MNG,mn,631,169,43,419,0,53,12,70,10,57,2,51,0,0,12,0,0,0,0,0,216766,23988,431617,0,0,0,17,239,5,370,0.0050,5.4240,5.3810,4.2030,-0.0330,-0.0240,-0.0450,-0.0080,0.0730,0.1000,,,140,0,0,0
2020-05-22,MNG,mn,586,154,37,395,0,35,12,58,15,38,5,30,0,0,7,5,0,0,0,0,127002,55495,435825,0,0,0,17,214,7,348,-0.0510,5.3900,5.4120,4.2820,-0.0300,-0.0320,-0.0480,0.0080,0.0750,0.3040,,,141,1,0,0
2020-05-23,MNG,mn,580,151,37,392,0,39,16,50,21,27,4,35,0,1,12,1,2,0,0,0,220958,33373,194147,0,0,0,8,219,5,348,-0.0310,5.4590,5.3860,4.2480,-0.0190,-0.0160,-0.0430,0.0120,0.0730,0.1310,,,141,0,0,0
2020-05-24,MNG,mn,596,122,51,423,0,35,12,54,8,38,3,32,0,1,8,3,0,0,0,0,176932,25191,390862,0,0,0,4,222,4,366,-0.0470,5.5030,5.4210,4.2550,-0.0250,-0.0090,-0.0440,-0.0020,0.0750,0.1250,,,141,0,0,0
2020-05-25,MNG,mn,749,189,19,541,0,39,7,52,6,44,1,38,0,0,4,3,0,0,0,0,95559,22359,776102,0,0,0,20,268,4,457,-0.0340,5.4380,5.3610,4.2000,-0.0530,-0.0260,-0.0450,0.0000,0.0760,0.1900,,,141,0,0,0
2020-05-26,MNG,mn,674,171,43,460,0,66,12,66,13,50,2,64,0,1,6,4,1,0,0,0,558182,53325,425541,0,0,0,20,286,3,365,-0.0040,5.4580,5.3890,4.2550,-0.0320,-0.0290,-0.0420,-0.0120,0.0760,0.0870,,,141,0,0,0
2020-05-27,MNG,mn,671,149,40,482,0,35,12,62,19,39,1,34,0,0,8,4,0,0,0,0,113195,17951,600631,0,0,0,22,268,1,380,-0.0090,5.4600,5.4210,4.2270,-0.0140,-0.0160,-0.0470,0.0050,0.0790,0.1370,,,148,7,0,0
2020-05-28,MNG,mn,732,124,47,561,0,43,14,79,18,58,3,40,0,0,10,3,1,0,0,0,106377,37720,514530,0,0,0,10,221,5,496,-0.0760,5.4050,5.3670,4.2460,-0.0380,-0.0420,-0.0440,0.0160,0.0750,0.2620,,,161,13,0,0
2020-05-29,MNG,mn,835,164,48,623,0,59,11,80,13,64,1,58,1,0,7,3,0,0,0,0,110356,31136,525984,0,0,0,17,239,2,577,-0.0840,5.3750,5.3880,4.2960,-0.0190,-0.0000,-0.0450,0.0170,0.0760,0.2200,,,179,18,0,0
2020-05-30,MNG,mn,704,86,30,588,0,46,4,56,15,40,3,43,0,1,2,0,1,0,0,0,272018,49755,266509,0,0,0,9,179,0,516,-0.0640,5.3890,5.4070,4.3000,-0.0310,-0.0310,-0.0450,-0.0030,0.0760,0.1550,,,179,0,0,0
2020-05-31,MNG,mn,608,120,33,455,0,22,7,59,10,46,0,22,0,0,6,1,0,0,0,0,61344,70821,256968,0,0,0,1,228,1,378,-0.0860,5.3910,5.3500,4.2580,-0.0290,-0.0480,-0.0460,0.0000,0.0780,0.5360,,,179,0,0,0
2020-06-01,MNG,mn,589,117,45,427,0,20,6,55,10,41,0,20,0,0,5,1,0,0,0,0,24252,15081,227085,0,0,0,5,187,5,392,-0.0780,5.4320,5.4100,4.2730,-0.0570,-0.0400,-0.0430,-0.0100,0.0710,0.3830,,,185,6,0,0
2020-06-02,MNG,mn,518,126,26,366,0,16,2,48,2,44,0,16,0,0,2,0,0,0,0,0,21274,1738,471211,0,0,0,15,197,4,302,-0.1140,5.3310,5.3770,4.3340,-0.0280,-0.0410,-0.0490,-0.0000,0.0780,0.0760,,,185,0,0,0
2020-06-03,MNG,mn,627,120,23,484,0,30,12,69,13,55,3,27,0,0,8,2,2,0,0,0,127440,26043,504013,0,0,0,26,250,2,349,-0.0600,5.4210,5.4090,4.2470,-0.0300,-0.0340,-0.0470,0.0010,0.0770,0.1700,,,185,0,0,0
2020-06-04,MNG,mn,708,114,35,559,0,37,2,70,12,56,2,35,0,1,0,1,0,0,0,0,82589,517,449959,0,0,0,13,213,3,479,-0.0490,5.4980,5.4450,4.2910,-0.0200,-0.0170,-0.0460,0.0090,0.0780,0.0060,,,186,1,0,0
2020-06-05,MNG,mn,433,95,41,297,0,21,8,32,4,26,0,21,0,0,6,2,0,0,0,0,47785,29879,195029,0,0,0,4,171,1,257,-0.0490,5.4240,5.3440,4.2650,-0.0330,-0.0360,-0.0450,0.0030,0.0750,0.3850,,,191,5,0,0
2020-06-06,MNG,mn,373,87,37,249,0,17,5,30,13,15,1,16,0,0,4,1,0,0,0,0,30258,18718,112127,0,0,0,3,165,1,204,-0.1390,5.2920,5.3330,4.2710,-0.0160,-0.0290,-0.0440,0.0100,0.0750,0.3820,,,191,0,0,0
2020-06-07,MNG,mn,619,102,27,490,0,30,9,69,10,59,1,29,0,0,7,2,0,0,0,0,45805,11543,520755,0,0,0,13,167,1,438,0.0020,5.5040,5.4480,4.2820,-0.0260,-0.0110,-0.0460,0.0130,0.0760,0.2010,,,193,2,0,0
2020-06-08,MNG,mn,736,124,33,579,0,47,9,67,13,53,1,46,0,0,4,5,0,0,0,0,309100,51105,480429,0,0,0,11,209,5,511,0.0390,5.4590,5.4100,4.3490,0.0140,-0.0070,-0.0480,0.0240,0.0780,0.1420,,,194,1,0,0
2020-06-09,MNG,mn,516,107,25,384,0,29,8,55,5,49,0,29,0,0,5,2,1,0,0,0,226808,30964,890341,0,0,0,15,159,3,339,-0.0620,5.4260,5.3680,4.3270,-0.0350,-0.0070,-0.0430,-0.0060,0.0770,0.1200,,,194,0,0,0
2020-06-10,MNG,mn,549,121,35,393,0,32,7,44,14,29,0,32,0,0,4,3,0,0,0,0,75428,11495,317496,0,0,0,19,227,0,303,-0.0850,5.4300,5.3800,4.2260,-0.0470,-0.0120,-0.0450,-0.0070,0.0780,0.1320,,,194,0,0,0
2020-06-11,MNG,mn,588,131,33,424,0,19,4,38,11,26,1,18,0,0,4,0,0,0,0,0,61509,5970,227437,0,0,0,11,205,3,369,-0.0460,5.4280,5.3880,4.2830,-0.0310,-0.0190,-0.0460,-0.0000,0.0760,0.0880,,,194,0,0,0
2020-06-12,MNG,mn,536,131,31,374,0,32,15,59,10,47,2,30,0,0,13,2,0,0,0,0,153667,17168,631331,0,0,0,14,220,1,301,-0.0480,5.4480,5.3930,4.2850,-0.0460,-0.0400,-0.0450,0.0110,0.0760,0.1000,,,197,3,0,0
2020-06-13,MNG,mn,501,107,20,374,0,33,17,61,16,43,0,33,0,0,8,2,7,0,0,0,113102,44874,231448,0,0,0,6,261,0,234,0.0140,5.4730,5.4110,4.2140,-0.0440,-0.0430,-0.0440,0.0110,0.0740,0.2840,,,197,0,0,0
2020-06-14,MNG,mn,451,69,29,353,0,29,10,43,11,30,1,28,0,0,4,2,4,0,0,0,199894,88173,337170,0,0,0,11,182,0,258,-0.1460,5.2780,5.2550,4.4080,-0.0650,-0.0300,-0.0450,-0.0200,0.0780,0.3060,,,197,0,0,0
2020-06-15,MNG,mn,616,105,24,487,0,32,9,81,43,37,0,32,0,0,6,3,0,0,0,0,51616,33988,649454,0,0,0,13,242,1,360,-0.1080,5.4080,5.3360,4.3300,-0.0430,-0.0170,-0.0430,-0.0090,0.0740,0.3970,,,197,0,0,0
2020-06-16,MNG,mn,653,149,29,475,0,50,11,104,43,59,1,49,0,0,8,2,1,0,0,0,210046,48813,965156,0,0,0,14,256,10,373,-0.1080,5.3410,5.3180,4.2870,-0.0290,-0.0320,-0.0430,-0.0060,0.0780,0.1890,,,197,0,0,0
2020-06-17,MNG,mn,543,124,19,400,0,48,8,48,23,25,1,47,0,0,8,0,0,0,0,0,201317,16479,255488,0,0,0,9,264,3,267,0.0080,5.4950,5.4260,4.2360,-0.0420,-0.0210,-0.0430,0.0080,0.0750,0.0760,,,197,0,0,0
2020-06-18,MNG,mn,571,129,49,393,0,56,7,63,9,52,0,56,0,0,6,1,0,0,0,0,193954,9573,892633,0,0,0,12,283,5,271,-0.0030,5.5110,5.4300,4.2820,-0.0240,-0.0150,-0.0460,0.0080,0.0760,0.0470,,,201,4,0,0
2020-06-19,MNG,mn,568,131,49,388,0,76,10,70,6,61,0,76,0,0,9,1,0,0,0,0,353235,96051,621295,0,0,0,8,224,4,332,-0.0290,5.5180,5.4960,4.2890,-0.0350,-0.0410,-0.0480,-0.0030,0.0840,0.2140,,,204,3,0,0
2020-06-20,MNG,mn,593,107,32,454,0,28,9,56,14,40,0,28,0,1,4,2,2,0,0,0,32421,91090,239957,0,0,0,2,239,4,348,-0.1280,5.3530,5.3970,4.2440,-0.0360,-0.0370,-0.0490,-0.0180,0.0760,0.7380,,,204,0,0,0
2020-06-21,MNG,mn,611,87,27,497,0,14,5,42,12,30,0,14,0,0,4,1,0,0,0,0,35761,10786,236074,0,0,0,14,267,9,321,0.1640,5.5590,5.5030,4.2860,-0.0010,-0.0320,-0.0370,-0.0010,0.0620,0.2320,,,206,2,0,0
2020-06-22,MNG,mn,599,119,40,440,0,32,10,71,8,62,1,31,0,0,8,2,0,0,0,0,132432,16382,875333,0,0,0,15,275,5,304,0.0270,5.4820,5.4400,4.2680,-0.0080,-0.0380,-0.0450,-0.0110,0.0770,0.1100,,,213,7,0,0
2020-06-23,MNG,mn,589,126,34,429,0,39,8,62,10,50,1,38,0,0,8,0,0,0,0,0,205818,23101,425824,0,0,0,13,278,4,294,-0.0880,5.3830,5.3560,4.2270,-0.0440,-0.0440,-0.0490,-0.0080,0.0790,0.1010,,,215,2,0,0
2020-06-24,MNG,mn,518,115,31,372,0,34,9,49,10,38,0,34,0,1,5,0,3,0,0,0,85909,39423,498953,0,0,0,6,197,3,312,0.0110,5.4620,5.3940,4.2710,-0.0580,-0.0310,-0.0410,0.0090,0.0750,0.3150,,,215,0,0,0
2020-06-25,MNG,mn,576,104,43,429,0,47,12,56,12,43,2,45,0,0,8,2,2,0,0,0,146534,38397,654029,0,0,0,4,192,7,373,-0.0710,5.3710,5.3580,4.2840,-0.0580,-0.0130,-0.0480,-0.0190,0.0790,0.2080,,,216,1,0,0
2020-06-26,MNG,mn,578,94,40,444,0,30,12,54,11,43,1,29,0,0,9,3,0,0,0,0,99441,26017,284881,0,0,0,2,279,1,296,-0.0810,5.3950,5.3610,4.2470,-0.0400,-0.0400,-0.0420,-0.0000,0.0750,0.2070,,,219,3,0,0
2020-06-27,MNG,mn,706,98,36,572,0,37,16,55,17,37,1,36,0,0,11,4,1,0,0,0,47807,46057,180750,0,0,0,8,344,1,353,-0.0910,5.4120,5.4080,4.2570,-0.0550,-0.0320,-0.0430,-0.0020,0.0730,0.4910,,,219,0,0,0
2020-06-28,MNG,mn,813,87,35,691,0,53,10,59,15,35,3,50,0,0,7,1,2,0,0,0,128482,13119,248674,0,0,0,7,372,1,433,-0.0330,5.4840,5.4080,4.2540,-0.0420,-0.0340,-0.0450,0.0100,0.0750,0.0930,,,219,0,0,0
2020-06-29,MNG,mn,733,104,30,599,0,41,5,74,15,55,4,37,0,0,4,0,1,0,0,0,86401,18588,300703,0,0,0,10,288,9,426,0.0050,5.4250,5.4460,4.2550,-0.0630,-0.0450,-0.0450,-0.0120,0.0750,0.1770,,,220,1,0,0
2020-06-30,MNG,mn,665,91,29,545,0,36,9,35,6,24,2,34,0,0,3,4,2,0,0,0,76552,65320,118850,0,0,0,4,316,10,335,-0.0530,5.4890,5.4570,4.2690,-0.0300,-0.0020,-0.0450,0.0070,0.0770,0.4600,,,220,0,0,0
2020-07-01,MNG,mn,612,120,35,457,0,36,14,43,9,30,1,35,0,0,7,4,3,0,0,0,94536,72869,177870,0,0,0,6,238,4,364,-0.0550,5.4310,5.4140,4.2490,-0.0520,-0.0210,-0.0380,0.0070,0.0720,0.4350,,,220,0,0,0
2020-07-02,MNG,mn,648,125,58,465,0,50,19,62,14,44,1,49,0,0,9,7,3,0,0,0,159786,27438,860192,0,0,0,6,221,10,411,-0.0620,5.4470,5.3980,4.2190,-0.0350,-0.0330,-0.0450,0.0080,0.0750,0.1470,,,220,0,0,0
2020-07-03,MNG,mn,709,109,38,562,0,43,13,60,9,50,2,41,0,0,11,2,0,0,0,0,82961,24118,649341,0,0,0,9,216,1,483,0.0130,5.5090,5.4290,4.2720,-0.0350,-0.0320,-0.0440,0.0020,0.0740,0.2250,,,220,0,0,0
2020-07-04,MNG,mn,626,97,37,492,0,38,10,55,16,38,2,36,0,0,7,2,1,0,0,0,71049,43854,358457,0,0,0,3,241,11,371,-0.0070,5.5620,5.5080,4.3170,-0.0180,-0.0120,-0.0450,-0.0180,0.0740,0.3820,,,220,0,0,0
2020-07-05,MNG,mn,691,110,35,546,0,23,5,53,14,37,1,22,0,0,2,3,0,0,0,0,80937,2978,321341,0,0,0,5,281,9,396,-0.1130,5.4100,5.3960,4.2280,-0.0200,-0.0110,-0.0440,0.0020,0.0710,0.0350,,,220,0,0,0
2020-07-06,MNG,mn,622,99,38,485,0,19,21,55,10,43,1,18,0,0,18,2,1,0,0,0,55393,46549,331043,0,0,0,11,238,3,370,-0.0840,5.4520,5.3890,4.2840,-0.0410,-0.0280,-0.0430,0.0010,0.0760,0.4570,,,220,0,0,0
2020-07-07,MNG,mn,621,136,38,447,0,41,22,67,15,51,1,40,0,0,15,6,1,0,0,0,186879,138118,425197,0,0,0,8,244,2,367,-0.1350,5.4020,5.3620,4.2500,-0.0320,-0.0120,-0.0440,0.0080,0.0770,0.4250,,,220,0,0,0
2020-07-08,MNG,mn,611,107,44,460,0,35,12,50,14,34,1,34,0,0,12,0,0,0,0,0,77432,9516,252373,0,0,0,6,207,9,389,-0.0530,5.3520,5.3250,4.2980,-0.0420,-0.0440,-0.0430,-0.0030,0.0750,0.1090,,,220,0,0,0
2020-07-09,MNG,mn,621,103,26,492,0,21,9,50,12,35,0,21,0,0,7,1,1,0,0,0,70269,8787,626582,0,0,0,9,237,4,371,-0.0120,5.4290,5.3700,4.2600,-0.0530,-0.0260,-0.0480,-0.0200,0.0790,0.1110,,,227,7,0,0
2020-07-10,MNG,mn,784,130,44,610,0,43,12,78,15,46,5,38,0,0,11,1,0,0,0,0,167361,13784,608608,0,0,0,3,435,10,336,-0.0490,5.4110,5.3670,4.3160,-0.0490,-0.0370,-0.0480,-0.0120,0.0790,0.0760,,,227,0,0,0
2020-07-11,MNG,mn,743,120,40,583,0,37,20,86,21,61,5,32,0,1,12,4,3,0,0,0,146710,34010,510703,0,0,0,5,277,1,460,-0.0670,5.4430,5.3790,4.3060,-0.0390,-0.0370,-0.0420,-0.0000,0.0760,0.1880,,,227,0,0,0
2020-07-12,MNG,mn,696,101,25,570,0,51,24,53,18,34,3,48,0,0,11,4,9,0,0,0,234105,81400,122260,0,0,0,7,236,2,451,-0.0590,5.4830,5.4210,4.3070,-0.0480,-0.0400,-0.0440,0.0010,0.0760,0.2580,,,230,3,0,0
2020-07-13,MNG,mn,834,119,43,672,0,62,13,55,10,41,3,59,0,0,11,1,1,0,0,0,297805,48335,330932,0,0,0,6,337,0,491,-0.0630,5.4900,5.4160,4.2540,-0.0480,-0.0410,-0.0410,0.0030,0.0710,0.1400,,,230,0,0,0
2020-07-14,MNG,mn,712,141,36,535,0,26,11,44,8,35,0,26,0,0,10,1,0,0,0,0,80061,39183,318243,0,0,0,11,329,4,368,-0.0900,5.3960,5.3830,4.2460,-0.0340,-0.0320,-0.0410,-0.0000,0.0770,0.3290,,,243,13,0,0
2020-07-15,MNG,mn,746,124,25,597,0,40,17,54,22,31,0,40,0,0,14,2,1,0,0,0,166023,23714,390630,0,0,0,6,335,8,397,-0.0570,5.4120,5.3440,4.3030,-0.0360,-0.0310,-0.0450,-0.0190,0.0790,0.1250,,,261,18,0,0
2020-07-16,MNG,mn,588,95,28,465,0,35,11,48,5,42,0,35,0,0,7,4,0,0,0,0,90252,35980,337672,0,0,0,7,219,4,358,-0.0520,5.3400,5.3710,4.2830,-0.0490,-0.0290,-0.0430,-0.0030,0.0730,0.2850,,,261,0,0,0
2020-07-17,MNG,mn,618,115,45,458,0,50,10,39,10,25,4,46,0,2,7,1,0,0,0,0,395081,8362,238849,0,0,0,5,297,5,311,-0.1100,5.3430,5.3770,4.2570,-0.0440,-0.0390,-0.0410,0.0060,0.0700,0.0210,,,262,1,0,0
2020-07-18,MNG,mn,817,95,33,689,0,50,19,87,26,57,16,34,0,1,10,6,2,0,0,0,136641,87038,248344,0,0,0,1,279,7,530,-0.0520,5.4640,5.4550,4.2860,-0.0350,-0.0310,-0.0460,0.0040,0.0770,0.3890,,,287,25,0,0
2020-07-19,MNG,mn,908,110,26,772,0,54,13,77,17,57,10,44,0,0,13,0,0,0,0,0,3125074,49467,436543,0,0,0,8,384,6,510,-0.0630,5.4090,5.4290,4.3070,-0.0390,-0.0120,-0.0410,0.0110,0.0730,0.0160,,,287,0,0,0
2020-07-20,MNG,mn,954,140,28,786,0,68,15,83,20,60,3,65,0,0,11,4,0,0,0,0,398562,44519,452052,0,0,0,6,525,1,422,0.0090,5.5150,5.4410,4.3260,-0.0140,-0.0150,-0.0460,-0.0040,0.0770,0.1000,,,287,0,0,0
2020-07-21,MNG,mn,875,118,39,718,0,52,14,53,14,38,1,51,0,0,11,3,0,0,0,0,243302,88618,493843,0,0,0,6,480,4,385,0.0230,5.4800,5.4460,4.3240,-0.0330,-0.0230,-0.0450,-0.0000,0.0760,0.2670,,,287,0,0,0
2020-07-22,MNG,mn,941,152,51,738,0,41,23,66,18,46,2,39,0,0,15,8,0,0,0,0,221077,91732,309854,0,0,0,8,371,10,552,0.0010,5.4860,5.4470,4.2570,-0.0320,-0.0270,-0.0490,-0.0080,0.0770,0.2930,,,287,0,0,0
2020-07-23,MNG,mn,716,140,39,537,0,36,13,61,21,39,4,32,0,0,11,2,0,0,0,0,125578,17179,405275,0,0,0,15,340,1,360,0.0200,5.4900,5.4260,4.3060,-0.0490,-0.0350,-0.0470,-0.0000,0.0770,0.1200,,,287,0,0,0
2020-07-24,MNG,mn,726,153,37,536,0,41,10,67,13,50,6,35,0,0,9,1,0,0,0,0,224417,24958,647570,0,0,0,5,280,5,436,-0.0400,5.4730,5.3940,4.2650,-0.0310,-0.0170,-0.0480,-0.0080,0.0780,0.1000,,,288,1,0,0
2020-07-25,MNG,mn,600,89,32,479,0,22,10,53,13,38,0,22,0,1,9,0,0,0,0,0,38506,26048,347612,0,0,0,2,264,5,329,-0.1000,5.3850,5.3660,4.3010,-0.0300,-0.0120,-0.0410,0.0060,0.0750,0.4040,,,288,0,0,0
2020-07-26,MNG,mn,551,114,26,411,0,36,13,40,11,29,1,35,0,1,10,1,1,0,0,0,245232,25297,272512,0,0,0,7,202,2,340,-0.0410,5.4440,5.3960,4.2980,-0.0400,-0.0310,-0.0440,0.0130,0.0730,0.0940,,,288,0,0,0
2020-07-27,MNG,mn,680,175,59,446,0,38,13,70,13,42,1,37,0,0,8,4,1,0,0,0,103317,37224,477349,0,0,0,6,254,10,410,-0.0040,5.4180,5.4270,4.2560,-0.0230,-0.0070,-0.0370,0.0100,0.0760,0.2650,,,288,0,0,0
2020-07-28,MNG,mn,697,127,68,502,0,30,46,41,8,21,1,29,0,1,24,17,4,0,0,0,50024,77524,220205,0,0,0,1,317,13,366,-0.0240,5.4240,5.3660,4.3000,-0.0470,-0.0540,-0.0400,0.0050,0.0710,0.6080,,,289,1,0,0
2020-07-29,MNG,mn,669,134,51,484,0,38,34,47,9,36,0,38,0,0,18,9,7,0,0,0,188621,112423,313767,0,0,0,3,289,9,368,-0.0170,5.5060,5.4200,4.3000,-0.0340,-0.0290,-0.0430,0.0070,0.0750,0.3730,,,291,2,0,0
2020-07-30,MNG,mn,735,144,51,540,0,57,21,71,18,51,3,54,0,1,15,3,2,0,0,0,211192,65904,750232,0,0,0,8,282,3,442,-0.1060,5.3320,5.3480,4.3200,-0.0420,-0.0240,-0.0480,-0.0140,0.0790,0.2380,,,291,0,0,0
2020-07-31,MNG,mn,628,125,49,454,0,48,8,36,6,30,2,46,0,0,5,3,0,0,0,0,357118,35312,318772,0,0,0,10,237,6,375,-0.0210,5.4190,5.3860,4.2340,-0.0430,-0.0310,-0.0460,0.0070,0.0760,0.0900,,,291,0,0,0
2020-08-01,MNG,mn,662,122,46,494,0,30,18,41,12,24,1,29,0,0,12,5,1,0,0,0,172572,92522,317096,0,0,0,5,278,7,372,-0.0710,5.4890,5.4590,4.2620,-0.0440,-0.0330,-0.0410,-0.0010,0.0740,0.3490,,,291,0,0,0
2020-08-02,MNG,mn,725,152,38,535,0,36,18,40,16,23,0,36,0,0,14,3,1,0,0,0,149877,72853,163137,0,0,0,2,288,13,422,-0.0520,5.4660,5.3860,4.2920,-0.0230,-0.0110,-0.0460,-0.0040,0.0710,0.3270,,,293,2,0,0
2020-08-03,MNG,mn,1165,203,43,919,0,113,22,56,12,43,3,110,0,0,12,8,2,0,0,0,806255,92729,221108,0,0,0,14,509,4,638,-0.0700,5.4700,5.4130,4.2740,-0.0380,-0.0410,-0.0440,0.0030,0.0770,0.1030,,,293,0,0,0
2020-08-04,MNG,mn,712,140,42,530,0,55,11,50,13,37,1,54,0,0,10,0,1,0,0,0,362241,22688,266173,0,0,0,15,278,2,417,-0.1590,5.3830,5.3340,4.2670,-0.0490,-0.0230,-0.0470,0.0010,0.0770,0.0590,,,293,0,0,0
2020-08-05,MNG,mn,703,127,35,541,0,40,12,46,7,38,2,38,0,1,6,5,0,0,0,0,152862,45634,307507,0,0,0,6,253,5,439,-0.0620,5.4130,5.3730,4.2290,-0.0230,-0.0090,-0.0500,-0.0190,0.0790,0.2300,,,293,0,0,0
2020-08-06,MNG,mn,608,121,44,443,0,51,14,62,14,48,0,51,0,0,8,4,2,0,0,0,229048,86224,705162,0,0,0,16,205,6,381,-0.0750,5.4100,5.3750,4.2750,-0.0450,-0.0370,-0.0480,-0.0170,0.0760,0.2730,,,293,0,0,0
2020-08-07,MNG,mn,519,117,40,362,0,31,17,48,8,39,0,31,0,0,15,1,1,0,0,0,171204,74526,425779,0,0,0,13,198,2,306,-0.0640,5.4230,5.3620,4.3020,-0.0300,0.0010,-0.0480,-0.0000,0.0770,0.3030,,,293,0,0,0
2020-08-08,MNG,mn,496,106,39,351,0,39,12,25,11,13,1,38,0,0,10,1,1,0,0,0,84104,68013,105311,0,0,0,7,186,7,296,-0.0660,5.3150,5.3000,4.3390,-0.0250,0.0010,-0.0450,0.0060,0.0720,0.4470,,,293,0,0,0
2020-08-09,MNG,mn,573,104,36,433,0,42,27,53,20,33,1,41,0,0,21,6,0,0,0,0,212850,198306,326580,0,0,0,5,242,7,319,-0.0130,5.5110,5.4720,4.2950,-0.0200,-0.0390,-0.0480,-0.0040,0.0740,0.4820,,,293,0,0,0
2020-08-10,MNG,mn,603,141,46,416,0,42,39,44,8,35,2,40,1,1,31,2,4,0,0,0,124319,139894,217712,0,0,0,7,296,5,295,-0.0250,5.5180,5.4390,4.3040,-0.0180,-0.0340,-0.0480,-0.0110,0.0780,0.5290,,,293,0,0,0
2020-08-11,MNG,mn,858,151,43,664,0,56,12,72,25,46,3,53,0,0,9,1,2,0,0,0,148685,18669,616651,0,0,0,19,353,5,481,0.0220,5.5330,5.4140,4.3510,-0.0570,-0.0540,-0.0400,0.0090,0.0740,0.1120,,,293,0,0,0
2020-08-12,MNG,mn,506,116,39,351,0,42,16,58,18,40,1,41,0,0,13,3,0,0,0,0,111428,68599,227511,0,0,0,9,188,2,307,0.0160,5.4230,5.3340,4.3190,-0.0290,-0.0320,-0.0450,-0.0010,0.0780,0.3810,,,293,0,0,0
2020-08-13,MNG,mn,542,139,51,352,0,32,8,79,30,48,1,31,0,0,4,3,1,0,0,0,138751,26698,616676,0,0,0,17,214,5,306,0.0330,5.4910,5.3760,4.2570,-0.0380,-0.0200,-0.0470,-0.0040,0.0780,0.1610,,,297,4,0,0
2020-08-14,MNG,mn,430,90,42,298,0,28,10,57,18,39,1,27,0,1,5,4,0,0,0,0,68072,33462,374761,0,0,0,14,174,8,234,0.0150,5.5300,5.4270,4.3070,-0.0430,-0.0270,-0.0450,-0.0240,0.0740,0.3300,,,297,0,0,0
2020-08-15,MNG,mn,335,81,27,227,0,15,5,30,11,18,0,15,0,0,3,2,0,0,0,0,49325,8464,148898,0,0,0,1,154,10,170,0.0030,5.4830,5.3710,4.2960,-0.0470,0.0040,-0.0440,-0.0070,0.0790,0.1460,,,298,1,0,0
2020-08-16,MNG,mn,436,78,48,310,0,32,7,43,19,23,3,29,0,0,3,3,1,0,0,0,77646,22464,224126,0,0,0,7,148,10,271,-0.0020,5.4710,5.3900,4.2800,-0.0310,-0.0120,-0.0500,-0.0260,0.0770,0.2240,,,298,0,0,0
2020-08-17,MNG,mn,495,123,41,331,0,25,9,57,13,41,1,24,0,1,3,4,1,0,0,0,227201,47007,534660,0,0,0,13,184,2,296,-0.0400,5.4370,5.3560,4.2600,-0.0460,-0.0470,-0.0400,-0.0050,0.0750,0.1710,,,298,0,0,0
2020-08-18,MNG,mn,550,125,33,392,0,40,4,36,5,30,2,38,0,0,2,0,2,0,0,0,86781,31873,329113,0,0,0,11,270,4,265,-0.0050,5.4960,5.4050,4.1940,-0.0270,0.0090,-0.0450,-0.0030,0.0780,0.2690,,,298,0,0,0
2020-08-19,MNG,mn,547,128,41,378,0,26,13,50,10,39,7,19,0,0,6,6,1,0,0,0,112752,79527,433522,0,0,0,18,267,1,261,0.0260,5.5060,5.4360,4.2400,-0.0310,-0.0020,-0.0480,0.0030,0.0790,0.4140,,,298,0,0,0
2020-08-20,MNG,mn,514,88,31,395,0,25,12,46,14,31,3,22,0,0,3,9,0,0,0,0,137497,32211,271700,0,0,0,10,183,3,318,-0.0429,5.4593,5.3769,4.2907,-0.0445,-0.0221,-0.0455,-0.0068,0.0744,0.1898,,,298,0,0,0
2020-08-21,MNG,mn,418,94,34,290,0,28,10,59,19,40,0,28,0,0,7,0,3,0,0,0,94426,81680,545983,0,0,0,5,164,6,243,-0.1075,5.4223,5.3356,4.3173,-0.0400,-0.0253,-0.0475,-0.0053,0.0754,0.4638,,,298,0,0,0
2020-08-22,MNG,mn,420,72,28,320,0,20,17,32,4,26,0,20,0,1,11,2,3,0,0,0,79679,97613,162991,0,0,0,6,174,2,238,-0.0626,5.4480,5.3708,4.3099,-0.0440,-0.0314,-0.0443,-0.0010,0.0716,0.5506,,,298,0,0,0
