datetime,iso,local_languages,info_tweets,info_tweets_T,info_tweets_RE,info_tweets_RT,info_tweets_local,info_fact_reliable,info_fact_unreliable,info_fact_unknown,info_fact_shadow,info_fact_missing,info_fact_science,info_fact_msm,info_fact_satire,info_fact_clickbait,info_fact_political,info_fact_fake,info_fact_conspiracy,info_fact_reliable_local,info_fact_unreliable_local,info_fact_unknown_local,info_fact_reliable_RT,info_fact_unreliable_RT,info_fact_reliable_RE,info_fact_unreliable_RE,info_exposure_fact_reliable,info_exposure_fact_unreliable,info_exposure_fact_unknown,info_exposure_fact_reliable_local,info_exposure_fact_unreliable_local,info_exposure_fact_unknown_local,info_bot_verified,info_bot_unverified,info_human_verified,info_human_unverified,info_sentiment,info_vad_V,info_vad_A,info_vad_D,info_big_5_O,info_big_5_C,info_big_5_E,info_big_5_A,info_big_5_N,info_risk_index,info_risk_index_local,info_dyn_iri_RT,info_dyn_iri_RE,info_dyn_iri,eco_close_pct,epi_confirmed,epi_confirmed_new,epi_dead,epi_dead_new
2020-01-22,MNP,,5,0,0,5,0,0,0,2,2,0,0,0,0,0,0,0,0,0,0,0,0,0,0,0,0,0,420,0,0,0,0,1,0,4,0.6098,5.2604,5.3196,4.0984,,,-0.0593,,0.0924,,,,,,,,,,
2020-01-23,MNP,,7,0,0,7,0,0,0,0,0,0,0,0,0,0,0,0,0,0,0,0,0,0,0,0,0,0,0,0,0,0,0,3,0,4,0.2402,5.9228,5.8489,4.2397,,,,,0.1023,,,,,,,,,,
2020-01-24,MNP,,51,5,1,45,0,0,3,1,0,0,0,0,0,0,3,0,0,0,0,0,0,3,0,0,0,2482,40,0,0,0,0,16,0,35,0.3243,6.5570,5.8977,4.6952,,,0.0157,0.0333,0.0250,1.0000,,1.0000,,1.0000,,,,,
2020-01-25,MNP,,37,2,1,34,0,3,0,2,1,1,0,3,0,0,0,0,0,0,0,0,3,0,0,0,7604,0,7516,0,0,0,0,17,0,20,-0.0559,5.8635,5.5736,4.4005,,0.0476,-0.0055,0.0176,0.0562,0.0000,,0.0000,,0.0000,,,,,
2020-01-26,MNP,,46,2,2,42,0,0,1,1,0,1,0,0,0,0,1,0,0,0,0,0,0,1,0,0,0,28,480,0,0,0,0,27,0,19,0.0068,5.4888,5.3489,4.2090,,,-0.0411,0.0333,0.0649,1.0000,,1.0000,,1.0000,,,,,
2020-01-27,MNP,,52,7,0,45,0,6,0,4,0,3,0,6,0,0,0,0,0,0,0,0,5,0,0,0,8586,0,2845,0,0,0,0,23,0,29,-0.3253,4.9901,5.0050,4.6683,,-0.0570,0.0098,0.0264,0.0425,0.0000,,0.0000,,0.0000,,,,,
2020-01-28,MNP,,22,2,1,19,0,1,3,1,1,0,0,1,0,0,3,0,0,0,0,0,1,3,0,0,415,32566,89,0,0,0,0,6,1,15,-0.0682,5.6046,5.3365,4.3930,-0.0407,-0.0491,-0.0389,0.0333,0.0715,0.9874,,0.7500,,0.7500,,,,,
2020-01-29,MNP,,19,0,0,19,0,0,0,0,0,0,0,0,0,0,0,0,0,0,0,0,0,0,0,0,0,0,0,0,0,0,0,8,2,9,-0.0383,5.2325,5.2509,4.4486,,,-0.0301,-0.0002,0.0618,,,,,,,,,,
2020-01-30,MNP,,84,10,1,73,0,2,2,7,2,1,0,2,0,0,1,1,0,0,0,0,2,2,0,0,1164,1893,2287,0,0,0,0,40,0,44,0.0267,5.3404,5.3475,4.1962,-0.1091,-0.0801,-0.0282,0.0017,0.0606,0.6192,,0.5000,,0.5000,,,,,
2020-01-31,MNP,,59,9,2,48,0,1,3,3,2,0,0,1,0,0,1,1,1,0,0,0,1,2,0,1,89,32791,2209,0,0,0,0,21,5,33,0.0453,5.3299,5.1798,4.0800,,-0.0604,-0.0531,0.0100,0.0684,0.9973,,0.6667,1.0000,0.7500,,,,,
2020-02-01,MNP,,25,3,0,22,0,0,0,0,0,0,0,0,0,0,0,0,0,0,0,0,0,0,0,0,0,0,0,0,0,0,0,8,1,16,-0.1258,4.7130,5.0182,4.3676,-0.0487,-0.0544,-0.0420,-0.0270,0.0705,,,,,,,,,,
2020-02-02,MNP,,27,5,0,22,0,2,0,0,0,0,0,2,0,0,0,0,0,0,0,0,1,0,0,0,399,0,0,0,0,0,0,5,0,22,0.2021,5.7994,5.5210,4.2753,,,-0.0515,,0.0830,0.0000,,0.0000,,0.0000,,,,,
2020-02-03,MNP,,20,1,3,16,0,2,0,1,0,1,0,2,0,0,0,0,0,0,0,0,2,0,0,0,1375,0,1317,0,0,0,0,5,1,14,-0.2201,5.0404,5.1941,4.5206,,,-0.0593,,0.0679,0.0000,,0.0000,,0.0000,,,,,
2020-02-04,MNP,,10,3,1,6,0,1,1,0,0,0,0,1,0,0,1,0,0,0,0,0,0,0,0,0,51,298,0,0,0,0,0,4,0,6,-0.2938,5.6892,5.4037,4.3415,,,,,0.1029,0.8539,,,,,,,,,
2020-02-05,MNP,,8,0,1,7,0,0,0,0,0,0,0,0,0,0,0,0,0,0,0,0,0,0,0,0,0,0,0,0,0,0,0,1,0,7,0.1273,5.4246,5.4534,4.2748,,,0.0061,0.0333,0.0218,,,,,,,,,,
2020-02-06,MNP,,19,5,1,13,0,0,1,1,0,1,0,0,0,0,1,0,0,0,0,0,0,1,0,0,0,31364,7603,0,0,0,0,9,0,10,-0.0966,4.9655,5.0917,4.0845,,,-0.0593,,0.0835,1.0000,,1.0000,,1.0000,,,,,
2020-02-07,MNP,,22,7,0,15,0,1,0,0,0,0,0,1,0,0,0,0,0,0,0,0,0,0,0,0,366,0,0,0,0,0,0,14,0,8,-0.2223,5.2678,5.1157,4.4144,-0.0407,-0.0491,-0.0327,0.0333,0.0568,0.0000,,,,,,,,,
2020-02-08,MNP,,8,1,1,6,0,2,0,0,0,0,0,2,0,0,0,0,0,0,0,0,2,0,0,0,526,0,0,0,0,0,0,2,0,6,-0.1408,5.2635,5.1559,4.3110,,,-0.0542,-0.0449,0.0835,0.0000,,0.0000,,0.0000,,,,,
2020-02-09,MNP,,11,1,0,10,0,0,0,2,1,0,0,0,0,0,0,0,0,0,0,0,0,0,0,0,0,0,935,0,0,0,0,9,0,2,-0.1867,5.1888,5.2037,4.2698,,,,,0.0803,,,,,,,,,,
2020-02-10,MNP,,11,5,0,6,0,2,0,1,0,1,0,2,0,0,0,0,0,0,0,0,2,0,0,0,1431,0,932,0,0,0,0,3,0,8,-0.1644,5.3780,5.4343,4.1698,-0.0471,-0.0555,-0.0593,-0.0549,0.0596,0.0000,,0.0000,,0.0000,,,,,
2020-02-11,MNP,,19,5,0,14,0,0,0,2,1,1,0,0,0,0,0,0,0,0,0,0,0,0,0,0,0,0,2410,0,0,0,0,5,0,14,-0.4102,5.1636,5.1387,4.5661,-0.0968,-0.0579,0.0365,-0.0099,0.0322,,,,,,,,,,
2020-02-12,MNP,,10,1,0,9,0,0,0,1,0,1,0,0,0,0,0,0,0,0,0,0,0,0,0,0,0,0,1584,0,0,0,0,6,0,4,-0.3598,5.2902,5.1490,4.1544,,,-0.0593,-0.0556,0.0869,,,,,,,,,,
2020-02-13,MNP,,7,0,1,6,0,1,0,0,0,0,0,1,0,0,0,0,0,0,0,0,0,0,1,0,29025,0,0,0,0,0,0,3,0,4,-0.0952,5.4963,5.4344,4.1730,,,-0.0546,,0.0905,0.0000,,,0.0000,0.0000,,,,,
2020-02-14,MNP,,23,3,0,20,0,1,1,0,0,0,0,1,0,0,0,0,1,0,0,0,1,0,0,0,1584,1335,0,0,0,0,0,6,0,17,-0.1562,5.1672,5.1917,4.3875,-0.0256,-0.0488,-0.0458,-0.0461,0.0653,0.4573,,0.0000,,0.0000,,,,,
2020-02-15,MNP,,13,3,2,8,0,1,0,0,0,0,0,1,0,0,0,0,0,0,0,0,1,0,0,0,94,0,0,0,0,0,0,6,0,7,-0.0189,5.7590,5.4860,4.4057,0.0481,,-0.0593,,0.0990,0.0000,,0.0000,,0.0000,,,,,
2020-02-16,MNP,,16,3,0,13,0,4,0,0,0,0,0,4,0,0,0,0,0,0,0,0,4,0,0,0,767,0,0,0,0,0,0,4,0,12,-0.1545,5.5003,5.3650,4.4879,0.0481,,-0.0274,-0.0118,0.0814,0.0000,,0.0000,,0.0000,,,,,
2020-02-17,MNP,,9,0,0,9,0,1,0,0,0,0,0,1,0,0,0,0,0,0,0,0,1,0,0,0,516,0,0,0,0,0,0,3,0,6,0.1649,5.5761,5.4016,4.5500,,,-0.0593,,0.0835,0.0000,,0.0000,,0.0000,,,,,
2020-02-18,MNP,,14,1,0,13,0,0,0,0,0,0,0,0,0,0,0,0,0,0,0,0,0,0,0,0,0,0,0,0,0,0,0,5,0,9,-0.2090,5.2366,5.1688,4.3210,-0.0445,-0.0521,-0.0097,0.0123,0.0584,,,,,,,,,,
2020-02-19,MNP,,16,1,0,15,0,0,0,1,1,0,0,0,0,0,0,0,0,0,0,0,0,0,0,0,0,0,364,0,0,0,0,8,0,8,-0.4086,5.3868,5.1067,4.3675,,,0.0730,0.0333,0.0077,,,,,,,,,,
2020-02-20,MNP,,18,2,0,16,0,1,0,0,0,0,0,1,0,0,0,0,0,0,0,0,1,0,0,0,94,0,0,0,0,0,0,7,0,11,-0.1198,5.3291,5.2307,4.2857,,,-0.0583,,0.0851,0.0000,,0.0000,,0.0000,,,,,
2020-02-21,MNP,,9,0,0,9,0,0,0,1,0,1,0,0,0,0,0,0,0,0,0,0,0,0,0,0,0,0,94,0,0,0,0,6,0,3,-0.3612,4.4375,5.0700,3.9050,,,,,,,,,,,,,,,
2020-02-22,MNP,,13,1,1,11,0,0,0,4,0,4,0,0,0,0,0,0,0,0,0,0,0,0,0,0,0,0,32524,0,0,0,0,7,0,6,0.0556,5.2350,5.3143,4.4884,,,-0.0593,,0.0835,,,,,,,,,,
2020-02-23,MNP,,17,0,0,17,0,1,0,0,0,0,0,1,0,0,0,0,0,0,0,0,1,0,0,0,94,0,0,0,0,0,0,13,0,4,0.0183,5.4633,5.2896,4.2024,,,-0.0593,,0.0782,0.0000,,0.0000,,0.0000,,,,,
2020-02-24,MNP,,15,1,1,13,0,1,0,1,0,1,0,1,0,0,0,0,0,0,0,0,1,0,0,0,94,0,94,0,0,0,0,1,0,14,0.3487,5.7747,5.5261,4.2192,,,-0.0372,,0.0790,0.0000,,0.0000,,0.0000,,,,,
2020-02-25,MNP,,24,0,0,24,0,3,0,3,0,2,0,3,0,0,0,0,0,0,0,0,3,0,0,0,282,0,282,0,0,0,0,5,0,19,0.0021,5.3600,5.0456,4.3459,,,-0.0562,,0.0859,0.0000,,0.0000,,0.0000,,,,,
2020-02-26,MNP,,32,3,0,29,0,1,0,3,0,3,0,1,0,0,0,0,0,0,0,0,1,0,0,0,1361,0,26586,0,0,0,0,13,0,19,0.0736,5.5937,5.5577,4.3991,,0.0512,-0.0327,,0.0732,0.0000,,0.0000,,0.0000,,,,,
2020-02-27,MNP,,37,6,2,29,0,0,1,3,0,3,0,0,0,0,0,1,0,0,0,0,0,0,0,0,0,4,3810,0,0,0,0,18,0,19,-0.1158,5.3730,5.2747,4.3035,-0.0419,-0.0488,-0.0583,-0.0514,0.0855,1.0000,,,,,,,,,
2020-02-28,MNP,,39,2,0,37,0,2,4,2,1,1,0,2,0,0,2,2,0,0,0,0,2,4,0,0,1374,534,888,0,0,0,0,13,0,26,-0.1086,5.3711,5.3246,4.3498,0.0009,0.0259,-0.0345,0.0333,0.0727,0.2799,,0.6667,,0.6667,,,,,
2020-02-29,MNP,,50,5,0,45,0,0,1,6,6,0,0,0,0,0,0,1,0,0,0,0,0,0,0,0,0,31141,2348,0,0,0,0,15,0,35,-0.0364,5.4257,5.3701,4.5362,-0.0175,0.0468,-0.0568,-0.0275,0.0744,1.0000,,,,,,,,,
2020-03-01,MNP,,67,5,0,62,0,1,1,3,3,0,0,1,0,0,0,1,0,0,0,0,1,1,0,0,415,94,979,0,0,0,0,32,0,35,-0.0595,5.3954,5.3355,4.3208,0.0455,,-0.0411,-0.0258,0.0738,0.1847,,0.5000,,0.5000,,,,,
2020-03-02,MNP,,24,4,1,19,0,0,0,6,4,2,0,0,0,0,0,0,0,0,0,0,0,0,0,0,0,0,2552,0,0,0,0,7,0,17,-0.0774,5.2764,5.1166,4.5796,-0.1016,-0.0676,-0.0487,-0.0557,0.0732,,,,,,,,,,
2020-03-03,MNP,,30,4,0,26,0,2,0,1,1,0,0,2,0,0,0,0,0,0,0,0,2,0,0,0,471,0,294,0,0,0,0,15,0,15,0.1448,5.5144,5.4020,4.3117,0.0400,,-0.0364,0.0333,0.0669,0.0000,,0.0000,,0.0000,,,,,
2020-03-04,MNP,,60,7,1,52,0,2,0,4,2,2,0,2,0,0,0,0,0,0,0,0,1,0,0,0,1347,0,8579,0,0,0,0,35,0,25,-0.0007,5.2380,5.2002,4.2440,-0.1100,-0.0036,-0.0498,-0.0232,0.0631,0.0000,,0.0000,,0.0000,,,,,
2020-03-05,MNP,,73,11,6,56,0,1,0,8,5,3,0,1,0,0,0,0,0,0,0,0,1,0,0,0,94,0,4103,0,0,0,0,30,0,43,-0.0043,5.3354,5.3222,4.2891,-0.0357,0.0053,-0.0380,-0.0296,0.0680,0.0000,,0.0000,,0.0000,,,,,
2020-03-06,MNP,,51,16,0,35,0,1,0,4,2,2,0,1,0,0,0,0,0,0,0,0,0,0,0,0,298,0,1492,0,0,0,0,20,0,31,0.1463,5.3990,5.4147,4.5222,-0.0005,-0.0168,-0.0104,0.0081,0.0491,0.0000,,,,,,,,,
2020-03-07,MNP,,55,7,2,46,0,2,1,2,1,1,0,2,0,1,0,0,0,0,0,0,2,1,0,0,31383,91,98,0,0,0,0,20,0,35,0.0593,5.4890,5.4044,4.3648,-0.0407,-0.0383,-0.0263,0.0064,0.0520,0.0029,,0.3333,,0.3333,,,,,
2020-03-08,MNP,,42,5,2,35,0,0,1,3,0,2,0,0,0,0,0,0,1,0,0,0,0,1,0,0,0,817,31190,0,0,0,0,9,0,33,-0.1837,5.3435,5.2499,4.4174,,,-0.0407,0.0115,0.0702,1.0000,,1.0000,,1.0000,,,,,
2020-03-09,MNP,,58,12,2,44,0,0,0,4,4,0,0,0,0,0,0,0,0,0,0,0,0,0,0,0,0,0,32359,0,0,0,0,19,2,37,-0.0024,5.7007,5.4136,4.3828,-0.0449,,-0.0475,-0.0106,0.0732,,,,,,,,,,
2020-03-10,MNP,,72,7,8,57,0,2,0,8,5,3,0,2,0,0,0,0,0,0,0,0,2,0,0,0,694,0,3140,0,0,0,0,21,0,51,-0.1113,5.3610,5.3410,4.2199,-0.0244,-0.0296,-0.0350,0.0254,0.0600,0.0000,,0.0000,,0.0000,,,,,
2020-03-11,MNP,,67,6,3,58,0,2,1,4,2,2,0,2,0,1,0,0,0,0,0,0,2,1,0,0,522,94,1667,0,0,0,0,25,0,42,0.2530,5.5739,5.4215,4.3868,-0.0419,-0.0463,-0.0095,0.0156,0.0448,0.1526,,0.3333,,0.3333,,,,,
2020-03-12,MNP,,67,7,0,60,0,1,0,4,1,3,0,1,0,0,0,0,0,0,0,0,1,0,0,0,442,0,1617,0,0,0,0,28,0,39,0.0208,5.7108,5.5574,4.2610,-0.0130,-0.0491,-0.0588,-0.0478,0.0731,0.0000,,0.0000,,0.0000,,,,,
2020-03-13,MNP,,76,4,1,71,0,0,0,8,7,1,0,0,0,0,0,0,0,0,0,0,0,0,0,0,0,0,2828,0,0,0,0,41,0,35,0.0566,5.5193,5.5366,4.2808,-0.0763,,-0.0442,0.0333,0.0741,,,,,,,,,,
2020-03-14,MNP,,54,9,0,45,0,1,0,5,3,2,0,1,0,0,0,0,0,0,0,0,0,0,0,0,300,0,31816,0,0,0,0,20,0,34,0.0759,5.5214,5.5157,4.2860,-0.0698,-0.0944,-0.0420,-0.0244,0.0620,0.0000,,,,,,,,,
2020-03-15,MNP,,97,19,3,75,0,11,0,1,0,1,1,10,0,0,0,0,0,0,0,0,10,0,0,0,36120,0,29611,0,0,0,0,35,1,61,0.1308,5.4720,5.4332,4.3539,-0.0459,-0.0331,-0.0282,-0.0137,0.0737,0.0000,,0.0000,,0.0000,,,,,
2020-03-16,MNP,,62,13,0,49,0,2,0,2,0,2,0,2,0,0,0,0,0,0,0,0,2,0,0,0,685,0,591,0,0,0,0,23,0,39,-0.0529,5.5773,5.5014,4.1675,-0.0442,,-0.0386,-0.0078,0.0793,0.0000,,0.0000,,0.0000,,,,,
2020-03-17,MNP,,65,10,2,53,0,1,0,3,0,2,0,1,0,0,0,0,0,0,0,0,1,0,0,0,302,0,31454,0,0,0,0,30,1,34,-0.0562,5.6130,5.4957,4.3081,-0.0770,-0.0517,-0.0356,0.0233,0.0741,0.0000,,0.0000,,0.0000,,,,,
2020-03-18,MNP,,63,17,1,45,0,2,1,1,0,0,0,2,0,0,1,0,0,0,0,0,1,0,0,0,425,31073,35,0,0,0,1,24,0,38,0.0151,5.6503,5.4051,4.2829,-0.1099,-0.0883,-0.0445,-0.0397,0.0813,0.9865,,0.0000,,0.0000,,,,,
2020-03-19,MNP,,70,6,1,63,0,0,1,1,1,0,0,0,0,0,1,0,0,0,0,0,0,1,0,0,0,31055,600,0,0,0,0,21,0,49,-0.1899,5.2131,5.2925,4.3049,-0.0750,-0.0692,-0.0297,-0.0316,0.0638,1.0000,,1.0000,,1.0000,,,,,
2020-03-20,MNP,,62,8,1,53,0,1,3,5,2,2,0,1,0,1,2,0,0,0,0,0,0,1,0,1,14905,1925,17638,0,0,0,2,19,0,41,-0.1116,5.3670,5.2711,4.3686,-0.0720,-0.0306,-0.0376,-0.0170,0.0636,0.1144,,1.0000,1.0000,1.0000,,,,,
2020-03-21,MNP,,54,6,3,45,0,1,1,1,1,0,0,1,0,0,1,0,0,0,0,0,0,1,0,0,1392,301,419,0,0,0,0,16,2,36,0.1153,5.4886,5.3940,4.2581,-0.0383,0.0302,-0.0219,0.0282,0.0636,0.1778,,1.0000,,1.0000,,,,,
2020-03-22,MNP,,84,7,1,76,0,3,2,4,0,4,0,3,0,0,2,0,0,0,0,0,2,2,0,0,8483,9274,32429,0,0,0,0,33,0,51,0.0895,5.5617,5.5181,4.3544,-0.0627,-0.0587,-0.0334,0.0178,0.0670,0.5223,,0.5000,,0.5000,,,,,
2020-03-23,MNP,,64,2,5,57,0,0,1,2,0,1,0,0,0,0,1,0,0,0,0,0,0,1,0,0,0,7896,31578,0,0,0,0,25,0,39,0.0125,5.4747,5.2934,4.2447,-0.0380,-0.0425,-0.0335,0.0003,0.0708,1.0000,,1.0000,,1.0000,,,,,
2020-03-24,MNP,,79,8,2,69,0,1,1,10,1,7,0,1,0,0,1,0,0,0,0,0,1,1,0,0,31046,261,32343,0,0,0,2,28,0,49,0.1257,5.6725,5.5338,4.1742,-0.0083,-0.0006,-0.0423,-0.0100,0.0782,0.0083,,0.5000,,0.5000,,,,,
2020-03-25,MNP,,58,14,1,43,0,1,2,2,0,2,0,1,0,0,2,0,0,0,0,0,1,1,0,1,439,31063,62100,0,0,0,0,37,0,21,-0.0538,5.5688,5.4613,4.2431,-0.0363,-0.0480,-0.0314,0.0145,0.0730,0.9861,,0.5000,1.0000,0.6667,,,,,
2020-03-26,MNP,,54,11,4,39,0,1,1,2,0,2,0,1,0,0,0,1,0,0,0,0,1,1,0,0,29,31053,62106,0,0,0,0,10,0,44,0.0239,5.4335,5.4547,4.3785,,,-0.0383,0.0039,0.0670,0.9991,,0.5000,,0.5000,,,,,
2020-03-27,MNP,,52,7,2,43,0,2,1,3,0,3,1,1,0,0,1,0,0,0,0,0,2,1,0,0,62112,300,62445,0,0,0,1,12,0,39,-0.0223,5.6692,5.5050,4.2123,,,-0.0397,-0.0087,0.0693,0.0048,,0.3333,,0.3333,,,,,
2020-03-28,MNP,,70,15,6,49,0,3,2,4,3,1,0,3,0,0,2,0,0,0,0,0,3,2,0,0,62387,31212,32667,0,0,0,0,33,0,37,0.0967,5.5284,5.4497,4.2286,-0.0221,-0.0554,-0.0486,-0.0020,0.0674,0.3335,,0.4000,,0.4000,,,,,
2020-03-29,MNP,,55,11,1,43,0,2,1,4,0,1,0,2,0,0,1,0,0,0,0,0,1,0,0,0,1300,302,39225,0,0,0,0,29,0,26,0.0120,5.3595,5.4493,4.2550,0.0002,,-0.0292,0.0246,0.0661,0.1885,,0.0000,,0.0000,,,,,
2020-03-30,MNP,,98,19,8,71,0,2,1,5,1,4,0,2,0,0,1,0,0,0,0,0,1,1,0,0,62,7957,321,0,0,0,2,37,0,59,-0.2216,5.4868,5.3842,4.2079,0.0001,0.0474,-0.0464,0.0251,0.0627,0.9923,,0.5000,,0.5000,,,,,
2020-03-31,MNP,,54,7,0,47,0,1,1,2,1,1,0,1,0,0,1,0,0,0,0,0,1,1,0,0,31041,31041,242,0,0,0,0,12,0,42,0.1447,5.4966,5.4672,4.1873,-0.0016,-0.0011,-0.0543,-0.0381,0.0789,0.5000,,0.5000,,0.5000,,2,2,0,0
2020-04-01,MNP,,74,6,5,63,0,1,1,3,0,3,0,1,0,0,1,0,0,0,0,0,1,0,0,0,300,301,33535,0,0,0,1,33,0,40,-0.1021,5.4736,5.4209,4.1837,0.0093,,-0.0515,0.0329,0.0677,0.5008,,0.0000,,0.0000,,6,4,0,0
2020-04-02,MNP,,63,10,3,50,0,1,0,1,1,0,0,1,0,0,0,0,0,0,0,0,0,0,0,0,34,0,31039,0,0,0,0,30,0,33,0.0045,5.5461,5.3561,4.2653,0.0017,-0.0537,-0.0449,0.0333,0.0655,0.0000,,,,,,6,0,1,1
2020-04-03,MNP,,38,1,1,36,0,0,0,0,0,0,0,0,0,0,0,0,0,0,0,0,0,0,0,0,0,0,0,0,0,0,0,14,0,24,-0.0017,5.5008,5.4445,4.3034,-0.0559,-0.0631,-0.0369,-0.0122,0.0617,,,,,,,8,2,1,0
2020-04-04,MNP,,63,5,5,53,0,2,1,4,0,3,0,2,0,0,1,0,0,0,0,0,1,1,0,0,31226,31059,31710,0,0,0,1,16,0,46,0.0444,5.3984,5.3266,4.3377,,-0.0059,-0.0299,0.0333,0.0620,0.4987,,0.5000,,0.5000,,8,0,1,0
2020-04-05,MNP,,62,7,2,53,0,1,2,5,0,2,0,1,0,0,1,1,0,0,0,0,1,2,0,0,64,62158,62326,0,0,0,0,7,0,55,0.0119,5.6460,5.6089,4.3433,,,-0.0499,-0.0537,0.0790,0.9990,,0.6667,,0.6667,,8,0,1,0
2020-04-06,MNP,,58,5,3,50,0,7,1,2,2,0,0,7,0,0,1,0,0,0,0,0,5,1,0,0,117211,31207,725,0,0,0,1,17,0,40,0.0831,5.4584,5.5232,4.2490,-0.0238,0.0037,-0.0408,0.0135,0.0707,0.2103,,0.1667,,0.1667,,8,0,1,0
2020-04-07,MNP,,75,8,4,63,0,5,0,3,2,0,0,5,0,0,0,0,0,0,0,0,5,0,0,0,40082,0,31642,0,0,0,0,27,0,48,-0.0251,5.3539,5.3647,4.2539,0.0000,-0.0491,-0.0459,-0.0083,0.0814,0.0000,,0.0000,,0.0000,,8,0,1,0
2020-04-08,MNP,,62,8,2,52,0,4,0,6,3,2,0,4,0,0,0,0,0,0,0,0,2,0,0,0,33045,0,33301,0,0,0,0,21,0,41,-0.1414,5.3473,5.2240,4.3579,-0.0471,-0.0061,-0.0374,0.0124,0.0690,0.0000,,0.0000,,0.0000,,8,0,2,1
2020-04-09,MNP,,50,4,3,43,0,1,5,2,0,2,0,1,0,0,3,2,0,0,0,0,1,5,0,0,380,93830,154,0,0,0,0,20,0,30,0.1290,5.4695,5.4590,4.4089,0.0205,,-0.0361,0.0176,0.0652,0.9960,,0.8333,,0.8333,,11,3,2,0
2020-04-10,MNP,,61,9,1,51,0,3,3,8,1,6,0,3,0,0,3,0,0,0,0,0,3,3,0,0,13139,62475,111308,0,0,0,1,19,0,41,0.1571,5.9321,5.7232,4.0972,0.0027,,-0.0494,-0.0228,0.0734,0.8262,,0.5000,,0.5000,,11,0,2,0
2020-04-11,MNP,,65,13,3,49,0,2,2,6,1,5,0,2,0,0,1,1,0,0,0,0,2,1,0,0,825,31381,79056,0,0,0,0,34,1,30,-0.0146,5.4239,5.3521,4.3071,0.0421,0.0486,-0.0481,0.0200,0.0724,0.9744,,0.3333,,0.3333,,11,0,2,0
2020-04-12,MNP,,71,8,4,59,0,0,3,9,0,9,0,0,0,0,3,0,0,0,0,0,0,2,0,1,0,31751,111936,0,0,0,2,28,0,41,-0.1425,5.4817,5.3469,4.1629,-0.0228,,-0.0553,,0.0778,1.0000,,1.0000,1.0000,1.0000,,11,0,2,0
2020-04-13,MNP,,56,5,11,40,0,1,1,4,2,2,0,1,0,0,1,0,0,0,0,0,0,0,0,1,303,1442,784,0,0,0,1,21,0,34,0.0057,5.2930,5.2520,4.1319,0.0384,,-0.0471,0.0333,0.0723,0.8264,,,1.0000,1.0000,,11,0,2,0
2020-04-14,MNP,,66,9,6,51,0,2,0,7,1,5,0,2,0,0,0,0,0,0,0,0,1,0,0,0,2479,0,17263,0,0,0,0,34,1,31,-0.0404,5.2399,5.2867,4.3508,,-0.0088,-0.0405,,0.0678,0.0000,,0.0000,,0.0000,,11,0,2,0
2020-04-15,MNP,,53,11,1,41,0,4,1,5,1,3,0,4,0,0,0,1,0,0,0,0,4,1,0,0,31967,31447,40007,0,0,0,0,14,0,39,-0.0957,5.1229,5.1906,4.4711,-0.0854,,-0.0225,0.0098,0.0571,0.4959,,0.2000,,0.2000,,13,2,2,0
2020-04-16,MNP,,71,5,1,65,0,2,2,7,1,5,0,2,0,0,1,1,0,0,0,0,1,2,0,0,367,31755,64219,0,0,0,0,19,1,51,0.2367,5.5897,5.5324,4.2748,0.0471,0.0489,-0.0429,0.0318,0.0754,0.9886,,0.6667,,0.6667,,13,0,2,0
2020-04-17,MNP,,48,6,3,39,0,1,3,4,0,3,0,1,0,0,2,1,0,0,0,0,1,2,0,0,16,31515,32651,0,0,0,0,15,0,33,-0.1033,5.2335,5.1703,4.2724,-0.0407,-0.0006,-0.0358,0.0068,0.0738,0.9995,,0.6667,,0.6667,,13,0,2,0
2020-04-18,MNP,,61,7,2,52,0,0,6,5,1,4,0,0,0,0,6,0,0,0,0,0,0,6,0,0,0,78,3409,0,0,0,0,20,0,41,-0.0214,5.3996,5.3082,4.2481,,,-0.0381,0.0333,0.0685,1.0000,,1.0000,,1.0000,,14,1,2,0
2020-04-19,MNP,,46,5,0,41,0,0,1,3,2,1,0,0,0,0,1,0,0,0,0,0,0,0,0,0,0,146,271,0,0,0,0,12,0,34,-0.2227,4.9100,5.1947,4.4049,,,-0.0593,,0.0736,1.0000,,,,,,14,0,2,0
2020-04-20,MNP,,50,6,6,38,0,0,2,5,2,2,0,0,0,0,1,1,0,0,0,0,0,2,0,0,0,588,65014,0,0,0,0,23,0,27,0.0949,5.8039,5.5104,4.3456,-0.0397,0.0531,-0.0533,-0.0270,0.0847,1.0000,,1.0000,,1.0000,,14,0,2,0
2020-04-21,MNP,,50,9,2,39,0,0,3,4,0,2,0,0,0,0,3,0,0,0,0,0,0,3,0,0,0,401,32417,0,0,0,0,28,0,22,-0.0203,5.4930,5.5045,4.2972,-0.0580,-0.0477,-0.0589,-0.0491,0.0807,1.0000,,1.0000,,1.0000,,14,0,2,0
2020-04-22,MNP,,47,8,4,35,0,3,1,0,0,0,0,3,0,0,0,1,0,0,0,0,2,0,0,1,2387,1501,0,0,0,0,0,13,1,33,0.1506,5.7152,5.5737,4.2215,-0.0471,-0.0466,-0.0483,-0.0191,0.0692,0.3861,,0.0000,1.0000,0.3333,,14,0,2,0
2020-04-23,MNP,,43,8,2,33,0,1,2,4,0,3,0,1,0,0,1,0,1,0,0,0,0,1,0,1,143,1515,296,0,0,0,0,19,0,24,0.1684,5.6055,5.3650,4.2575,-0.0445,-0.0008,-0.0391,0.0024,0.0640,0.9138,,1.0000,1.0000,1.0000,,14,0,2,0
2020-04-24,MNP,,65,7,1,57,0,2,1,5,2,1,0,2,0,0,1,0,0,0,0,0,1,1,0,0,33132,64,32991,0,0,0,0,22,0,43,0.0132,5.4040,5.3798,4.2431,,-0.0474,-0.0321,0.0254,0.0695,0.0019,,0.5000,,0.5000,,14,0,2,0
2020-04-25,MNP,,55,5,1,49,0,0,1,8,0,5,0,0,0,0,1,0,0,0,0,0,0,1,0,0,0,301,33115,0,0,0,0,14,0,41,0.0874,5.7122,5.6153,4.1280,,,-0.0407,0.0164,0.0722,1.0000,,1.0000,,1.0000,,14,0,2,0
2020-04-26,MNP,,53,12,1,40,0,3,1,6,1,4,0,3,0,0,1,0,0,0,0,0,1,1,1,0,33243,12,36061,0,0,0,0,9,1,43,0.0750,5.5502,5.4146,4.0661,0.0408,0.0001,-0.0593,-0.0465,0.0846,0.0004,,0.5000,0.0000,0.3333,,14,0,2,0
2020-04-27,MNP,,51,9,0,42,0,3,1,3,0,3,0,3,0,0,1,0,0,0,0,0,2,1,0,0,1013,1109,599,0,0,0,0,10,0,41,-0.0318,5.6603,5.5904,4.2189,,,-0.0506,,0.0813,0.5226,,0.3333,,0.3333,,14,0,2,0
2020-04-28,MNP,,65,11,4,50,0,2,0,4,1,2,0,2,0,0,0,0,0,0,0,0,2,0,0,0,816,0,2337,0,0,0,1,17,0,47,-0.1388,5.2595,5.3243,4.3790,-0.0845,-0.0646,-0.0419,-0.0371,0.0571,0.0000,,0.0000,,0.0000,,14,0,2,0
2020-04-29,MNP,,90,11,5,74,0,2,3,5,0,5,0,2,0,0,2,1,0,0,0,0,1,2,1,1,2039,33477,3346,0,0,0,2,36,0,52,0.2033,5.4173,5.4138,4.3463,-0.0307,0.0042,-0.0218,0.0133,0.0515,0.9426,,0.6667,0.5000,0.6000,,14,0,2,0
2020-04-30,MNP,,58,14,1,43,0,1,0,3,1,0,0,1,0,0,0,0,0,0,0,0,1,0,0,0,301,0,31840,0,0,0,0,12,2,44,0.1345,5.4500,5.4757,4.1380,0.0018,-0.0491,-0.0514,0.0362,0.0768,0.0000,,0.0000,,0.0000,,14,0,2,0
2020-05-01,MNP,,52,13,2,37,0,2,1,4,1,2,0,2,0,0,1,0,0,0,0,0,1,0,0,0,602,301,32782,0,0,0,0,27,0,25,0.1500,5.6313,5.5505,4.2311,-0.0014,-0.0241,-0.0373,-0.0096,0.0576,0.3333,,0.0000,,0.0000,,14,0,2,0
2020-05-02,MNP,,78,5,9,64,0,5,3,3,0,3,2,3,0,0,3,0,0,0,0,0,3,3,1,0,41743,40000,10429,0,0,0,0,17,0,61,0.0460,5.5397,5.4312,4.3957,-0.0111,-0.0491,-0.0454,0.0134,0.0745,0.4893,,0.5000,0.0000,0.4286,,14,0,2,0
2020-05-03,MNP,,45,8,4,33,0,1,1,1,0,1,0,1,0,0,1,0,0,0,0,0,0,0,0,0,302,153,85,0,0,0,0,22,0,23,0.0676,5.2906,5.3923,4.4444,-0.0596,,-0.0297,0.0110,0.0827,0.3363,,,,,,14,0,2,0
2020-05-04,MNP,,61,9,4,48,0,1,1,4,2,1,0,1,0,0,0,1,0,0,0,0,0,1,1,0,1553,31683,2706,0,0,0,1,17,0,43,0.1812,5.6645,5.5481,4.3140,,0.0468,-0.0482,0.0020,0.0764,0.9533,,1.0000,0.0000,0.5000,,14,0,2,0
2020-05-05,MNP,,59,11,1,47,0,1,2,1,0,0,0,1,0,0,2,0,0,0,0,0,1,1,0,0,144,1855,86,0,0,0,1,21,0,37,-0.1078,5.5157,5.3610,4.2531,-0.0397,-0.0604,-0.0426,-0.0091,0.0758,0.9280,,0.5000,,0.5000,,14,0,2,0
2020-05-06,MNP,,66,11,2,53,0,2,0,3,0,2,0,2,0,0,0,0,0,0,0,0,1,0,0,0,3130,0,41136,0,0,0,0,26,0,40,-0.1105,5.1349,5.2204,4.4128,,,-0.0348,0.0279,0.0688,0.0000,,0.0000,,0.0000,,14,0,2,0
2020-05-07,MNP,,54,12,3,39,0,2,2,5,1,4,0,2,0,0,2,0,0,0,0,0,0,2,0,0,1718,2684,1468,0,0,0,1,12,0,41,-0.0535,5.1535,5.2405,4.3218,,,-0.0381,-0.0064,0.0734,0.6097,,1.0000,,1.0000,,15,1,2,0
2020-05-08,MNP,,37,5,4,28,0,0,1,0,0,0,0,0,0,0,0,0,1,0,0,0,0,0,0,0,0,1581,0,0,0,0,0,10,0,27,-0.4598,5.1632,5.1881,4.2245,,,-0.0502,0.0333,0.0728,1.0000,,,,,,15,0,2,0
2020-05-09,MNP,,74,8,6,60,0,0,1,5,3,2,0,0,0,0,1,0,0,0,0,0,0,0,0,0,0,302,19390,0,0,0,0,15,0,59,0.0171,5.7461,5.5300,4.3498,-0.0110,0.0475,-0.0422,,0.0574,1.0000,,,,,,15,0,2,0
2020-05-10,MNP,,35,2,5,28,0,0,1,1,0,1,0,0,0,0,1,0,0,0,0,0,0,1,0,0,0,302,31656,0,0,0,1,7,0,27,0.0208,5.4451,5.5283,4.2577,,,-0.0456,,0.0914,1.0000,,1.0000,,1.0000,,16,1,2,0
2020-05-11,MNP,,53,12,3,38,0,3,0,5,1,3,0,3,0,0,0,0,0,0,0,0,2,0,0,0,17369,0,9321,0,0,0,2,24,0,27,0.0901,5.2238,5.1156,4.3064,,,-0.0349,0.0220,0.0650,0.0000,,0.0000,,0.0000,,16,0,2,0
2020-05-12,MNP,,69,10,9,50,0,2,1,2,0,2,0,2,0,0,1,0,0,0,0,0,0,1,0,0,2706,2,1960,0,0,0,0,32,0,37,-0.0477,5.5431,5.4647,4.2257,0.0407,0.0472,-0.0281,0.0225,0.0704,0.0007,,1.0000,,1.0000,,19,3,2,0
2020-05-13,MNP,,69,8,1,60,0,4,1,8,1,7,0,4,0,0,1,0,0,0,0,0,4,1,0,0,10227,168,50674,0,0,0,2,26,0,41,-0.0460,5.4776,5.3868,4.2543,0.0376,0.0175,-0.0477,,0.0794,0.0162,,0.2000,,0.2000,,19,0,2,0
2020-05-14,MNP,,54,14,1,39,0,1,1,4,1,3,0,1,0,0,1,0,0,0,0,0,1,0,0,0,306,302,11186,0,0,0,0,12,0,42,0.2589,5.4893,5.3793,4.1491,-0.0439,,-0.0265,0.0121,0.0553,0.4967,,0.0000,,0.0000,,19,0,2,0
2020-05-15,MNP,,49,6,7,36,0,0,1,7,1,5,0,0,0,0,1,0,0,0,0,0,0,1,0,0,0,147,2815,0,0,0,0,28,0,21,0.1553,5.6586,5.4816,4.4236,-0.0523,-0.0335,-0.0360,-0.0218,0.0642,1.0000,,1.0000,,1.0000,,19,0,2,0
2020-05-16,MNP,,48,11,5,32,0,2,0,1,0,1,0,2,0,0,0,0,0,0,0,0,2,0,0,0,528,0,152,0,0,0,0,18,0,30,0.1926,5.6615,5.5723,4.2761,-0.0497,,-0.0398,0.0179,0.0573,0.0000,,0.0000,,0.0000,,19,0,2,0
2020-05-17,MNP,,72,16,5,51,0,1,0,3,1,1,0,1,0,0,0,0,0,0,0,0,1,0,0,0,381,0,41604,0,0,0,1,14,0,57,0.0505,5.4387,5.4050,4.2067,-0.0412,,-0.0235,0.0333,0.0551,0.0000,,0.0000,,0.0000,,21,2,2,0
2020-05-18,MNP,,87,11,15,61,0,3,0,6,0,5,0,3,0,0,0,0,0,0,0,0,2,0,0,0,810,0,33717,0,0,0,0,23,0,64,0.0658,5.7014,5.6159,4.3717,,0.0504,-0.0339,0.0082,0.0706,0.0000,,0.0000,,0.0000,,21,0,2,0
2020-05-19,MNP,,63,13,9,41,0,1,1,2,1,0,0,1,0,0,1,0,0,0,0,0,0,1,1,0,1616,31615,582,0,0,0,1,19,1,42,0.2010,5.7942,5.6651,4.3738,-0.0775,-0.0168,-0.0505,-0.0458,0.0774,0.9514,,1.0000,0.0000,0.5000,,21,0,2,0
2020-05-20,MNP,,70,13,5,52,0,4,1,5,2,2,0,4,0,0,1,0,0,0,0,0,2,1,1,0,2844,302,1282,0,0,0,0,38,0,32,0.0757,5.8903,5.6154,4.0526,-0.0405,-0.0643,-0.0457,-0.0269,0.0714,0.0960,,0.3333,0.0000,0.2500,,21,0,2,0
2020-05-21,MNP,,52,11,5,36,0,3,1,1,0,1,0,3,0,0,1,0,0,0,0,0,2,1,1,0,2300,31603,371,0,0,0,0,24,1,27,-0.0243,5.4055,5.4046,4.1837,-0.0701,-0.0048,-0.0512,-0.0244,0.0707,0.9322,,0.3333,0.0000,0.2500,,22,1,2,0
2020-05-22,MNP,,38,8,2,28,0,4,1,0,0,0,0,4,0,0,1,0,0,0,0,0,1,0,1,1,20043,1643,0,0,0,0,0,16,1,21,0.0377,5.6308,5.4579,4.2039,,,-0.0465,0.0026,0.0683,0.0758,,0.0000,0.5000,0.3333,,22,0,2,0
2020-05-23,MNP,,41,7,3,31,0,2,0,0,0,0,0,2,0,0,0,0,0,0,0,0,0,0,0,0,33458,0,0,0,0,0,4,6,0,31,-0.2336,5.2825,5.3108,4.6376,-0.1005,-0.0604,-0.0108,0.0201,0.0508,0.0000,,,,,,22,0,2,0
2020-05-24,MNP,,95,13,11,71,0,1,0,5,1,3,0,1,0,0,0,0,0,0,0,0,1,0,0,0,1141,0,66373,0,0,0,3,55,0,37,-0.0916,5.5607,5.4599,4.1847,,,-0.0449,0.0333,0.0660,0.0000,,0.0000,,0.0000,,22,0,2,0
2020-05-25,MNP,,42,3,6,33,0,2,0,4,0,4,0,2,0,0,0,0,0,0,0,0,2,0,0,0,764,0,1955,0,0,0,0,18,0,24,0.1319,5.7698,5.6756,4.0202,,,-0.0481,,0.0836,0.0000,,0.0000,,0.0000,,22,0,2,0
2020-05-26,MNP,,99,9,7,83,0,0,0,8,4,2,0,0,0,0,0,0,0,0,0,0,0,0,0,0,0,0,6309,0,0,0,0,25,1,73,0.1261,5.6050,5.5482,4.1625,-0.0131,-0.0298,-0.0418,0.0333,0.0693,,,,,,,22,0,2,0
2020-05-27,MNP,,46,12,6,28,0,1,1,1,1,0,0,1,0,0,0,0,1,0,0,0,1,1,0,0,1650,1647,72,0,0,0,0,19,0,27,0.1178,5.6589,5.4536,4.2249,,,-0.0361,0.0246,0.0670,0.4995,,0.5000,,0.5000,,22,0,2,0
2020-05-28,MNP,,46,5,7,34,0,3,0,0,0,0,0,3,0,0,0,0,0,0,0,0,2,0,0,0,33483,0,0,0,0,0,0,19,0,27,-0.0611,5.4391,5.3794,4.3434,,-0.0422,-0.0401,0.0333,0.0742,0.0000,,0.0000,,0.0000,,22,0,2,0
2020-05-29,MNP,,55,13,10,32,0,4,1,2,1,1,0,4,0,0,1,0,0,0,0,0,1,0,2,0,5008,1656,2811,0,0,0,1,17,0,37,-0.1201,5.2561,5.2430,4.3245,0.0137,,-0.0344,0.0342,0.0669,0.2485,,0.0000,0.0000,0.0000,,22,0,2,0
2020-05-30,MNP,,51,2,5,44,0,5,0,2,1,1,2,3,0,0,0,0,0,0,0,0,4,0,1,0,4456,0,399,0,0,0,0,18,0,33,-0.3896,5.0622,5.1916,4.2478,-0.0204,-0.0491,-0.0514,,0.0795,0.0000,,0.0000,0.0000,0.0000,,22,0,2,0
2020-05-31,MNP,,68,8,5,55,0,0,0,4,0,2,0,0,0,0,0,0,0,0,0,0,0,0,0,0,0,0,325,0,0,0,0,18,0,50,-0.1301,5.2635,5.3594,4.2006,-0.0363,-0.0335,-0.0526,-0.0495,0.0744,,,,,,,22,0,2,0
2020-06-01,MNP,,54,1,3,50,0,0,0,2,0,1,0,0,0,0,0,0,0,0,0,0,0,0,0,0,0,0,213,0,0,0,0,13,0,41,-0.2674,5.4207,5.4066,4.2109,-0.0215,-0.0202,-0.0560,-0.0275,0.0765,,,,,,,22,0,2,0
2020-06-02,MNP,,59,14,0,45,0,1,1,4,1,3,0,1,0,0,1,0,0,0,0,0,1,1,0,0,1162,71,5329,0,0,0,0,21,0,38,0.0688,5.3406,5.4100,4.2366,,-0.0422,-0.0450,0.0135,0.0726,0.0576,,0.5000,,0.5000,,22,0,2,0
2020-06-03,MNP,,57,7,9,41,0,2,2,2,1,1,0,2,0,0,2,0,0,0,0,0,1,0,0,2,3330,3330,701,0,0,0,1,9,0,47,0.1310,5.6112,5.6193,4.3042,-0.0034,0.0146,-0.0540,-0.0284,0.0807,0.5000,,0.0000,1.0000,0.6667,,23,1,2,0
2020-06-04,MNP,,62,7,4,51,0,1,1,6,1,4,0,1,0,0,0,1,0,0,0,0,1,0,0,0,31563,31540,2781,0,0,0,0,21,0,41,-0.2234,5.3245,5.2806,4.3434,0.0145,0.0225,-0.0349,0.0183,0.0659,0.4998,,0.0000,,0.0000,,24,1,2,0
2020-06-05,MNP,,90,2,28,60,0,2,0,4,2,2,1,1,0,0,0,0,0,0,0,0,2,0,0,0,31632,0,970,0,0,0,0,34,0,56,0.1713,5.6746,5.5616,4.1894,,0.0204,-0.0363,-0.0114,0.0742,0.0000,,0.0000,,0.0000,,26,2,2,0
2020-06-06,MNP,,41,4,6,31,0,1,1,2,0,1,0,1,0,0,1,0,0,0,0,0,1,0,0,1,114,1670,31590,0,0,0,0,14,0,27,-0.2453,5.5305,5.3089,4.3291,0.0458,,-0.0522,0.0333,0.0771,0.9361,,0.0000,1.0000,0.5000,,26,0,2,0
2020-06-07,MNP,,49,13,3,33,0,0,0,6,1,3,0,0,0,0,0,0,0,0,0,0,0,0,0,0,0,0,1508,0,0,0,0,23,0,26,-0.0654,5.4506,5.4395,4.2580,,0.0462,-0.0450,-0.0108,0.0775,,,,,,,27,1,2,0
2020-06-08,MNP,,38,5,4,29,0,2,0,3,1,2,0,2,0,0,0,0,0,0,0,0,1,0,0,0,1168,0,2104,0,0,0,0,7,0,31,-0.0776,5.5543,5.3747,4.2477,,-0.0011,-0.0430,-0.0065,0.0710,0.0000,,0.0000,,0.0000,,27,0,2,0
2020-06-09,MNP,,45,3,3,39,0,1,0,2,0,1,0,1,0,0,0,0,0,0,0,0,0,0,0,0,1671,0,476,0,0,0,0,20,0,25,-0.2940,5.3412,5.3677,4.3520,-0.0464,-0.0454,-0.0366,-0.0224,0.0741,0.0000,,,,,,28,1,2,0
2020-06-10,MNP,,40,12,3,25,0,4,0,1,0,1,0,4,0,0,0,0,0,0,0,0,3,0,0,0,2371,0,104,0,0,0,1,10,0,29,-0.1301,5.0180,5.3019,4.4037,-0.0576,-0.0444,-0.0457,-0.0417,0.0729,0.0000,,0.0000,,0.0000,,30,2,2,0
2020-06-11,MNP,,49,5,9,35,0,1,0,4,0,4,0,1,0,0,0,0,0,0,0,0,1,0,0,0,509,0,25829,0,0,0,1,19,0,29,0.1283,5.4956,5.4203,4.2153,-0.0051,0.0486,-0.0460,0.0191,0.0780,0.0000,,0.0000,,0.0000,,30,0,2,0
2020-06-12,MNP,,51,6,4,41,0,3,0,1,0,0,0,3,0,0,0,0,0,0,0,0,2,0,0,0,17297,0,118,0,0,0,2,26,0,23,-0.2257,5.4733,5.3515,4.3047,-0.0802,-0.0902,-0.0367,0.0056,0.0630,0.0000,,0.0000,,0.0000,,30,0,2,0
2020-06-13,MNP,,54,5,8,41,0,0,0,3,0,2,0,0,0,0,0,0,0,0,0,0,0,0,0,0,0,0,4959,0,0,0,0,16,0,38,-0.1516,5.4548,5.4837,4.4190,-0.0938,-0.0602,-0.0494,-0.0344,0.0778,,,,,,,30,0,2,0
2020-06-14,MNP,,39,2,2,35,0,1,2,1,0,0,0,1,0,0,2,0,0,0,0,0,1,2,0,0,179,31456,2373,0,0,0,0,25,0,14,-0.1479,5.4366,5.4225,4.3526,,,-0.0413,0.0201,0.0743,0.9943,,0.6667,,0.6667,,30,0,2,0
2020-06-15,MNP,,64,12,3,49,0,4,2,8,2,4,1,3,0,0,2,0,0,0,0,0,2,2,0,0,46961,1482,78690,0,0,0,0,22,0,42,-0.1329,5.5068,5.5382,4.2647,,-0.0604,-0.0440,0.0333,0.0709,0.0306,,0.5000,,0.5000,,30,0,2,0
2020-06-16,MNP,,61,17,4,40,0,3,1,9,7,1,0,3,0,0,1,0,0,0,0,0,1,1,0,0,2037,197,1789,0,0,0,0,22,0,39,-0.0936,5.4668,5.3362,4.2043,-0.0749,-0.0700,-0.0402,0.0026,0.0701,0.0882,,0.5000,,0.5000,,30,0,2,0
2020-06-17,MNP,,60,6,4,50,0,4,1,8,6,2,0,4,0,0,1,0,0,0,0,0,4,1,0,0,63595,76,5562,0,0,0,0,17,0,43,0.0779,5.4511,5.3502,4.2683,-0.0397,,-0.0356,0.0333,0.0649,0.0012,,0.2000,,0.2000,,30,0,2,0
2020-06-18,MNP,,41,6,4,31,0,3,0,2,1,1,0,3,0,0,0,0,0,0,0,0,3,0,0,0,805,0,406,0,0,0,0,19,0,22,0.0425,5.5478,5.4512,4.2483,,-0.0546,-0.0474,0.0333,0.0647,0.0000,,0.0000,,0.0000,,30,0,2,0
2020-06-19,MNP,,45,8,1,36,0,5,1,3,3,0,0,5,0,0,1,0,0,0,0,0,5,1,0,0,30345,8702,1378,0,0,0,1,32,0,12,-0.0905,5.0674,5.1950,4.2264,-0.0407,-0.0491,-0.0593,,0.0780,0.2229,,0.1667,,0.1667,,30,0,2,0
2020-06-20,MNP,,39,4,2,33,0,2,0,2,0,2,0,2,0,0,0,0,0,0,0,0,2,0,0,0,636,0,892,0,0,0,0,14,0,25,-0.1787,5.6403,5.5046,4.3408,-0.0407,-0.0286,-0.0350,-0.0035,0.0543,0.0000,,0.0000,,0.0000,,30,0,2,0
2020-06-21,MNP,,42,7,1,34,0,1,1,6,1,5,0,1,0,0,0,0,1,0,0,0,0,0,0,0,298,14645,9672,0,0,0,0,14,0,28,-0.0473,5.3648,5.3801,4.3852,-0.0231,-0.0091,-0.0457,0.0032,0.0760,0.9801,,,,,,30,0,2,0
2020-06-22,MNP,,38,6,5,27,0,1,0,2,0,2,0,1,0,0,0,0,0,0,0,0,1,0,0,0,298,0,181,0,0,0,0,16,0,22,-0.0507,5.6442,5.6356,4.2921,,,-0.0321,0.0333,0.0570,0.0000,,0.0000,,0.0000,,30,0,2,0
2020-06-23,MNP,,66,10,6,50,0,2,3,4,2,1,0,2,0,0,3,0,0,0,0,0,0,3,0,0,596,1796,3760,0,0,0,2,24,0,40,-0.0240,5.5513,5.4882,4.0894,-0.0397,0.0481,-0.0443,0.0116,0.0677,0.7508,,1.0000,,1.0000,,30,0,2,0
2020-06-24,MNP,,69,12,6,51,0,2,1,3,1,2,0,2,0,0,1,0,0,0,0,0,1,1,0,0,15841,379,1864,0,0,0,0,32,0,37,0.1683,5.5865,5.4738,4.2868,-0.0405,-0.0491,-0.0355,0.0333,0.0520,0.0234,,0.5000,,0.5000,,30,0,2,0
2020-06-25,MNP,,39,6,1,32,0,2,0,0,0,0,0,2,0,0,0,0,0,0,0,0,2,0,0,0,596,0,0,0,0,0,0,16,0,23,-0.0189,5.7314,5.4675,4.2847,,,-0.0321,0.0186,0.0623,0.0000,,0.0000,,0.0000,,30,0,2,0
2020-06-26,MNP,,61,8,6,47,0,5,2,6,0,4,0,5,0,0,2,0,0,0,0,0,2,2,2,0,812,7062,3942,0,0,0,0,26,0,35,-0.0224,5.7477,5.4942,4.2001,-0.0407,-0.0491,-0.0457,0.0096,0.0725,0.8969,,0.5000,0.0000,0.3333,,30,0,2,0
2020-06-27,MNP,,39,5,2,32,0,2,1,2,0,2,0,2,0,0,1,0,0,0,0,0,1,1,0,0,640,61,366,0,0,0,0,8,0,31,0.1061,5.7428,5.4034,4.1195,,-0.0011,-0.0388,0.0151,0.0614,0.0870,,0.5000,,0.5000,,30,0,2,0
2020-06-28,MNP,,55,11,2,42,0,1,1,3,0,3,0,1,0,0,1,0,0,0,0,0,0,0,0,0,341,1207,1424,0,0,0,0,21,0,34,0.1957,5.7002,5.5683,4.1746,-0.0986,-0.0819,-0.0418,-0.0161,0.0730,0.7797,,,,,,30,0,2,0
2020-06-29,MNP,,57,13,4,40,0,3,1,2,1,1,0,3,0,0,1,0,0,0,0,0,2,1,0,0,14774,1207,540,0,0,0,0,26,0,31,0.2026,5.6134,5.4871,4.1595,,-0.0122,-0.0374,0.0333,0.0671,0.0755,,0.3333,,0.3333,,30,0,2,0
2020-06-30,MNP,,62,13,4,45,0,4,0,5,2,2,0,4,0,0,0,0,0,0,0,0,2,0,0,0,3481,0,2862,0,0,0,1,22,0,39,0.1660,5.7167,5.5426,4.3411,,0.0486,-0.0415,0.0125,0.0722,0.0000,,0.0000,,0.0000,,30,0,2,0
2020-07-01,MNP,,59,9,3,47,0,3,0,1,0,1,0,3,0,0,0,0,0,0,0,0,3,0,0,0,384,0,299,0,0,0,1,24,0,34,0.0847,5.3934,5.3502,4.2661,,0.0491,-0.0380,0.0333,0.0619,0.0000,,0.0000,,0.0000,,30,0,2,0
2020-07-02,MNP,,51,9,3,39,0,1,0,5,2,0,0,1,0,0,0,0,0,0,0,0,0,0,0,0,14614,0,3234,0,0,0,0,16,0,35,0.0759,5.6181,5.4595,4.2057,,,-0.0485,0.0333,0.0603,0.0000,,,,,,30,0,2,0
2020-07-03,MNP,,31,6,2,23,0,3,1,4,2,1,0,3,0,0,1,0,0,0,0,0,2,1,0,0,15077,299,690,0,0,0,0,13,0,18,0.1419,5.5043,5.4525,4.4989,-0.0328,,-0.0310,0.0078,0.0604,0.0194,,0.3333,,0.3333,,31,1,2,0
2020-07-04,MNP,,27,1,2,24,0,1,0,1,1,0,0,1,0,0,0,0,0,0,0,0,0,0,0,0,157,0,376,0,0,0,0,18,0,9,0.0623,5.4730,5.4128,4.2897,0.0431,,-0.0577,-0.0515,0.0811,0.0000,,,,,,31,0,2,0
2020-07-05,MNP,,54,9,1,44,0,5,0,7,3,3,0,5,0,0,0,0,0,0,0,0,4,0,0,0,29576,0,4225,0,0,0,0,28,0,26,-0.1297,5.4612,5.4440,4.2567,-0.0407,-0.0509,-0.0469,-0.0046,0.0720,0.0000,,0.0000,,0.0000,,31,0,2,0
2020-07-06,MNP,,38,5,1,32,0,2,4,2,0,2,0,2,0,0,4,0,0,0,0,0,0,4,0,0,14641,7390,179,0,0,0,0,17,0,21,-0.0012,5.5468,5.4576,4.3666,,0.0498,-0.0390,-0.0102,0.0756,0.3354,,1.0000,,1.0000,,31,0,2,0
2020-07-07,MNP,,42,12,2,28,0,2,0,2,1,1,0,2,0,0,0,0,0,0,0,0,0,0,0,0,596,0,655,0,0,0,0,9,0,33,0.1102,5.7219,5.5749,4.2126,,0.0593,-0.0435,0.0293,0.0718,0.0000,,,,,,31,0,2,0
2020-07-08,MNP,,28,2,5,21,0,0,1,4,0,4,0,0,0,0,1,0,0,0,0,0,0,1,0,0,0,1219,984,0,0,0,0,11,0,17,0.0685,5.1483,5.1440,4.3226,-0.0673,-0.0705,-0.0484,-0.0616,0.0833,1.0000,,1.0000,,1.0000,,31,0,2,0
2020-07-09,MNP,,48,10,1,37,0,0,2,4,2,1,0,0,0,0,2,0,0,0,0,0,0,1,0,0,0,594,1174,0,0,0,0,11,0,37,0.0679,5.6163,5.4555,4.2874,,,-0.0381,0.0333,0.0601,1.0000,,1.0000,,1.0000,,31,0,2,0
2020-07-10,MNP,,39,7,2,30,0,0,1,1,1,0,0,0,0,0,1,0,0,0,0,0,0,1,0,0,0,298,224,0,0,0,0,14,0,25,-0.2347,5.4608,5.4896,4.4811,-0.0434,,-0.0553,-0.0478,0.0806,1.0000,,1.0000,,1.0000,,31,0,2,0
2020-07-11,MNP,,122,12,3,107,0,1,0,2,0,2,0,1,0,0,0,0,0,0,0,0,0,0,0,0,14584,0,221,0,0,0,0,22,0,100,0.0001,5.4033,5.3945,4.4834,-0.0406,-0.0490,-0.0485,-0.0177,0.0682,0.0000,,,,,,31,0,2,0
2020-07-12,MNP,,55,11,3,41,0,1,1,5,2,3,0,1,0,0,1,0,0,0,0,0,1,1,0,0,481,14584,896,0,0,0,0,24,0,31,0.0054,5.6343,5.4790,4.4094,,,-0.0136,0.0091,0.0488,0.9681,,0.5000,,0.5000,,33,2,2,0
2020-07-13,MNP,,56,6,6,44,0,2,1,2,0,1,0,2,0,0,1,0,0,0,0,0,2,1,0,0,553,299,2926,0,0,0,0,21,1,34,0.0650,5.7562,5.8283,4.3976,-0.1116,-0.0833,0.0048,0.0122,0.0398,0.3509,,0.3333,,0.3333,,33,0,2,0
2020-07-14,MNP,,57,13,3,41,0,2,0,7,2,4,0,2,0,0,0,0,0,0,0,0,1,0,0,0,2064,0,16065,0,0,0,0,13,0,44,-0.0877,5.6309,5.5851,4.2280,-0.0480,-0.0002,-0.0351,0.0333,0.0641,0.0000,,0.0000,,0.0000,,33,0,2,0
2020-07-15,MNP,,58,9,7,42,0,1,0,5,3,2,0,1,0,0,0,0,0,0,0,0,1,0,0,0,211,0,33941,0,0,0,0,20,0,38,0.0315,5.5698,5.3999,4.2409,-0.0266,-0.0417,-0.0506,-0.0252,0.0760,0.0000,,0.0000,,0.0000,,36,3,2,0
2020-07-16,MNP,,35,9,2,24,0,3,2,1,0,1,0,3,0,2,0,0,0,0,0,0,0,2,0,0,33855,4601,905,0,0,0,2,12,0,21,0.1449,5.5111,5.4028,4.3763,-0.0804,-0.0308,-0.0322,0.0075,0.0571,0.1196,,1.0000,,1.0000,,36,0,2,0
2020-07-17,MNP,,46,6,4,36,0,3,1,1,1,0,0,3,0,0,1,0,0,0,0,0,3,1,0,0,1923,1227,378,0,0,0,0,24,0,22,0.0032,5.5709,5.4350,4.3268,-0.0407,-0.0002,-0.0352,0.0333,0.0662,0.3895,,0.2500,,0.2500,,37,1,2,0
2020-07-18,MNP,,32,2,4,26,0,0,0,1,0,1,0,0,0,0,0,0,0,0,0,0,0,0,0,0,0,0,14635,0,0,0,0,11,0,21,-0.0596,5.2683,5.3201,4.2379,,,-0.0382,0.0107,0.0600,,,,,,,37,0,2,0
2020-07-19,MNP,,46,8,0,38,0,2,0,10,3,7,0,2,0,0,0,0,0,0,0,0,1,0,0,0,602,0,19082,0,0,0,0,17,0,29,-0.1397,5.2860,5.2786,4.3814,,,-0.0302,0.0333,0.0640,0.0000,,0.0000,,0.0000,,37,0,2,0
2020-07-20,MNP,,53,7,4,42,0,1,2,0,0,0,0,1,0,0,2,0,0,0,0,0,1,0,0,0,74,604,0,0,0,0,0,22,0,31,-0.2631,5.2710,5.2251,4.3447,-0.0393,-0.0123,-0.0139,0.0099,0.0641,0.8909,,0.0000,,0.0000,,37,0,2,0
2020-07-21,MNP,,45,9,4,32,0,0,0,4,3,1,0,0,0,0,0,0,0,0,0,0,0,0,0,0,0,0,1656,0,0,0,0,17,0,28,0.0865,5.6568,5.4825,4.2861,0.0376,0.0176,-0.0485,-0.0066,0.0728,,,,,,,38,1,2,0
2020-07-22,MNP,,45,8,1,36,0,1,0,8,2,3,0,1,0,0,0,0,0,0,0,0,0,0,0,0,14684,0,5383,0,0,0,0,18,0,27,-0.1152,5.3954,5.3268,4.2654,0.0376,-0.0065,-0.0439,0.0047,0.0726,0.0000,,,,,,38,0,2,0
2020-07-23,MNP,,78,12,11,55,0,0,2,5,1,4,0,0,0,0,1,1,0,0,0,0,0,0,0,1,0,2073,2958,0,0,0,0,34,0,44,-0.0145,5.5222,5.4137,4.1829,,,-0.0255,0.0333,0.0674,1.0000,,,1.0000,1.0000,,38,0,2,0
2020-07-24,MNP,,49,8,5,36,0,0,0,3,1,2,0,0,0,0,0,0,0,0,0,0,0,0,0,0,0,0,1339,0,0,0,0,14,0,35,-0.1147,5.4481,5.4883,4.0739,,0.0043,-0.0411,0.0333,0.0585,,,,,,,38,0,2,0
2020-07-25,MNP,,84,9,18,57,0,1,0,1,0,1,0,1,0,0,0,0,0,0,0,0,1,0,0,0,18,0,16788,0,0,0,1,39,0,44,0.1287,5.7782,5.5305,4.5287,-0.0407,-0.0165,-0.0357,0.0333,0.0649,0.0000,,0.0000,,0.0000,,38,0,2,0
2020-07-26,MNP,,54,6,10,38,0,2,0,3,1,1,0,2,0,0,0,0,0,0,0,0,0,0,0,0,29516,0,1355,0,0,0,0,11,0,43,-0.0064,5.4315,5.4720,4.2759,0.0333,0.0276,-0.0455,-0.0066,0.0682,0.0000,,,,,,40,2,2,0
2020-07-27,MNP,,52,8,13,31,0,0,1,3,0,1,0,0,0,0,0,1,0,0,0,0,0,0,0,0,0,14778,46135,0,0,0,0,21,0,31,0.1473,5.6285,5.4261,4.1928,,,-0.0593,,0.0800,1.0000,,,,,,40,0,2,0
2020-07-28,MNP,,50,9,3,38,0,3,4,3,1,2,0,3,0,0,4,0,0,0,0,0,2,1,0,0,750,32259,624,0,0,0,0,24,0,26,-0.0483,5.5075,5.3676,4.1326,-0.0448,,-0.0219,0.0045,0.0606,0.9773,,0.3333,,0.3333,,40,0,2,0
2020-07-29,MNP,,54,13,7,34,0,0,2,3,1,2,0,0,0,0,2,0,0,0,0,0,0,1,0,0,0,1844,31825,0,0,0,1,22,0,31,-0.0118,5.2708,5.2872,4.2096,,,-0.0402,-0.0102,0.0686,1.0000,,1.0000,,1.0000,,40,0,2,0
2020-07-30,MNP,,50,11,4,35,0,2,0,4,1,3,0,2,0,0,0,0,0,0,0,0,1,0,0,0,604,0,2302,0,0,0,1,19,0,30,0.0246,5.5371,5.4449,4.4029,-0.0815,,-0.0192,0.0280,0.0553,0.0000,,0.0000,,0.0000,,42,2,2,0
2020-07-31,MNP,,56,11,13,32,0,1,1,1,0,1,0,1,0,0,1,0,0,0,0,0,0,0,0,1,14816,1788,187,0,0,0,1,22,0,33,0.0097,5.3772,5.3577,4.3072,-0.0391,-0.0507,-0.0499,,0.0767,0.1077,,,1.0000,1.0000,,42,0,2,0
2020-08-01,MNP,,46,8,6,32,0,0,1,6,2,4,0,0,0,0,1,0,0,0,0,0,0,0,0,0,0,14831,16587,0,0,0,0,17,0,29,0.0149,5.6606,5.5326,4.3312,-0.0463,,-0.0330,-0.0063,0.0587,1.0000,,,,,,42,0,2,0
2020-08-02,MNP,,72,9,27,36,0,5,0,4,1,2,0,5,0,0,0,0,0,0,0,0,3,0,0,0,30010,0,271,0,0,0,0,12,0,60,-0.0680,5.5350,5.4716,4.2935,-0.0235,-0.0546,-0.0313,-0.0107,0.0585,0.0000,,0.0000,,0.0000,,45,3,2,0
2020-08-03,MNP,,44,8,9,27,0,3,0,3,2,0,0,3,0,0,0,0,0,0,0,0,1,0,0,0,18281,0,880,0,0,0,1,17,0,26,0.1477,5.2134,5.1614,4.2318,-0.0407,-0.0491,-0.0168,0.0333,0.0483,0.0000,,0.0000,,0.0000,,46,1,2,0
2020-08-04,MNP,,29,7,3,19,0,3,0,0,0,0,0,3,0,0,0,0,0,0,0,0,2,0,0,0,2110,0,0,0,0,0,1,3,0,25,-0.0827,5.3786,5.3239,4.4708,-0.0491,-0.0034,-0.0593,-0.0541,0.0835,0.0000,,0.0000,,0.0000,,46,0,2,0
2020-08-05,MNP,,47,10,3,34,0,2,0,4,1,2,0,2,0,0,0,0,0,0,0,0,2,0,0,0,15141,0,857,0,0,0,0,16,0,31,-0.1653,5.3283,5.3002,4.2622,,,-0.0253,0.0200,0.0523,0.0000,,0.0000,,0.0000,,46,0,2,0
2020-08-06,MNP,,60,15,10,35,0,4,1,4,1,3,0,4,0,0,1,0,0,0,0,0,3,0,0,0,1167,304,781,0,0,0,0,24,0,36,-0.0002,5.6202,5.4916,4.1874,-0.0407,0.0065,-0.0400,0.0093,0.0670,0.2067,,0.0000,,0.0000,,46,0,2,0
2020-08-07,MNP,,56,8,29,19,0,1,0,2,0,2,0,1,0,0,0,0,0,0,0,0,0,0,0,0,275,0,408,0,0,0,0,28,0,28,-0.4452,5.0570,5.4757,4.2406,,,-0.0444,,0.0777,0.0000,,,,,,47,1,2,0
2020-08-08,MNP,,42,4,14,24,0,2,0,3,3,0,0,2,0,0,0,0,0,0,0,0,2,0,0,0,522,0,1048,0,0,0,0,16,0,26,-0.1583,5.2976,5.3406,4.3161,0.0210,0.0251,-0.0329,0.0044,0.0615,0.0000,,0.0000,,0.0000,,47,0,2,0
2020-08-09,MNP,,57,7,24,26,0,2,1,7,2,3,0,2,0,0,1,0,0,0,0,0,0,1,0,0,1408,403,2176,0,0,0,0,8,0,49,-0.0029,5.5819,5.4548,4.2321,-0.0407,-0.0491,-0.0294,0.0233,0.0445,0.2225,,1.0000,,1.0000,,48,1,2,0
2020-08-10,MNP,,55,7,15,33,0,0,3,7,1,5,0,0,0,0,2,1,0,0,0,0,0,2,0,0,0,1856,31445,0,0,0,1,32,0,22,0.1062,5.6741,5.5645,4.2711,-0.0108,,-0.0126,0.0194,0.0616,1.0000,,1.0000,,1.0000,,48,0,2,0
2020-08-11,MNP,,49,5,1,43,0,3,0,3,2,0,0,3,0,0,0,0,0,0,0,0,2,0,1,0,2239,0,15573,0,0,0,0,16,0,33,0.2023,5.9167,5.6416,4.3187,-0.0122,0.0244,-0.0042,0.0277,0.0623,0.0000,,0.0000,0.0000,0.0000,,49,1,2,0
2020-08-12,MNP,,39,2,4,33,0,1,0,6,5,1,1,0,0,0,0,0,0,0,0,0,0,0,1,0,1802,0,17229,0,0,0,0,13,0,26,0.1456,5.7522,5.5696,4.3360,0.0420,,-0.0513,,0.0876,0.0000,,,0.0000,0.0000,,49,0,2,0
2020-08-13,MNP,,36,9,8,19,0,4,2,2,1,1,0,4,0,1,1,0,0,0,0,0,3,1,0,0,30014,379,2433,0,0,0,0,6,0,30,-0.0096,5.2958,5.3093,4.2369,,,-0.0564,-0.0060,0.0868,0.0125,,0.2500,,0.2500,,49,0,2,0
2020-08-14,MNP,,53,8,5,40,0,1,1,8,2,6,0,1,0,0,1,0,0,0,0,0,1,1,0,0,304,7,31339,0,0,0,0,14,0,39,0.2664,5.8862,5.7049,4.2759,0.0456,0.0480,-0.0240,0.0333,0.0630,0.0225,,0.5000,,0.5000,,49,0,2,0
2020-08-15,MNP,,37,6,2,29,0,0,0,3,1,1,0,0,0,0,0,0,0,0,0,0,0,0,0,0,0,0,2703,0,0,0,0,17,0,20,0.1867,5.4643,5.3098,4.2475,-0.0196,0.0168,-0.0319,-0.0077,0.0675,,,,,,,50,1,2,0
2020-08-16,MNP,,43,4,10,29,0,0,1,2,0,2,0,0,0,0,1,0,0,0,0,0,0,1,0,0,0,470,446,0,0,0,0,17,0,26,0.0533,5.6249,5.4692,4.3145,-0.0050,0.0135,-0.0350,-0.0037,0.0578,1.0000,,1.0000,,1.0000,,50,0,2,0
2020-08-17,MNP,,45,5,7,33,0,2,0,3,0,3,0,2,0,0,0,0,0,0,0,0,2,0,0,0,314,0,275,0,0,0,0,12,0,33,0.0603,5.4810,5.4731,4.2797,0.0017,0.0135,-0.0264,0.0333,0.0678,0.0000,,0.0000,,0.0000,,50,0,2,0
2020-08-18,MNP,,43,6,3,34,0,2,0,0,0,0,0,2,0,0,0,0,0,0,0,0,2,0,0,0,32779,0,0,0,0,0,0,15,0,28,-0.1882,5.4458,5.3889,4.2284,,0.0184,-0.0427,,0.0569,0.0000,,0.0000,,0.0000,,54,4,2,0
2020-08-19,MNP,,47,9,6,32,0,3,1,1,1,0,0,3,0,0,1,0,0,0,0,0,1,0,1,0,2418,306,666,0,0,0,0,9,0,38,0.0107,5.5250,5.5214,4.2422,,,-0.0333,0.0224,0.0677,0.1123,,0.0000,0.0000,0.0000,,54,0,2,0
2020-08-20,MNP,,49,5,4,40,0,2,1,1,0,1,0,2,0,0,1,0,0,0,0,0,1,1,0,0,341,13,12154,0,0,0,0,9,0,40,0.0050,5.4880,5.5432,4.2713,,,-0.0439,0.0323,0.0658,0.0367,,0.5000,,0.5000,,54,0,2,0
2020-08-21,MNP,,97,5,13,79,0,0,1,2,0,2,0,0,0,0,0,1,0,0,0,0,0,1,0,0,0,12163,28,0,0,0,0,52,0,45,-0.0501,5.5992,5.4871,4.1956,,0.0455,-0.0250,0.0332,0.0603,1.0000,,1.0000,,1.0000,,54,0,2,0
2020-08-22,MNP,,87,10,11,66,0,1,1,1,0,0,0,1,0,0,1,0,0,0,0,0,1,1,0,0,146,62,5,0,0,0,0,19,0,68,-0.0448,5.6024,5.5265,4.1909,,,-0.0317,0.0030,0.0516,0.2981,,0.5000,,0.5000,,54,0,2,0
2020-08-23,MNP,,62,9,5,48,0,2,1,3,0,3,0,2,0,0,1,0,0,0,0,0,2,0,0,0,4,306,9025,0,0,0,0,21,0,41,-0.1057,5.3530,5.3707,4.2467,-0.0804,-0.0705,-0.0221,-0.0028,0.0569,0.9871,,0.0000,,0.0000,,54,0,2,0
2020-08-24,MNP,,80,26,10,44,0,5,0,4,0,4,0,5,0,0,0,0,0,0,0,0,4,0,0,0,27374,0,12613,0,0,0,0,29,0,51,0.1513,5.5830,5.4993,4.1823,,,-0.0134,0.0292,0.0483,0.0000,,0.0000,,0.0000,,54,0,2,0
2020-08-25,MNP,,138,39,14,85,0,4,1,2,0,1,0,4,0,0,1,0,0,0,0,0,2,1,1,0,482,43,14841,0,0,0,0,87,0,51,0.1009,5.5650,5.4306,4.2732,-0.0560,,-0.0243,0.0233,0.0562,0.0819,,0.3333,0.0000,0.2500,,54,0,2,0
2020-08-26,MNP,,136,28,6,102,0,4,1,5,0,5,0,4,0,0,1,0,0,0,0,0,4,1,0,0,364,1248,2076,0,0,0,0,31,0,105,0.0033,5.3871,5.4024,4.2849,,,-0.0329,0.0219,0.0658,0.7742,,0.2000,,0.2000,,54,0,2,0
2020-08-27,MNP,,142,11,18,113,0,1,1,5,0,3,0,1,0,0,1,0,0,0,0,0,1,0,0,0,3,305,723,0,0,0,1,57,0,84,-0.1131,5.3023,5.3961,4.1963,-0.0832,-0.0422,-0.0473,-0.0184,0.0681,0.9903,,0.0000,,0.0000,,54,0,2,0
2020-08-28,MNP,,100,8,1,91,0,0,1,1,0,1,0,0,0,0,0,0,1,0,0,0,0,0,0,0,0,1800,42,0,0,0,0,35,0,65,0.0197,5.4151,5.3690,4.2763,,,-0.0388,0.0333,0.0688,1.0000,,,,,,54,0,2,0
2020-08-29,MNP,,59,2,7,50,0,1,0,2,0,2,0,1,0,0,0,0,0,0,0,0,1,0,0,0,3,0,309,0,0,0,0,24,0,35,-0.0757,5.4173,5.4004,4.3596,-0.0811,-0.0902,-0.0249,0.0050,0.0569,0.0000,,0.0000,,0.0000,,56,2,2,0
2020-08-30,MNP,,64,4,4,56,0,4,0,0,0,0,1,3,0,0,0,0,0,0,0,0,4,0,0,0,14834,0,0,0,0,0,0,32,0,32,-0.0702,5.4134,5.3390,4.1788,,,-0.0357,0.0333,0.0705,0.0000,,0.0000,,0.0000,,56,0,2,0
2020-08-31,MNP,,51,11,3,37,0,1,0,1,0,1,0,1,0,0,0,0,0,0,0,0,1,0,0,0,14811,0,8990,0,0,0,0,17,0,34,-0.0328,5.2889,5.3418,4.2847,,,-0.0213,0.0272,0.0432,0.0000,,0.0000,,0.0000,,56,0,2,0
2020-09-01,MNP,,59,11,0,48,0,3,1,3,1,2,0,3,0,0,1,0,0,0,0,0,2,0,0,0,396,306,1899,0,0,0,0,17,0,42,-0.0353,5.5090,5.4608,4.2568,-0.1047,-0.0934,-0.0325,0.0155,0.0498,0.4359,,0.0000,,0.0000,,56,0,2,0
2020-09-02,MNP,,75,10,3,62,0,3,1,4,0,4,0,3,0,0,1,0,0,0,0,0,3,1,0,0,696,14802,1123,0,0,0,0,22,0,53,-0.0680,5.3489,5.2830,4.2464,,0.0084,-0.0301,0.0176,0.0514,0.9551,,0.2500,,0.2500,,57,1,2,0
2020-09-03,MNP,,44,5,3,36,0,3,0,0,0,0,0,3,0,0,0,0,0,0,0,0,3,0,0,0,3126,0,0,0,0,0,0,18,0,26,0.0343,5.5780,5.4519,4.3899,-0.1037,-0.0801,-0.0477,0.0010,0.0694,0.0000,,0.0000,,0.0000,,57,0,2,0
2020-09-04,MNP,,57,7,7,43,0,2,0,6,1,5,0,2,0,0,0,0,0,0,0,0,0,0,0,0,429,0,4206,0,0,0,0,19,0,38,0.0423,5.5384,5.3612,4.2003,,,-0.0378,0.0002,0.0674,0.0000,,,,,,57,0,2,0
2020-09-05,MNP,,73,13,29,31,0,1,2,1,0,1,0,1,0,0,2,0,0,0,0,0,1,2,0,0,379,25102,155,0,0,0,0,40,0,33,-0.1682,5.3709,5.2994,4.3886,-0.0448,0.0494,-0.0320,0.0333,0.0707,0.9851,,0.6667,,0.6667,,57,0,2,0
2020-09-06,MNP,,25,1,1,23,0,1,1,1,1,0,0,1,0,0,0,1,0,0,0,0,1,1,0,0,334,12577,379,0,0,0,1,16,0,8,-0.0933,5.3498,5.2382,4.1701,-0.0646,,-0.0161,0.0109,0.0498,0.9741,,0.5000,,0.5000,,58,1,2,0
2020-09-07,MNP,,50,7,0,43,0,1,0,7,2,5,0,1,0,0,0,0,0,0,0,0,0,0,0,0,306,0,2591,0,0,0,0,17,0,33,-0.0766,5.6465,5.5184,4.2821,0.0027,,-0.0400,0.0333,0.0634,0.0000,,,,,,58,0,2,0
2020-09-08,MNP,,67,9,6,52,0,2,3,0,0,0,0,2,0,0,1,2,0,0,0,0,1,3,0,0,110,37845,0,0,0,0,0,27,0,40,0.0207,5.3899,5.4189,4.3870,-0.0044,-0.0004,-0.0403,0.0042,0.0628,0.9971,,0.7500,,0.7500,,59,1,2,0
2020-09-09,MNP,,59,12,6,41,0,0,2,3,0,1,0,0,0,0,1,1,0,0,0,0,0,1,0,0,0,12941,579,0,0,0,1,22,0,36,-0.0908,5.4773,5.4570,4.0811,,,-0.0262,0.0333,0.0533,1.0000,,1.0000,,1.0000,,59,0,2,0
2020-09-10,MNP,,50,5,4,41,0,8,1,1,0,1,0,8,0,0,1,0,0,0,0,0,6,1,1,0,57215,14796,259,0,0,0,0,29,0,21,-0.0546,5.3494,5.2152,4.4602,,0.0458,-0.0398,0.0233,0.0730,0.2055,,0.1429,0.0000,0.1250,,59,0,2,0
2020-09-11,MNP,,49,10,7,32,0,2,1,0,0,0,0,2,0,0,1,0,0,0,0,0,2,0,0,0,111,307,0,0,0,0,0,25,0,24,-0.2334,5.3174,5.3130,4.1838,,,-0.0376,0.0333,0.0650,0.7344,,0.0000,,0.0000,,59,0,2,0
2020-09-12,MNP,,56,10,13,33,0,1,2,6,0,6,0,1,0,0,1,0,1,0,0,0,0,2,0,0,1824,13997,11266,0,0,0,0,26,0,30,-0.1283,5.2489,5.2019,4.1902,,,-0.0538,-0.0515,0.0834,0.8847,,1.0000,,1.0000,,59,0,2,0
2020-09-13,MNP,,68,14,6,48,0,1,1,14,4,8,0,1,0,0,0,1,0,0,0,0,0,1,0,0,57,9107,28440,0,0,0,0,24,1,43,-0.1903,5.5204,5.3762,4.3015,0.0420,,-0.0332,0.0322,0.0684,0.9938,,1.0000,,1.0000,,60,1,2,0
2020-09-14,MNP,,46,9,2,35,0,2,3,5,0,4,0,2,0,0,1,0,2,0,0,0,1,2,0,1,1573,1903,44706,0,0,0,1,20,1,24,0.1505,5.7218,5.4876,4.2278,,,-0.0327,0.0182,0.0684,0.5475,,0.6667,1.0000,0.7500,,60,0,2,0
2020-09-15,MNP,,23,6,0,17,0,0,0,1,0,1,0,0,0,0,0,0,0,0,0,0,0,0,0,0,0,0,155,0,0,0,0,7,0,16,0.0489,5.6202,5.5338,4.3519,,,-0.0476,-0.0157,0.0679,,,,,,,61,1,2,0
2020-09-16,MNP,,60,13,2,45,0,2,4,1,0,1,0,2,0,0,4,0,0,0,0,0,1,2,1,0,13040,13661,155,0,0,0,0,16,1,43,-0.1278,5.2262,5.1701,4.3179,-0.0407,-0.0491,-0.0336,-0.0081,0.0761,0.5116,,0.6667,0.0000,0.5000,,61,0,2,0
2020-09-17,MNP,,54,15,2,37,0,1,1,1,0,1,0,1,0,0,1,0,0,0,0,0,1,0,0,0,14776,307,27769,0,0,0,1,33,0,20,0.0253,5.6007,5.5658,4.4754,0.0370,0.0486,-0.0444,0.0202,0.0706,0.0204,,0.0000,,0.0000,,61,0,2,0
2020-09-18,MNP,,31,7,2,22,0,0,0,2,1,1,0,0,0,0,0,0,0,0,0,0,0,0,0,0,0,0,1412,0,0,0,0,12,0,19,-0.1116,5.6927,5.5609,4.2640,-0.0657,,-0.0210,0.0258,0.0645,,,,,,,62,1,2,0
2020-09-19,MNP,,32,6,4,22,0,1,1,0,0,0,0,1,0,0,1,0,0,0,0,0,1,1,0,0,62,377,0,0,0,0,0,9,0,23,-0.1073,5.4243,5.2933,4.3924,-0.0625,-0.0491,-0.0081,0.0040,0.0387,0.8588,,0.5000,,0.5000,,62,0,2,0
2020-09-20,MNP,,37,6,2,29,0,0,1,2,0,2,0,0,0,0,1,0,0,0,0,0,0,1,0,0,0,86,608,0,0,0,0,12,0,25,-0.3183,5.2152,5.2077,4.2833,-0.0843,,-0.0513,-0.0361,0.0772,1.0000,,1.0000,,1.0000,,68,6,2,0
2020-09-21,MNP,,37,7,0,30,0,8,0,2,0,2,0,8,0,0,0,0,0,0,0,0,7,0,0,0,38593,0,17246,0,0,0,4,14,0,19,-0.0126,5.6834,5.5047,4.1237,-0.0552,-0.0491,0.0192,0.0192,0.0294,0.0000,,0.0000,,0.0000,,69,1,2,0
2020-09-22,MNP,,43,9,1,33,0,4,0,3,1,2,0,4,0,0,0,0,0,0,0,0,3,0,0,0,30156,0,2347,0,0,0,0,26,1,16,0.0904,5.4664,5.4688,4.3003,-0.0536,-0.0491,-0.0464,-0.0188,0.0681,0.0000,,0.0000,,0.0000,,69,0,2,0
2020-09-23,MNP,,53,11,2,40,0,1,0,4,1,3,0,1,0,0,0,0,0,0,0,0,1,0,0,0,12852,0,786,0,0,0,0,19,0,34,0.0580,5.5735,5.3924,4.3979,,0.0465,-0.0338,0.0124,0.0669,0.0000,,0.0000,,0.0000,,69,0,2,0
2020-09-24,MNP,,52,12,5,35,0,0,1,4,2,2,0,0,1,0,0,0,0,0,0,0,0,0,0,0,0,22,15539,0,0,0,0,19,0,33,-0.3097,5.4369,5.4510,4.2601,-0.1100,-0.0055,-0.0502,-0.0398,0.0788,1.0000,,,,,,69,0,2,0
2020-09-25,MNP,,25,7,2,16,0,1,0,5,0,5,0,1,0,0,0,0,0,0,0,0,0,0,0,0,14770,0,2913,0,0,0,0,12,0,13,-0.1084,5.2416,5.3641,4.1693,0.0465,,-0.0584,0.0300,0.0764,0.0000,,,,,,69,0,2,0
2020-09-26,MNP,,24,6,0,18,0,1,1,3,0,3,0,1,0,0,0,0,1,0,0,0,1,0,0,0,12947,14761,338,0,0,0,0,8,0,16,-0.0925,5.1484,5.2909,4.2479,,,-0.0302,0.0333,0.0776,0.5327,,0.0000,,0.0000,,69,0,2,0
2020-09-27,MNP,,24,2,1,21,0,0,2,2,0,2,0,0,0,0,1,1,0,0,0,0,0,2,0,0,0,25894,717,0,0,0,0,8,0,16,0.2316,5.5439,5.5587,3.9811,,,-0.0540,,0.0629,1.0000,,1.0000,,1.0000,,69,0,2,0
2020-09-28,MNP,,28,3,12,13,0,7,1,4,0,3,0,7,0,0,0,1,0,0,0,0,0,0,7,1,12775,1825,33865,0,0,0,0,18,0,10,-0.0458,5.6195,5.5240,4.4737,-0.0407,-0.0491,-0.0381,,0.0581,0.1250,,,0.1250,0.1250,,70,1,2,0
2020-09-29,MNP,,26,7,4,15,0,1,2,5,4,1,0,1,0,0,2,0,0,0,0,0,0,0,0,1,14763,14772,17189,0,0,0,0,6,0,20,0.0559,5.5693,5.5404,4.2116,,0.0021,-0.0460,0.0333,0.0608,0.5002,,,1.0000,1.0000,,70,0,2,0
2020-09-30,MNP,,25,3,2,20,0,0,1,1,0,0,0,0,0,0,1,0,0,0,0,0,0,1,0,0,0,12975,590,0,0,0,1,8,0,16,-0.0758,5.8453,5.5682,3.9590,,,-0.0431,,0.0607,1.0000,,1.0000,,1.0000,,70,0,2,0
2020-10-01,MNP,,21,3,3,15,0,1,0,1,0,1,0,1,0,0,0,0,0,0,0,0,1,0,0,0,379,0,37,0,0,0,0,12,0,9,0.0416,5.5402,5.5615,4.1612,,,-0.0434,0.0333,0.0598,0.0000,,0.0000,,0.0000,,70,0,2,0
2020-10-02,MNP,,49,6,11,32,0,1,1,1,1,0,1,0,0,0,1,0,0,0,0,0,0,1,1,0,9,12998,14785,0,0,0,0,24,0,25,0.1421,5.3508,5.3666,4.4075,0.0108,-0.0491,-0.0384,-0.0140,0.0619,0.9993,,1.0000,0.0000,0.5000,,73,3,2,0
2020-10-03,MNP,,53,11,6,36,0,0,0,2,0,1,0,0,0,0,0,0,0,0,0,0,0,0,0,0,0,0,345,0,0,0,0,14,0,39,0.1225,5.4791,5.5840,4.1341,,,-0.0530,0.0333,0.0757,,,,,,,73,0,2,0
2020-10-04,MNP,,54,11,9,34,0,2,4,4,1,3,0,2,0,0,3,1,0,0,0,0,2,3,0,0,13308,31033,13835,0,0,0,0,19,0,35,0.0585,5.5877,5.5068,4.3048,-0.0407,-0.0331,-0.0447,0.0333,0.0792,0.6999,,0.6000,,0.6000,,73,0,2,0
