datetime,iso,local_languages,info_tweets,info_tweets_T,info_tweets_RE,info_tweets_RT,info_tweets_local,info_fact_reliable,info_fact_unreliable,info_fact_unknown,info_fact_reliable_local,info_fact_unreliable_local,info_fact_unknown_local,info_exposure_fact_reliable,info_exposure_fact_unreliable,info_exposure_fact_unknown,info_exposure_fact_reliable_local,info_exposure_fact_unreliable_local,info_exposure_fact_unknown_local,info_bot_verified,info_bot_unverified,info_human_verified,info_human_unverified,info_sentiment,info_vad_V,info_vad_A,info_vad_D,info_big_5_O,info_big_5_C,info_big_5_E,info_big_5_A,info_big_5_N,info_risk_index,info_risk_index_local,eco_close_pct,epi_confirmed,epi_confirmed_new,epi_dead,epi_dead_new
2020-01-22,RUS,ru,2138,387,41,1710,22,173,133,310,1,0,6,1507005,2360141,16471657,312,0,143878,72,963,4,1099,0.168,5.354,5.304,4.221,0.003,0.007,-0.045,0.010,0.079,0.610,0.000,-0.012,0,0,0,0
2020-01-23,RUS,ru,3920,594,76,3250,53,430,203,486,20,0,17,3761585,1979203,13025620,29120,0,384411,81,1599,15,2225,0.080,5.706,5.441,4.465,-0.048,-0.049,-0.039,-0.004,0.080,0.345,0.000,-0.007,0,0,0,0
2020-01-24,RUS,ru,8083,1428,152,6503,103,608,289,725,4,4,26,3368421,4374874,26105208,1481,11149,4120842,113,3390,10,4570,0.123,5.851,5.531,4.414,-0.049,0.002,-0.027,-0.001,0.070,0.565,0.883,-0.000,0,0,0,0
2020-01-25,RUS,ru,13088,1773,245,11070,75,849,238,771,5,1,14,2276020,1803576,23062030,1640,1184,6314456,58,5244,15,7771,-0.084,5.444,5.317,4.279,-0.034,-0.030,-0.027,0.002,0.059,0.442,0.419,,0,0,0,0
2020-01-26,RUS,ru,12272,1748,269,10255,149,575,327,1116,11,0,37,1754307,4064048,32863536,16143,0,15960564,68,5008,19,7177,-0.130,5.296,5.206,4.309,-0.025,-0.046,-0.042,0.006,0.066,0.698,0.000,,0,0,0,0
2020-01-27,RUS,ru,8635,1491,212,6932,116,704,276,943,12,1,42,2300658,3927667,25046010,9177,1262,5382883,73,3393,28,5141,-0.206,5.129,5.153,4.424,-0.048,-0.052,-0.032,0.015,0.058,0.631,0.121,-0.012,0,0,0,0
2020-01-28,RUS,ru,7982,1846,278,5858,173,511,350,1023,8,2,49,4909852,3816058,36545004,22215,2895,3700959,167,3232,24,4559,-0.115,5.247,5.286,4.269,-0.045,-0.045,-0.021,0.010,0.055,0.437,0.115,0.005,0,0,0,0
2020-01-29,RUS,ru,8703,1943,209,6551,147,354,205,613,4,4,26,1067629,2090959,18661677,3852,3676,1048064,154,3732,14,4803,-0.081,5.271,5.219,4.335,-0.066,-0.049,-0.033,0.006,0.063,0.662,0.488,0.001,0,0,0,0
2020-01-30,RUS,ru,15107,3354,279,11474,159,445,356,1472,2,2,18,5256260,5053180,27989571,111035,1794,115104,211,6370,31,8495,-0.012,5.268,5.253,4.247,-0.057,-0.054,-0.036,0.013,0.064,0.490,0.016,0.000,0,0,0,0
2020-01-31,RUS,ru,12497,2549,383,9565,200,422,362,829,6,9,26,1815311,3332798,37286497,3850,18283,3382061,160,5193,48,7096,-0.091,5.166,5.234,4.305,-0.044,-0.045,-0.037,-0.003,0.066,0.647,0.826,-0.018,0,0,0,0
2020-02-01,RUS,ru,6156,1246,210,4700,101,263,179,538,2,4,22,2714757,1455760,27561249,761,2650,6610465,86,2474,15,3581,-0.138,5.122,5.209,4.339,-0.050,-0.051,-0.042,-0.015,0.070,0.349,0.777,,2,2,0,0
2020-02-02,RUS,ru,6650,1420,232,4998,147,271,154,482,1,4,28,1623007,1680158,25916066,158,2856,10308479,114,2560,7,3969,-0.107,5.200,5.242,4.288,-0.031,-0.035,-0.041,0.013,0.072,0.509,0.948,,2,0,0,0
2020-02-03,RUS,ru,4484,1175,249,3060,129,185,141,484,7,5,22,2433113,1272890,27634477,4048,2212,5246118,134,1670,23,2657,-0.108,5.174,5.192,4.333,-0.009,-0.026,-0.042,0.002,0.076,0.343,0.353,0.003,2,0,0,0
2020-02-04,RUS,ru,4544,1291,229,3024,86,186,140,456,4,4,13,4088928,1374302,13564137,9224,2507,48315,111,1758,13,2662,-0.150,5.135,5.142,4.345,-0.026,-0.041,-0.039,0.013,0.069,0.252,0.214,0.005,2,0,0,0
2020-02-05,RUS,ru,3711,1052,181,2478,75,165,83,390,1,1,7,2602034,1573800,19646045,34,13856,3158977,134,1533,8,2036,-0.055,5.266,5.236,4.332,-0.034,-0.030,-0.041,0.014,0.072,0.377,0.998,0.003,2,0,0,0
2020-02-06,RUS,ru,3932,1127,161,2644,84,197,142,426,1,0,6,12000619,2444382,13934207,1261,0,7289,156,1611,11,2154,-0.176,5.160,5.158,4.365,-0.045,-0.052,-0.043,0.001,0.074,0.169,0.000,-0.012,2,0,0,0
2020-02-07,RUS,ru,4788,1233,181,3374,119,660,94,474,11,1,21,4545427,1916971,17885278,10173,520,13147,157,1874,9,2748,-0.088,5.216,5.210,4.338,-0.040,-0.020,-0.044,0.004,0.072,0.297,0.049,-0.004,2,0,0,0
2020-02-08,RUS,ru,4365,1032,198,3135,86,804,72,604,7,1,7,3000617,1135035,27659689,21398,68,9553753,112,1852,16,2385,-0.104,5.035,5.140,4.301,-0.037,-0.027,-0.041,-0.009,0.074,0.274,0.003,,2,0,0,0
2020-02-09,RUS,ru,4089,961,183,2945,83,327,110,778,3,3,7,796687,1264610,15466674,1049,8584,66253,75,1728,15,2271,-0.061,5.208,5.251,4.293,-0.039,-0.039,-0.037,-0.002,0.075,0.614,0.891,,2,0,0,0
2020-02-10,RUS,ru,3920,1093,210,2617,83,224,124,681,0,0,14,3080541,1344904,12349972,0,0,1230820,115,1583,11,2211,-0.103,5.239,5.234,4.303,-0.045,-0.014,-0.042,0.001,0.072,0.304,,-0.008,2,0,0,0
2020-02-11,RUS,ru,3748,1018,199,2531,68,241,114,363,1,1,10,1016771,1640205,10376627,12,1080,36734,80,1619,28,2021,-0.096,5.175,5.167,4.304,-0.045,-0.032,-0.038,0.008,0.071,0.617,0.989,0.008,2,0,0,0
2020-02-12,RUS,ru,3221,923,164,2134,72,161,90,370,4,1,8,3247980,1481293,7034309,6115,1788,9659,101,1345,27,1748,-0.069,5.262,5.212,4.313,-0.036,-0.035,-0.038,0.004,0.076,0.313,0.226,0.006,2,0,0,0
2020-02-13,RUS,ru,3275,900,126,2249,47,208,140,300,0,1,6,4794572,2354955,9684576,0,229,5108,117,1321,14,1823,-0.140,5.288,5.257,4.313,-0.037,-0.040,-0.038,-0.005,0.070,0.329,1.000,-0.002,2,0,0,0
2020-02-14,RUS,ru,2693,824,144,1725,102,209,125,287,3,0,47,1554955,1718012,12026223,2781,0,4689341,91,1139,16,1447,-0.125,5.280,5.257,4.343,-0.043,-0.049,-0.041,-0.014,0.071,0.525,0.000,-0.005,2,0,0,0
2020-02-15,RUS,ru,3114,766,150,2198,43,263,58,272,3,0,10,3486495,1110239,18725550,609,0,23861,73,1318,9,1714,-0.073,5.259,5.189,4.328,-0.027,-0.023,-0.037,0.008,0.071,0.242,0.000,,2,0,0,0
2020-02-16,RUS,ru,3770,772,113,2885,58,852,77,272,0,1,7,3892917,1651926,11012849,0,1355,511556,74,1533,18,2145,-0.118,5.256,5.215,4.332,-0.042,-0.038,-0.037,0.008,0.071,0.298,1.000,,2,0,0,0
2020-02-17,RUS,ru,3224,813,127,2284,59,252,111,304,0,0,11,3107499,1241992,6328768,0,0,4814,76,1373,12,1763,-0.066,5.215,5.234,4.341,-0.057,-0.034,-0.041,0.008,0.073,0.286,,0.004,2,0,0,0
2020-02-18,RUS,ru,3659,907,103,2649,54,171,84,396,1,0,10,4489931,1590927,12221977,1501,0,96166,79,1488,3,2089,-0.153,5.286,5.250,4.351,-0.037,-0.040,-0.009,0.027,0.062,0.262,0.000,-0.010,2,0,0,0
2020-02-19,RUS,ru,3754,793,121,2840,50,133,94,357,0,0,15,7007729,1317251,5943971,0,0,110342,75,1508,5,2166,-0.125,5.363,5.285,4.346,-0.039,-0.040,0.006,0.030,0.054,0.158,,0.008,2,0,0,0
2020-02-20,RUS,ru,3174,720,139,2315,43,239,65,231,0,0,7,4043925,1329194,7129497,0,0,472415,110,1279,3,1782,-0.087,5.258,5.223,4.334,-0.039,-0.042,-0.036,0.027,0.071,0.247,,0.001,2,0,0,0
2020-02-21,RUS,ru,4206,959,194,3053,69,230,99,447,3,0,16,6930914,2181930,11174131,21722,0,373850,141,1643,8,2414,-0.110,5.264,5.274,4.279,-0.012,-0.016,-0.029,0.017,0.070,0.239,0.000,-0.001,2,0,0,0
2020-02-22,RUS,ru,4411,964,178,3269,58,602,79,464,4,0,15,5523398,1169418,16439363,9512,0,627143,67,1820,8,2516,-0.112,5.231,5.311,4.273,-0.022,-0.033,-0.025,0.011,0.068,0.175,0.000,,2,0,0,0
2020-02-23,RUS,ru,5761,1203,208,4350,80,436,96,537,3,0,10,4185683,1495725,31958737,1398,0,604479,150,2395,12,3204,-0.107,5.281,5.278,4.307,0.005,-0.017,-0.020,0.016,0.064,0.263,0.000,,2,0,0,0
2020-02-24,RUS,ru,8323,1800,333,6190,107,462,166,760,4,1,19,2797684,2358283,50253939,2658,4569,6277788,211,3345,20,4747,-0.040,5.361,5.348,4.257,-0.015,-0.022,-0.032,0.006,0.071,0.457,0.632,,2,0,0,0
2020-02-25,RUS,ru,10847,2237,432,8178,170,481,315,1133,4,6,27,1353350,3657021,40767137,19243,18651,788314,226,4512,27,6082,-0.041,5.349,5.340,4.276,-0.033,-0.032,-0.035,-0.001,0.070,0.730,0.492,-0.018,2,0,0,0
2020-02-26,RUS,ru,12714,2243,421,10050,153,566,250,1204,2,2,52,1809620,2325087,27302850,7572,1304,1765774,162,5281,41,7230,-0.038,5.355,5.336,4.359,-0.026,-0.027,-0.038,0.000,0.071,0.562,0.147,0.008,2,0,0,0
2020-02-27,RUS,ru,13717,2458,498,10761,186,597,499,1166,9,2,42,3356201,4066510,24930291,19238,2205,4648525,195,5618,36,7868,0.019,5.417,5.348,4.298,-0.028,-0.029,-0.041,-0.000,0.073,0.548,0.103,-0.025,2,0,0,0
2020-02-28,RUS,ru,14965,2521,510,11934,183,514,728,1172,2,4,29,3150031,3656945,19322330,571,2073,805947,149,6156,26,8634,0.053,5.443,5.390,4.305,-0.030,-0.000,-0.044,-0.002,0.074,0.537,0.784,-0.023,2,0,0,0
2020-02-29,RUS,ru,13733,2113,508,11112,154,701,341,1126,4,3,29,2048615,3007160,28100336,1698,2111,997143,131,5657,21,7924,-0.035,5.399,5.358,4.332,-0.039,-0.026,-0.041,-0.007,0.071,0.595,0.554,,2,0,0,0
2020-03-01,RUS,ru,13948,2092,457,11399,179,554,331,1202,6,1,21,3796571,2037270,28533910,24609,8,370645,147,5781,25,7995,-0.032,5.351,5.312,4.317,-0.037,-0.032,-0.039,-0.006,0.070,0.349,0.000,,2,0,0,0
2020-03-02,RUS,ru,14970,2495,571,11904,267,590,276,1727,4,1,38,1497506,3020660,26159917,4749,53,4400606,200,6324,35,8411,-0.037,5.429,5.327,4.329,-0.048,-0.032,-0.042,-0.015,0.071,0.669,0.011,-0.023,2,0,0,0
2020-03-03,RUS,ru,13516,2461,503,10552,186,558,226,1333,7,1,39,2043157,2385641,30366627,6528,6367,10754966,157,5970,38,7351,-0.081,5.362,5.322,4.309,-0.062,-0.039,-0.044,-0.019,0.072,0.539,0.494,0.001,3,1,0,0
2020-03-04,RUS,ru,13357,2392,449,10516,178,538,284,1191,10,4,78,2171296,3559643,47407832,13414,701,13286340,208,5720,31,7398,-0.037,5.389,5.353,4.290,-0.067,-0.043,-0.044,-0.016,0.071,0.621,0.050,0.010,4,1,0,0
2020-03-05,RUS,ru,13761,2547,542,10672,189,527,255,1457,5,2,38,3410699,3537739,45038560,61271,2158,16615975,226,6024,27,7484,-0.046,5.410,5.355,4.276,-0.042,-0.002,-0.042,-0.018,0.073,0.509,0.034,-0.013,4,0,0,0
2020-03-06,RUS,ru,14804,2912,512,11380,216,611,217,1757,1,5,30,3728636,2015350,37416250,968,955,4933844,253,6034,43,8474,-0.064,5.235,5.258,4.381,-0.044,-0.008,-0.040,-0.009,0.072,0.351,0.497,-0.019,4,0,0,0
2020-03-07,RUS,ru,14785,2434,530,11821,173,751,511,984,0,1,23,2294418,2602378,36962483,0,291,9342419,172,6502,26,8085,-0.123,5.157,5.218,4.388,-0.035,-0.020,-0.042,0.004,0.072,0.531,1.000,,10,6,0,0
2020-03-08,RUS,ru,13811,2263,536,11012,178,538,270,921,5,1,33,1421193,1624813,34956358,1037,226,3412152,144,6009,59,7599,-0.058,5.391,5.348,4.326,-0.028,-0.013,-0.044,-0.009,0.073,0.533,0.179,,10,0,0,0
2020-03-09,RUS,ru,14800,2877,605,11318,123,450,242,1184,10,0,28,1741836,2075170,23617332,6904,0,384573,131,6677,47,7945,-0.013,5.446,5.377,4.311,-0.039,-0.012,-0.042,-0.004,0.072,0.544,0.000,,10,0,0,0
2020-03-10,RUS,ru,15212,2535,499,12178,146,509,224,1199,9,3,16,1660106,2014934,14998787,7112,2027,440500,142,6486,33,8551,-0.004,5.385,5.356,4.237,-0.034,-0.018,-0.041,-0.004,0.070,0.548,0.222,-0.002,10,0,0,0
2020-03-11,RUS,ru,14905,2645,484,11776,178,591,314,1270,10,12,33,2026613,1708502,26526087,84571,9122,3898750,171,6387,39,8308,0.032,5.392,5.365,4.267,-0.037,-0.028,-0.035,0.003,0.068,0.457,0.097,-0.016,10,0,0,0
2020-03-12,RUS,ru,16002,2846,442,12714,185,546,232,1110,3,2,36,1160858,1450735,18450078,213,306,670852,134,6792,35,9041,0.005,5.500,5.429,4.307,-0.040,-0.029,-0.043,-0.010,0.070,0.555,0.590,-0.052,25,15,0,0
2020-03-13,RUS,ru,15518,2254,391,12873,182,500,250,1384,6,3,31,1369622,1395498,15539058,14194,10128,4164305,116,6619,34,8749,0.022,5.464,5.431,4.285,-0.046,-0.041,-0.045,-0.012,0.072,0.505,0.416,0.017,30,5,0,0
2020-03-14,RUS,ru,15054,2025,484,12545,238,451,170,1023,8,2,39,1057070,945614,12290810,4602,4274,3526066,92,6437,17,8508,0.035,5.499,5.446,4.262,-0.040,-0.039,-0.042,-0.019,0.071,0.472,0.482,,45,15,0,0
2020-03-15,RUS,ru,14239,1713,524,12002,263,351,102,659,17,0,64,1087394,2650941,20031180,33483,0,9982430,111,5878,31,8219,0.056,5.464,5.411,4.304,-0.042,-0.041,-0.039,-0.012,0.070,0.709,0.000,,59,14,0,0
2020-03-16,RUS,ru,14854,2295,398,12161,278,509,257,935,6,2,82,1233124,1534083,16201292,1165,612,5755927,120,6164,33,8537,0.024,5.506,5.460,4.291,-0.051,-0.022,-0.041,-0.001,0.074,0.554,0.344,-0.013,63,4,0,0
2020-03-17,RUS,ru,14321,2251,400,11670,263,487,209,1054,6,0,99,1014228,1934773,22112493,1640,0,4353835,157,5901,36,8227,-0.018,5.522,5.440,4.294,-0.063,-0.016,-0.041,-0.004,0.073,0.656,0.000,-0.017,93,30,0,0
2020-03-18,RUS,ru,13945,2155,451,11339,293,466,178,1054,1,0,75,1576527,1992115,40578557,29121,0,13130024,163,5722,39,8021,0.006,5.427,5.375,4.291,-0.044,-0.030,-0.041,-0.006,0.073,0.558,0.000,-0.037,114,21,0,0
2020-03-19,RUS,ru,13958,2220,432,11306,308,453,199,1060,8,2,73,1327913,1639666,22596553,13819,1938,6141503,154,5611,32,8161,-0.013,5.376,5.342,4.339,-0.056,-0.036,-0.045,-0.004,0.075,0.553,0.123,0.066,147,33,0,0
2020-03-20,RUS,ru,13407,2037,385,10985,274,441,395,963,9,1,64,3179223,1295579,16622593,25407,2148,4561606,135,5507,60,7705,0.014,5.448,5.377,4.328,-0.066,-0.036,-0.042,-0.006,0.073,0.290,0.078,0.002,199,52,0,0
2020-03-21,RUS,ru,13216,1964,492,10760,295,456,268,892,10,6,67,1701842,1966477,25640428,23000,3451,8013589,131,5377,38,7670,0.060,5.476,5.403,4.253,-0.039,-0.029,-0.042,-0.001,0.072,0.536,0.130,,253,54,0,0
2020-03-22,RUS,ru,15737,2349,597,12791,509,471,264,1060,10,22,79,2922067,1939329,23750306,22700,22182,9225127,144,6642,34,8917,0.035,5.461,5.386,4.272,-0.037,-0.032,-0.043,0.004,0.072,0.399,0.494,,306,53,0,0
2020-03-23,RUS,ru,12775,2096,435,10244,385,520,209,1163,2,2,79,1945585,1159041,17675567,58,1588,5032664,134,5043,26,7572,0.016,5.483,5.383,4.303,-0.026,-0.029,-0.040,0.006,0.070,0.373,0.965,-0.002,438,132,0,0
2020-03-24,RUS,ru,12302,2048,436,9818,365,477,173,1178,5,3,78,1575137,1802850,17387088,1347,14811,5543358,152,4897,47,7206,0.032,5.475,5.418,4.275,-0.037,-0.030,-0.043,0.000,0.072,0.534,0.917,0.028,438,0,0,0
2020-03-25,RUS,ru,12801,2342,457,10002,403,553,224,1256,8,2,102,1563070,1640255,17668851,15454,1584,3911394,177,5101,79,7444,0.036,5.475,5.383,4.306,-0.023,-0.019,-0.042,0.005,0.073,0.512,0.093,-0.003,495,57,0,0
2020-03-26,RUS,ru,12366,2292,483,9591,380,653,223,1130,13,0,100,1579763,2264832,22759643,6260,0,6690275,186,5195,62,6923,0.010,5.453,5.392,4.291,-0.034,-0.015,-0.041,0.009,0.071,0.589,0.000,0.017,658,163,0,0
2020-03-27,RUS,ru,12737,2418,471,9848,490,599,241,1210,7,8,129,2438664,2249915,44088077,29188,23097,29669866,221,5169,45,7302,0.024,5.479,5.427,4.278,-0.032,-0.022,-0.042,0.004,0.072,0.480,0.442,-0.036,840,182,2,2
2020-03-28,RUS,ru,12162,2068,474,9620,402,521,196,1071,7,8,91,2332999,1578948,12103156,30998,18202,2680881,139,4907,35,7081,0.012,5.465,5.385,4.277,-0.023,-0.023,-0.041,0.004,0.071,0.404,0.370,,1036,196,4,2
2020-03-29,RUS,ru,12278,2085,547,9646,489,457,223,1073,12,7,80,3697684,1885961,20080651,13376,2960,12529580,132,5193,35,6918,0.031,5.469,5.405,4.288,-0.027,-0.024,-0.042,0.005,0.072,0.338,0.181,,1264,228,5,1
2020-03-30,RUS,ru,12249,2413,486,9350,510,497,330,1175,3,4,132,2648414,7432073,38593859,154,1658,22306684,212,5053,27,6957,0.007,5.447,5.401,4.267,-0.039,-0.022,-0.042,-0.000,0.070,0.737,0.915,0.024,1534,270,8,3
2020-03-31,RUS,ru,12207,2438,501,9268,538,464,294,1202,8,11,119,903783,6125054,24369753,31614,3238,9573588,221,4885,70,7031,0.019,5.470,5.404,4.276,-0.027,-0.015,-0.040,0.003,0.071,0.871,0.093,0.017,1836,302,10,2
2020-04-01,RUS,ru,12420,2449,455,9516,542,453,384,1096,6,2,125,1380542,5585576,46137001,14211,445,17951999,185,5307,48,6880,-0.010,5.390,5.360,4.291,-0.014,-0.017,-0.041,0.004,0.071,0.802,0.030,0.003,2337,501,17,7
2020-04-02,RUS,ru,12453,2436,502,9515,604,447,346,1048,9,1,100,1667404,3849509,39884315,68597,380,16550011,225,5219,36,6973,-0.010,5.396,5.347,4.282,-0.036,-0.021,-0.040,0.008,0.069,0.698,0.006,0.007,2777,440,24,7
2020-04-03,RUS,ru,11576,2276,549,8751,579,505,382,1246,7,6,144,1304917,6655494,52314933,3105,25900,37048495,231,4882,46,6417,0.002,5.429,5.384,4.282,-0.037,-0.023,-0.040,0.012,0.071,0.836,0.893,0.010,3548,771,30,6
2020-04-04,RUS,ru,11505,2057,476,8972,509,462,305,1099,11,4,124,3833020,2291872,31035127,2137936,60233,14322555,154,4819,25,6507,-0.015,5.416,5.377,4.292,-0.032,-0.024,-0.041,0.005,0.072,0.374,0.027,,4149,601,34,4
2020-04-05,RUS,ru,11385,2030,586,8769,466,478,281,1078,13,5,123,1069054,2677599,48321779,5547,3156,34580845,160,4573,34,6618,-0.010,5.471,5.415,4.322,-0.020,-0.003,-0.039,0.008,0.071,0.715,0.363,,4731,582,43,9
2020-04-06,RUS,ru,11719,2310,493,8916,552,555,352,1190,3,4,175,1641766,3448914,50885846,459,5232,24709060,243,4785,52,6639,0.001,5.406,5.375,4.297,-0.029,-0.019,-0.038,0.009,0.071,0.677,0.919,0.010,5389,658,45,2
2020-04-07,RUS,ru,11406,2359,480,8567,575,544,248,1312,10,9,170,2430376,2440583,46735991,340353,7538,22000843,271,4678,50,6407,0.034,5.488,5.428,4.271,-0.024,-0.013,-0.040,0.010,0.072,0.501,0.022,-0.005,6343,954,47,2
2020-04-08,RUS,ru,11266,2374,505,8387,510,585,247,1238,7,1,149,1947146,4496820,46708108,1998,289,16576719,213,4529,61,6463,0.037,5.458,5.405,4.287,-0.019,-0.015,-0.036,0.012,0.069,0.698,0.126,0.020,7497,1154,58,11
2020-04-09,RUS,ru,10941,2192,562,8187,546,515,229,1235,14,2,180,1193087,2700486,29238928,12790,1289,13434111,228,4583,61,6069,0.029,5.478,5.424,4.275,-0.021,-0.009,-0.037,0.007,0.070,0.694,0.092,0.003,8672,1175,63,5
2020-04-10,RUS,ru,10845,2273,546,8026,599,524,230,1331,3,5,174,2142652,2330733,64825921,3610,3379,40264449,225,4515,55,6050,0.005,5.435,5.394,4.284,-0.036,-0.011,-0.041,0.005,0.073,0.521,0.483,-0.000,10131,1459,76,13
2020-04-11,RUS,ru,10916,2155,508,8253,580,533,204,1088,5,0,162,1881856,2103506,41172733,4562,0,20274540,195,4361,51,6309,-0.021,5.454,5.385,4.272,-0.037,-0.002,-0.041,0.006,0.072,0.528,0.000,,11917,1786,94,18
2020-04-12,RUS,ru,10557,1968,611,7978,535,514,243,1034,5,7,162,1158694,1590945,29535963,6269,2011,14025427,159,4207,57,6134,-0.019,5.446,5.388,4.281,-0.019,-0.003,-0.043,0.009,0.073,0.579,0.243,,13584,1667,106,12
2020-04-13,RUS,ru,11148,2382,590,8176,631,456,215,1426,11,9,236,1876349,1055238,50143522,127273,1541,23098764,209,4468,44,6427,-0.014,5.468,5.412,4.299,-0.011,-0.007,-0.042,0.005,0.072,0.360,0.012,-0.018,15770,2186,130,24
2020-04-14,RUS,ru,11170,2386,552,8232,612,498,225,1406,10,3,229,1503707,1687398,54988848,4631,454,27745657,297,4436,63,6374,0.009,5.453,5.404,4.271,-0.023,-0.015,-0.040,0.005,0.072,0.529,0.089,-0.007,18328,2558,148,18
2020-04-15,RUS,ru,10911,2428,532,7951,585,432,231,1191,4,7,189,1880796,2033928,42952765,681,20209,20212413,289,4458,51,6113,0.001,5.462,5.396,4.271,-0.026,0.017,-0.037,0.015,0.069,0.520,0.967,-0.045,21102,2774,170,22
2020-04-16,RUS,ru,10800,2404,543,7853,588,501,212,1204,16,5,184,1448931,1930158,37657363,23018,2771,20514577,286,4502,46,5966,-0.002,5.468,5.408,4.274,-0.022,-0.003,-0.040,0.013,0.072,0.571,0.107,0.001,24490,3388,198,28
2020-04-17,RUS,ru,10794,2490,573,7731,589,498,250,1192,3,14,201,1836765,2670863,40836242,3827,10273,21562888,264,4419,40,6071,0.008,5.466,5.412,4.269,-0.027,-0.008,-0.041,0.003,0.073,0.593,0.729,-0.006,27938,3448,232,34
2020-04-18,RUS,ru,11013,2074,601,8338,520,499,198,1198,4,10,123,1574186,1798764,31482692,3219,11891,14405315,180,4489,39,6305,0.028,5.453,5.404,4.240,-0.023,-0.007,-0.036,0.013,0.070,0.533,0.787,,32008,4070,273,41
2020-04-19,RUS,ru,10279,2051,590,7638,586,433,231,1046,0,8,153,2119634,2299569,31573723,0,3068,13272713,145,4230,55,5849,0.006,5.439,5.386,4.283,-0.027,-0.016,-0.040,0.005,0.069,0.520,1.000,,36793,4785,313,40
2020-04-20,RUS,ru,10990,2487,540,7963,666,514,311,1240,8,9,194,4886512,2286516,50566196,117303,23880,31997280,262,4443,59,6226,-0.011,5.452,5.371,4.289,-0.022,-0.005,-0.041,0.008,0.073,0.319,0.169,0.001,42853,6060,361,48
2020-04-21,RUS,ru,10696,2417,554,7725,537,493,327,1195,7,1,176,2476804,3050096,49212129,8618,76,22421315,273,4666,50,5707,0.007,5.441,5.383,4.266,-0.019,-0.006,-0.042,0.008,0.073,0.552,0.009,0.000,47121,4268,405,44
2020-04-22,RUS,ru,10540,2463,538,7539,632,427,254,1157,7,1,216,2613410,1796164,52975799,50077,301,29856477,306,4174,49,6011,-0.004,5.453,5.403,4.277,-0.027,-0.012,-0.042,0.001,0.073,0.407,0.006,0.040,52763,5642,456,51
2020-04-23,RUS,ru,10571,2510,555,7506,653,462,355,1182,6,3,197,2142681,2697415,41660135,4162,900,19734301,274,4403,81,5813,0.011,5.466,5.394,4.263,-0.029,-0.010,-0.042,0.003,0.073,0.557,0.178,-0.000,57999,5236,513,57
2020-04-24,RUS,ru,10485,2406,539,7540,572,568,211,1271,3,6,204,1690674,2455415,37394956,4333,22966,21942062,232,4374,77,5802,-0.009,5.464,5.405,4.277,-0.035,-0.021,-0.043,-0.002,0.073,0.592,0.841,-0.010,62773,4774,555,42
2020-04-25,RUS,ru,10752,2286,589,7877,687,580,178,1378,9,3,189,2448949,1635151,46159679,42305,666,25539150,202,4352,53,6145,-0.037,5.496,5.431,4.278,-0.026,-0.002,-0.042,0.002,0.073,0.400,0.015,,68622,5849,615,60
2020-04-26,RUS,ru,10493,2254,559,7680,580,494,198,1325,3,3,179,2554849,2348376,40183966,38107,1785,16166217,179,4371,48,5895,-0.036,5.464,5.399,4.256,-0.029,-0.014,-0.041,0.006,0.073,0.479,0.045,,74588,5966,681,66
2020-04-27,RUS,ru,10679,2597,623,7459,710,613,232,1397,16,17,251,3417634,3492550,42741234,1227413,10063,21309047,303,4378,51,5947,0.010,5.461,5.416,4.261,-0.027,-0.014,-0.041,0.007,0.072,0.505,0.008,0.000,80949,6361,747,66
2020-04-28,RUS,ru,10626,2586,552,7488,675,544,266,1308,6,11,242,2235436,1692309,82094256,8668,7440,59210894,324,4186,69,6047,-0.022,5.443,5.386,4.269,-0.039,-0.024,-0.044,0.000,0.073,0.431,0.462,0.017,87147,6198,795,48
2020-04-29,RUS,ru,10915,2608,583,7724,672,500,274,1312,4,13,222,1462114,3445370,58618770,8765,6000,27574207,298,4464,104,6049,0.031,5.537,5.449,4.264,-0.025,-0.009,-0.041,0.006,0.072,0.702,0.406,0.013,93558,6411,867,72
2020-04-30,RUS,ru,10984,2673,637,7674,750,534,211,1454,4,3,248,9402973,2422287,74019901,4983,625,51354523,338,4401,49,6196,0.041,5.505,5.431,4.275,-0.022,-0.011,-0.042,0.006,0.073,0.205,0.111,-0.012,99399,5841,972,105
2020-05-01,RUS,ru,10970,2475,586,7909,630,608,215,1282,8,5,188,2105653,3011622,41541413,2078,3964,23159963,253,4330,75,6312,0.047,5.542,5.455,4.249,-0.028,-0.016,-0.043,0.003,0.073,0.589,0.656,,106498,7099,1073,101
2020-05-02,RUS,ru,10901,2326,637,7938,680,456,215,1453,5,6,212,2484832,2989444,53902602,2555,6696,25002055,203,4507,34,6157,-0.013,5.494,5.427,4.257,-0.030,-0.031,-0.040,0.007,0.071,0.546,0.724,,114431,7933,1169,96
2020-05-03,RUS,ru,10955,2381,793,7781,672,436,299,1401,1,9,238,1910458,3598215,31285244,236,3954,11237853,184,4632,65,6074,0.004,5.444,5.421,4.240,-0.030,-0.030,-0.042,0.002,0.070,0.653,0.944,,124054,9623,1222,53
2020-05-04,RUS,ru,10721,2388,673,7660,695,487,265,1257,8,6,270,2297233,3013280,42310635,5118,778,24376998,272,4559,65,5825,-0.011,5.445,5.348,4.336,-0.030,-0.024,-0.040,0.010,0.071,0.567,0.132,0.000,134687,10633,1280,58
2020-05-05,RUS,ru,11066,2404,628,8034,630,475,205,1089,6,7,187,1896612,1925730,48198628,25498,38966,21714466,230,4416,49,6371,-0.062,5.454,5.360,4.329,-0.031,-0.016,-0.042,0.002,0.073,0.504,0.604,0.000,145268,10581,1356,76
2020-05-06,RUS,ru,10906,2662,686,7558,687,467,276,1362,11,16,235,1543755,3376104,63095621,6792,61764,43321709,273,4578,97,5958,-0.054,5.482,5.428,4.287,-0.038,-0.024,-0.043,-0.006,0.073,0.686,0.901,-0.010,155370,10102,1451,95
2020-05-07,RUS,ru,11007,2834,603,7570,805,670,309,1384,7,17,226,2643221,3594822,58079414,11039,7056,24440090,332,4471,58,6146,-0.007,5.449,5.402,4.275,-0.031,-0.030,-0.041,0.004,0.071,0.576,0.390,0.000,165929,10559,1537,86
2020-05-08,RUS,ru,11165,2831,625,7709,814,598,170,1397,5,4,289,1742784,1642844,67886521,960,1167,38156809,301,4419,77,6368,0.026,5.491,5.416,4.273,-0.031,-0.023,-0.042,0.005,0.072,0.485,0.549,-0.002,177160,11231,1625,88
2020-05-09,RUS,ru,10371,2264,617,7490,557,538,237,1349,7,5,155,1463374,2363647,43331269,23745,3959,12376286,216,4181,45,5929,0.025,5.481,5.414,4.324,-0.036,-0.010,-0.039,0.007,0.072,0.618,0.143,,187859,10699,1723,98
2020-05-10,RUS,ru,10256,2203,620,7433,613,463,248,1054,3,6,135,2840925,1985224,52279215,3154,1091,26865396,184,4126,64,5882,0.005,5.500,5.417,4.296,-0.030,-0.018,-0.040,0.004,0.073,0.411,0.257,,198676,10817,1827,104
2020-05-11,RUS,ru,10891,2518,581,7792,591,479,252,1138,7,5,209,1926725,2754806,48047034,20820,1391,25742317,269,4364,52,6206,0.002,5.472,5.411,4.298,-0.029,-0.011,-0.039,-0.000,0.071,0.588,0.063,,209688,11012,1915,88
2020-05-12,RUS,ru,11259,2635,594,8030,706,452,200,1311,4,0,272,1497451,3539456,62792998,7990,0,32282212,300,4676,80,6203,-0.028,5.431,5.406,4.286,-0.031,0.006,-0.042,0.010,0.071,0.703,0.000,0.002,221344,11656,2009,94
2020-05-13,RUS,ru,11068,2511,579,7978,651,611,238,1547,7,2,219,1805298,2937994,82016713,69476,212,47394140,257,4443,76,6292,-0.027,5.456,5.412,4.254,-0.042,0.001,-0.041,0.007,0.072,0.619,0.003,-0.010,232243,10899,2116,107
2020-05-14,RUS,ru,9711,2395,541,6775,760,507,213,1367,6,5,271,1940677,2054950,74032219,7792,1630,54428797,269,3882,92,5468,-0.009,5.445,5.382,4.266,-0.032,-0.009,-0.041,0.007,0.073,0.514,0.173,-0.002,242271,10028,2212,96
2020-05-15,RUS,ru,10675,2574,706,7395,749,410,260,1543,1,4,287,1372503,3038628,75040443,35,27284,57425377,295,4428,53,5899,0.042,5.507,5.425,4.261,-0.020,-0.003,-0.039,0.007,0.070,0.689,0.999,-0.008,252245,9974,2305,93
2020-05-16,RUS,ru,10548,2409,842,7297,603,550,262,1319,2,0,232,2053371,3631771,53866810,6433,0,22158162,249,4456,22,5821,0.023,5.515,5.424,4.287,-0.028,-0.004,-0.036,0.008,0.069,0.639,0.000,,262843,10598,2418,113
2020-05-17,RUS,ru,10957,2400,640,7917,886,482,245,1331,5,0,225,1495196,1845432,78331146,1263,0,54255580,215,4542,42,6158,0.002,5.517,5.415,4.276,-0.026,-0.011,-0.039,0.009,0.071,0.552,0.000,,272043,9200,2537,119
2020-05-18,RUS,ru,11933,2763,684,8486,727,485,206,1112,5,2,236,2096744,2679388,54384713,9979,3081,33617907,278,5005,48,6602,0.031,5.471,5.414,4.338,-0.054,-0.029,-0.040,0.000,0.069,0.561,0.236,0.027,281752,9709,2631,94
2020-05-19,RUS,ru,11070,2668,625,7777,727,540,246,1600,4,9,290,2940626,2368062,60453668,4134,61854,28784929,342,4588,67,6073,0.006,5.470,5.413,4.282,-0.052,-0.026,-0.041,0.002,0.071,0.446,0.937,0.003,290678,8926,2722,91
2020-05-20,RUS,ru,11024,2913,711,7400,863,496,259,1491,6,0,300,2188127,2416097,70005287,12450,0,50864264,339,4468,81,6136,-0.015,5.457,5.391,4.269,-0.045,-0.023,-0.039,-0.002,0.070,0.525,0.000,0.024,299941,9263,2837,115
2020-05-21,RUS,ru,10417,2775,671,6971,700,541,223,1379,5,3,274,2247127,2972424,113759316,11828,280,93820951,351,4127,71,5868,-0.003,5.442,5.379,4.276,-0.046,-0.022,-0.040,0.002,0.070,0.569,0.023,-0.018,308705,8764,2972,135
2020-05-22,RUS,ru,10794,2797,772,7225,803,451,254,1360,4,7,296,1656022,2080441,101856176,40899,17590,68584569,383,4445,43,5923,-0.003,5.454,5.391,4.294,-0.034,-0.013,-0.039,0.011,0.071,0.557,0.301,0.007,317554,8849,3099,127
2020-05-23,RUS,ru,10038,2354,644,7040,616,522,200,1155,14,0,208,3088091,2318484,100700424,24413,0,58907285,246,4111,41,5640,-0.031,5.476,5.387,4.270,-0.025,-0.018,-0.043,0.003,0.074,0.429,0.000,,326448,8894,3249,150
2020-05-24,RUS,ru,10877,2141,720,8016,600,410,176,1015,3,0,178,1943487,2273142,49916844,1305,0,21060276,178,4383,53,6263,0.047,5.676,5.573,4.276,-0.022,-0.018,-0.043,0.011,0.072,0.539,0.000,,335882,9434,3388,139
2020-05-25,RUS,ru,10874,2544,649,7681,696,454,177,1464,3,3,280,3202260,4060738,81622233,1408,1876,47427713,255,4399,62,6158,0.005,5.516,5.439,4.259,-0.032,-0.021,-0.043,0.003,0.073,0.559,0.571,0.014,344481,8599,3541,153
2020-05-26,RUS,ru,10526,2381,680,7465,977,428,178,1654,4,8,276,2345807,3108443,65905670,649,98728,32984919,266,4355,63,5842,0.025,5.493,5.456,4.219,-0.027,-0.009,-0.041,0.001,0.073,0.570,0.993,-0.009,353427,8946,3633,92
2020-05-27,RUS,ru,10662,2632,748,7282,721,405,207,1256,2,8,293,1829798,3205174,77115019,16875,158345,44630988,324,4366,119,5853,0.034,5.485,5.414,4.241,-0.029,-0.013,-0.043,0.003,0.074,0.637,0.904,-0.003,362342,8915,3807,174
2020-05-28,RUS,ru,10957,2556,785,7616,711,423,227,1235,5,19,303,1933281,3177424,67645910,40136,141749,48438285,262,4435,118,6142,-0.018,5.387,5.346,4.283,-0.041,-0.033,-0.043,0.005,0.073,0.622,0.779,0.012,370680,8338,3968,161
2020-05-29,RUS,ru,11303,2783,722,7798,742,815,189,1157,1,3,301,4647819,2499272,90667724,2,1138,60820318,334,4495,43,6431,-0.186,5.187,5.295,4.323,-0.036,-0.024,-0.041,0.007,0.072,0.350,0.998,-0.011,379051,8371,4142,174
2020-05-30,RUS,ru,11301,2153,681,8467,496,531,109,1058,4,1,205,1192806,983832,96456721,8058,828,72253750,195,4658,47,6401,-0.183,5.259,5.311,4.294,-0.038,-0.027,-0.039,0.003,0.070,0.452,0.093,,387623,8572,4374,232
2020-05-31,RUS,ru,12230,2072,804,9354,370,244,146,887,4,7,146,604929,1394932,65580129,27341,5960,35960818,155,4859,60,7156,-0.130,5.363,5.345,4.246,-0.042,-0.032,-0.037,0.008,0.069,0.698,0.179,,396575,8952,4555,181
2020-06-01,RUS,ru,11699,2594,633,8472,551,243,131,1032,1,6,223,1059178,2535069,49959924,4635,109399,26600244,266,4767,46,6620,-0.081,5.349,5.348,4.305,-0.043,-0.021,-0.042,0.004,0.070,0.705,0.959,-0.004,405843,9268,4693,138
2020-06-02,RUS,ru,12057,2416,695,8946,593,283,232,1166,4,1,234,3655838,2539949,55413486,5676,291,35813418,297,5015,45,6700,-0.093,5.259,5.307,4.327,-0.042,-0.033,-0.041,0.006,0.071,0.410,0.049,0.013,414878,9035,4855,162
2020-06-03,RUS,ru,11704,2554,645,8505,548,500,177,1067,0,0,229,1815554,1379106,55120895,0,0,31734350,265,4865,51,6523,-0.103,5.332,5.362,4.290,-0.035,-0.034,-0.041,0.016,0.072,0.432,,0.006,423741,8863,5037,182
2020-06-04,RUS,ru,11332,2384,581,8367,622,335,102,1175,4,1,202,1514145,1561674,45388699,20499,200,19175101,279,4714,32,6307,-0.123,5.389,5.337,4.290,-0.030,-0.023,-0.033,0.009,0.069,0.508,0.010,-0.020,432277,8536,5215,178
2020-06-05,RUS,ru,10590,2397,715,7478,599,364,140,1177,2,3,226,921361,2085966,59801292,1539,1615,34738066,309,4282,31,5968,-0.056,5.411,5.355,4.279,-0.031,-0.025,-0.039,-0.006,0.072,0.694,0.512,0.004,441108,8831,5384,169
2020-06-06,RUS,ru,10222,2103,588,7531,457,536,139,1003,2,1,160,811619,1203353,60205579,644,82,35922238,178,4435,30,5579,-0.076,5.373,5.333,4.291,-0.043,-0.031,-0.044,-0.006,0.074,0.597,0.113,,449834,8726,5528,144
2020-06-07,RUS,ru,10551,2041,624,7886,450,479,119,1033,0,9,170,1171689,4031625,69738171,0,2177673,48847664,151,4368,43,5989,-0.093,5.321,5.300,4.303,-0.036,-0.020,-0.044,0.005,0.073,0.775,1.000,,458689,8855,5725,197
2020-06-08,RUS,ru,10076,2351,577,7148,571,556,109,1166,7,5,217,1716721,2284995,80113199,40728,6028,58443218,290,4169,44,5573,0.011,5.425,5.390,4.274,-0.025,-0.027,-0.043,0.012,0.074,0.571,0.129,-0.004,467673,8984,5859,134
2020-06-09,RUS,ru,9902,2267,629,7006,483,525,131,1233,2,1,203,1651352,2248976,43170770,40,202,16585497,272,3978,44,5608,-0.026,5.460,5.396,4.293,-0.044,-0.031,-0.041,-0.006,0.073,0.577,0.835,-0.003,476658,8985,5971,112
2020-06-10,RUS,ru,9489,2283,519,6687,523,339,109,1123,5,15,180,2046914,1517094,38122946,7728,9311,15404218,268,3764,40,5417,-0.053,5.364,5.398,4.294,-0.053,-0.035,-0.042,-0.023,0.075,0.426,0.546,-0.004,485253,8595,6141,170
2020-06-11,RUS,ru,9583,2403,584,6596,657,197,68,636,3,3,144,840024,970268,33095058,59097,1050,19312119,297,4011,68,5207,-0.018,5.422,5.394,4.272,-0.042,-0.027,-0.042,0.006,0.072,0.536,0.017,-0.005,493657,8404,6358,217
2020-06-12,RUS,ru,8798,1780,524,6494,355,305,220,895,2,0,122,993778,2331883,43448704,3090,0,24095271,227,3513,38,5020,0.033,5.424,5.387,4.263,-0.040,-0.027,-0.035,0.017,0.065,0.701,0.000,,502436,8779,6532,174
2020-06-13,RUS,ru,9841,2107,533,7201,384,363,170,1125,0,1,171,839644,916956,72482593,0,12,47890354,217,4001,37,5586,0.036,5.509,5.410,4.270,-0.040,-0.031,-0.039,0.016,0.069,0.522,1.000,,511423,8987,6715,183
2020-06-14,RUS,ru,10672,2040,566,8066,384,340,112,1133,6,1,166,1124214,846072,76006435,17786,1286,39160002,179,4510,21,5962,-0.066,5.432,5.364,4.355,-0.064,-0.031,-0.044,-0.015,0.074,0.429,0.067,,520129,8706,6829,114
2020-06-15,RUS,ru,10694,2051,587,8056,522,300,117,1504,4,1,216,955708,2208214,95315251,4759,113,66789224,280,4514,31,5869,-0.052,5.438,5.399,4.276,-0.055,-0.034,-0.045,-0.013,0.075,0.698,0.023,0.005,528964,8835,6948,119
2020-06-16,RUS,ru,10946,2282,613,8051,458,430,189,2256,5,0,184,1347124,1323233,94244690,5786,0,63687379,276,4470,45,6155,-0.012,5.530,5.468,4.207,-0.045,-0.028,-0.043,0.006,0.073,0.496,0.000,0.001,537210,8246,7091,143
2020-06-17,RUS,ru,10908,2449,584,7875,620,446,175,1312,1,0,233,1177880,2747960,58048352,5048,0,22385252,350,4316,39,6203,0.027,5.511,5.426,4.264,-0.039,-0.024,-0.043,0.003,0.072,0.700,0.000,-0.007,545458,8248,7284,193
2020-06-18,RUS,ru,10493,2411,610,7472,549,1123,130,1075,2,3,192,2178676,1747951,48501105,666,58860,18859996,317,4535,39,5602,0.017,5.531,5.441,4.280,-0.044,-0.029,-0.038,0.014,0.069,0.445,0.989,-0.004,553301,7843,7478,194
2020-06-19,RUS,ru,10445,2266,669,7510,414,1166,124,1018,7,0,181,3635942,1769634,48556667,60674,0,15078451,309,4256,46,5834,0.018,5.520,5.445,4.268,-0.033,-0.020,-0.037,0.011,0.069,0.327,0.000,0.007,561091,7790,7790,312
2020-06-20,RUS,ru,10402,2039,687,7676,272,478,118,931,0,9,106,2251837,1016808,35868225,0,7529,13823631,189,4258,18,5937,-0.078,5.516,5.472,4.271,-0.041,-0.024,-0.044,-0.009,0.065,0.311,1.000,,569063,7972,7972,182
2020-06-21,RUS,ru,9597,1834,547,7216,307,241,110,918,1,2,138,982049,1023310,61049987,0,1062,31356559,190,4131,17,5259,-0.089,5.449,5.452,4.313,-0.038,-0.026,-0.045,-0.013,0.072,0.510,1.000,,576952,7889,8002,30
2020-06-22,RUS,ru,9723,2187,504,7032,444,312,98,1015,1,1,209,8636809,2409327,78935521,2742,15,54707966,244,4152,50,5277,-0.001,5.524,5.457,4.243,-0.041,-0.023,-0.042,-0.001,0.072,0.218,0.005,0.003,584680,7728,8111,109
2020-06-23,RUS,ru,10368,2325,668,7375,372,331,159,1108,3,3,182,1037508,1994225,109539471,17024,471,68595932,266,4282,58,5762,0.011,5.454,5.409,4.241,-0.055,-0.032,-0.044,-0.003,0.071,0.658,0.027,0.007,592280,7600,8206,95
2020-06-24,RUS,ru,11017,2135,622,8260,1122,314,104,983,4,0,166,1533133,872272,65627194,4936,0,39589020,252,4703,45,6017,0.049,5.525,5.433,4.261,-0.045,-0.038,-0.039,0.011,0.068,0.363,0.000,,599705,7425,8359,153
2020-06-25,RUS,ru,10068,2263,702,7103,687,472,142,1065,7,0,168,1612731,1441827,59733075,84191,0,24230691,280,4332,50,5406,-0.027,5.485,5.418,4.276,-0.055,-0.026,-0.041,0.001,0.071,0.472,0.000,0.004,606881,7176,8513,154
2020-06-26,RUS,ru,9921,2179,626,7116,338,405,183,1125,2,3,161,1511563,4154395,48126829,635,397,24449201,244,4193,35,5449,-0.011,5.472,5.396,4.290,-0.050,-0.026,-0.040,0.002,0.070,0.733,0.385,-0.007,613994,7113,8605,92
2020-06-27,RUS,ru,9877,2017,723,7137,300,380,145,939,0,0,130,1022696,1442150,43187671,0,0,18372214,175,4322,27,5353,-0.012,5.471,5.378,4.266,-0.048,-0.027,-0.034,0.007,0.064,0.585,,,620794,6800,8781,176
2020-06-28,RUS,ru,10182,1821,574,7787,299,304,122,814,2,0,128,899930,1436035,34005371,461,0,11866317,140,4316,17,5709,0.030,5.506,5.421,4.211,-0.059,-0.049,-0.046,-0.017,0.072,0.615,0.000,,627646,6852,8969,188
2020-06-29,RUS,ru,10637,2272,659,7706,409,484,111,905,3,0,147,1415759,1596122,67020959,629,0,42760899,239,4501,31,5866,0.020,5.493,5.421,4.288,-0.060,-0.047,-0.045,-0.024,0.074,0.530,0.000,0.007,634437,6791,9073,104
2020-06-30,RUS,ru,10861,2641,668,7552,399,426,157,1001,3,0,197,1722058,2443279,88112721,393,0,61514273,245,4539,35,6042,-0.027,5.383,5.351,4.303,-0.046,-0.019,-0.038,0.006,0.069,0.587,0.000,-0.010,641156,6719,9166,93
2020-07-01,RUS,ru,10540,2122,701,7717,302,439,117,1014,1,4,132,1175312,1303197,55827013,3052,99109,31136982,234,4322,51,5933,0.047,5.481,5.446,4.253,-0.044,-0.021,-0.036,0.015,0.067,0.526,0.970,,647849,6693,9320,154
2020-07-02,RUS,ru,10102,2272,679,7151,383,408,170,1113,3,5,192,3859476,8655216,84023933,1386,3858,57192111,222,4364,59,5457,-0.041,5.504,5.423,4.262,-0.044,-0.027,-0.038,0.011,0.068,0.692,0.736,0.009,654405,6556,9536,216
2020-07-03,RUS,ru,9472,2193,624,6655,416,408,357,1063,1,5,168,1605118,2657355,44589387,110,99921,17879836,235,3916,45,5276,-0.011,5.492,5.390,4.292,-0.034,-0.029,-0.040,0.001,0.071,0.623,0.999,0.004,661165,6760,9683,147
2020-07-04,RUS,ru,9934,2035,754,7145,267,421,113,966,2,2,114,8973423,1320178,54615297,3042,95851,18857581,182,3961,30,5761,0.024,5.564,5.465,4.320,-0.037,-0.020,-0.041,-0.017,0.071,0.128,0.969,,667883,6718,9859,176
2020-07-05,RUS,ru,9984,1919,601,7462,268,341,113,1330,1,0,117,941509,1724369,55239567,1796,0,27969401,173,4098,32,5679,-0.024,5.550,5.473,4.194,-0.041,-0.016,-0.044,-0.011,0.073,0.647,0.000,,674515,6632,10027,168
2020-07-06,RUS,ru,9963,2021,677,7265,306,348,183,975,8,3,129,1295497,10522244,39601524,35023,473,14509411,169,4209,76,5509,-0.056,5.450,5.382,4.273,-0.034,-0.017,-0.044,0.007,0.074,0.890,0.013,0.003,681251,6736,10161,134
2020-07-07,RUS,ru,10787,2552,674,7561,416,406,213,1097,6,4,184,1087406,2031039,75115422,1238,99310,50945736,228,4444,51,6064,0.020,5.549,5.463,4.290,-0.038,-0.023,-0.044,0.002,0.074,0.651,0.988,-0.001,687862,6611,10296,135
2020-07-08,RUS,ru,10398,2407,633,7358,384,365,140,1212,1,0,186,1316857,1661006,82378675,1793,0,55101983,252,4379,38,5729,-0.022,5.461,5.392,4.319,-0.051,-0.043,-0.039,-0.011,0.069,0.558,0.000,0.000,694230,6368,10494,198
2020-07-09,RUS,ru,10896,2340,660,7896,315,329,165,1094,6,0,150,1210069,1415664,52144163,2333,0,23578553,255,4840,37,5764,0.026,5.546,5.467,4.316,-0.048,-0.040,-0.040,-0.008,0.070,0.539,0.000,-0.008,700792,6562,10667,173
2020-07-10,RUS,ru,11014,2470,634,7910,409,481,167,927,1,0,178,1254038,2064595,81442149,1790,0,49997651,236,4673,39,6066,-0.006,5.438,5.430,4.332,-0.032,-0.018,-0.042,0.004,0.069,0.622,0.000,0.012,707301,6509,10843,176
2020-07-11,RUS,ru,9916,1920,660,7336,288,369,170,897,5,0,144,1653755,1994765,49299248,435,0,21652582,145,4245,26,5500,-0.008,5.378,5.321,4.362,-0.038,-0.030,-0.040,-0.005,0.067,0.547,0.000,,713936,6635,11017,174
2020-07-12,RUS,ru,10271,1923,667,7681,284,395,219,911,2,1,134,1307517,1809724,33309646,280,1047,13855207,131,4548,42,5550,0.026,5.532,5.405,4.302,-0.033,-0.022,-0.040,-0.005,0.070,0.581,0.789,,720547,6611,11205,188
2020-07-13,RUS,ru,11159,1964,655,8540,318,449,148,806,2,1,127,1539769,1715416,35012473,3093,166,4418841,213,4815,46,6085,0.029,5.575,5.499,4.275,-0.041,-0.026,-0.033,0.007,0.065,0.527,0.051,-0.014,727162,6615,11335,130
2020-07-14,RUS,ru,10170,1969,680,7521,312,290,153,833,1,1,124,1066200,1350546,30974713,3055,166,13070367,193,4230,26,5721,0.045,5.554,5.505,4.229,-0.039,-0.035,-0.033,0.007,0.066,0.559,0.052,-0.003,733699,6537,11439,104
2020-07-15,RUS,ru,11572,2318,575,8679,379,349,137,974,4,4,173,1059404,1435313,69707594,962,1048,49014936,212,4867,37,6456,0.007,5.526,5.431,4.268,-0.044,-0.028,-0.040,-0.010,0.071,0.575,0.521,0.007,739947,6248,11614,175
2020-07-16,RUS,ru,8828,1826,594,6408,384,273,127,705,3,5,176,1073805,1152573,54042532,50,2357,41648090,234,3608,44,4942,-0.003,5.419,5.391,4.304,-0.048,-0.026,-0.036,-0.002,0.068,0.518,0.979,0.007,746369,6422,11770,156
2020-07-17,RUS,ru,9959,1993,721,7245,358,390,165,813,5,2,161,8957641,1114980,84157857,10484,1195,64503239,219,3990,40,5710,-0.002,5.435,5.387,4.281,-0.044,-0.023,-0.036,0.010,0.065,0.111,0.102,0.006,752797,6428,11937,167
2020-07-18,RUS,ru,9418,1811,562,7045,271,313,168,1048,4,0,110,1294075,827926,92082466,1036,0,47132033,176,3741,39,5462,-0.071,5.429,5.379,4.276,-0.041,-0.025,-0.042,0.007,0.070,0.390,0.000,,765437,12640,12247,310
2020-07-19,RUS,ru,9880,1708,660,7512,203,307,128,934,3,2,90,1044950,1459262,45672395,762,1334,18272597,145,3890,30,5815,-0.052,5.392,5.365,4.291,-0.032,-0.021,-0.041,0.011,0.067,0.583,0.636,,771546,6109,12342,95
2020-07-20,RUS,ru,11122,2290,725,8107,371,400,127,1051,3,2,146,1097874,1881544,32822807,307,312,10943940,214,4772,61,6075,0.007,5.441,5.399,4.345,-0.017,-0.021,-0.041,-0.001,0.071,0.632,0.504,0.011,771546,0,12342,0
2020-07-21,RUS,ru,10536,2456,694,7386,335,392,117,1023,5,0,164,846223,818813,41953373,981,0,18600055,225,4236,44,6031,-0.004,5.472,5.396,4.327,-0.032,-0.036,-0.041,-0.009,0.071,0.492,0.000,0.004,777486,5940,12427,85
2020-07-22,RUS,ru,10690,2270,739,7681,408,399,168,1068,8,1,150,1287531,2814514,52623830,11326,17843,22289604,238,4327,65,6060,-0.027,5.481,5.395,4.301,-0.035,-0.026,-0.044,0.004,0.071,0.686,0.612,0.004,783328,5842,12580,153
2020-07-23,RUS,ru,10139,2293,819,7027,330,457,211,1082,3,2,155,1478414,1958301,64432535,361,260,36747147,233,4394,59,5453,0.021,5.521,5.414,4.291,-0.036,-0.022,-0.035,0.010,0.069,0.570,0.419,0.001,789190,5862,12745,165
2020-07-24,RUS,ru,9735,2209,888,6638,373,412,196,977,4,1,171,1276359,1325574,78497329,328,2505,38608309,262,3881,53,5539,-0.007,5.486,5.409,4.300,-0.033,-0.023,-0.041,0.004,0.071,0.509,0.884,0.010,795038,5848,12892,147
2020-07-25,RUS,ru,9574,1871,592,7111,251,367,144,868,1,0,117,840785,2501359,61813321,158,0,36985275,162,3895,28,5489,-0.050,5.431,5.383,4.369,-0.041,-0.033,-0.037,0.008,0.070,0.748,0.000,,800849,5811,13046,154
2020-07-26,RUS,ru,9482,1732,737,7013,236,343,149,773,2,0,106,1339439,1986281,45787564,179,0,27845507,170,3714,28,5570,0.010,5.501,5.417,4.300,-0.024,-0.019,-0.043,0.004,0.070,0.597,0.000,,806720,5871,13192,146
2020-07-27,RUS,ru,10533,2248,705,7580,338,310,184,955,2,1,148,904750,1747435,43246821,213,7,20098633,217,4596,59,5661,0.041,5.519,5.426,4.262,-0.040,-0.036,-0.041,0.001,0.070,0.659,0.032,0.005,812485,5765,13269,77
2020-07-28,RUS,ru,10569,2172,669,7728,276,388,310,789,1,4,132,1241003,3212154,50447137,288,647,28955507,175,4445,63,5886,0.010,5.501,5.391,4.280,-0.039,-0.031,-0.038,0.008,0.068,0.721,0.692,0.001,818120,5635,13354,85
2020-07-29,RUS,ru,10417,2301,719,7397,320,374,308,791,1,0,135,676766,2828103,33090236,298,0,15358534,210,4313,43,5851,0.002,5.494,5.401,4.281,-0.042,-0.030,-0.039,0.005,0.071,0.807,0.000,0.009,823515,5395,13504,150
2020-07-30,RUS,ru,10688,2296,687,7705,272,455,187,818,2,0,118,1106363,2658913,43690854,1752,0,16842503,221,4420,31,6016,-0.047,5.410,5.374,4.306,-0.046,-0.025,-0.043,0.001,0.073,0.706,0.000,-0.011,828990,5475,13673,169
2020-07-31,RUS,ru,10228,2210,688,7330,282,487,124,861,0,1,134,1179452,827811,36785289,0,1799,14514217,204,4093,49,5882,0.006,5.495,5.427,4.272,-0.034,-0.030,-0.037,0.012,0.071,0.412,1.000,0.003,834499,5509,13802,129
2020-08-01,RUS,ru,10123,2086,642,7395,531,381,187,965,5,1,322,718306,1141014,27198667,4445,4500,7854947,154,4229,46,5694,0.024,5.538,5.455,4.282,-0.042,-0.028,-0.038,0.004,0.069,0.614,0.503,,839981,5482,13963,161
2020-08-02,RUS,ru,10665,2056,658,7951,569,301,169,845,0,0,121,804544,2642877,25511868,0,0,10186552,152,4508,31,5974,0.057,5.559,5.426,4.328,-0.029,-0.015,-0.042,0.000,0.067,0.767,,,845443,5462,14058,95
2020-08-03,RUS,ru,9880,2210,680,6990,486,318,188,941,2,0,133,842055,3570542,36626304,411,0,20920217,217,4188,41,5434,-0.012,5.463,5.388,4.288,-0.044,-0.021,-0.039,-0.003,0.069,0.809,0.000,0.004,850870,5427,14128,70
