iso3;EPI_confirmed_cum;EPI_dead_cum;EPI_recovered_cum;ECO_price_diff_2020-01-22;EMO_Sentiment;EMO_VAD_V;EMO_VAD_A;EMO_VAD_D;EMO_Big5_O;EMO_Big5_C;EMO_Big5_E;EMO_Big5_A;EMO_Big5_N;TWI_num;TWI_num_en;TWI_num_locallangs;TWI_num_unvhum;TWI_num_unvbot;TWI_num_verbot;TWI_num_verhum;TWI_num_unk;TWI_fol_all;TWI_fol_unvhum;TWI_fol_unvbot;TWI_fol_verbot;TWI_fol_verhum;TWI_fol_unk;FAC_num_reliable;FAC_num_unreliable;FAC_num_unknown;FAC_fol_reliable;FAC_fol_unreliable;FAC_fol_unknown;FAC_reliabile_num_local;FAC_reliabile_num_foreign;FAC_unreliabile_num_local;FAC_unreliabile_num_foreign;FAC_reliabile_fol_local;FAC_reliabile_fol_foreign;FAC_unreliabile_fol_local;FAC_unreliabile_fol_foreign;FAC_reliabile_num_00;FAC_reliabile_num_01;FAC_reliabile_num_10;FAC_reliabile_num_11;FAC_unreliabile_num_00;FAC_unreliabile_num_01;FAC_unreliabile_num_10;FAC_unreliabile_num_11;FAC_reliabile_fol_00;FAC_reliabile_fol_01;FAC_reliabile_fol_10;FAC_reliabile_fol_11;FAC_unreliabile_fol_00;FAC_unreliabile_fol_01;FAC_unreliabile_fol_10;FAC_unreliabile_fol_11
AFG;4.0;0.0;0.0;;-0.08092208421196162;5.347170529629685;5.295041451689657;4.319861919160692;-0.002760833356377103;-0.0020383630816087094;-0.026059116217187546;-0.0005860581275031224;0.06705567899978016;111547.0;36282.0;1187.0;65327.0;42144.0;1693.0;2382.0;1.0;2010643045.0;112716802.0;236874694.0;712499175.0;948552374.0;0.0;5393.0;3566.0;5911.0;23629792.0;17044213.0;488692551.0;35.0;5358.0;4.0;3562.0;294260.0;23335532.0;2826.0;17041387.0;2857.0;2502.0;0.0;34.0;2275.0;1271.0;0.0;20.0;4525523.0;5861032.0;0.0;13243237.0;4079060.0;3276070.0;0.0;9689083.0
AGO;;;;;-0.09031510358994209;5.318550696459994;5.287867268532747;4.345463917929057;-0.003092865724501919;-0.002427110176071526;-0.024799543590989633;-0.0002633103938512415;0.06375393624668266;60814.0;17764.0;12767.0;35952.0;24718.0;30.0;114.0;0.0;152018469.0;90070791.0;59340883.0;740448.0;1866347.0;0.0;2735.0;1439.0;2696.0;5723089.0;4563657.0;5228464.0;461.0;2274.0;378.0;1061.0;562968.0;5160121.0;533284.0;4030373.0;1755.0;979.0;0.0;1.0;870.0;569.0;0.0;0.0;4231063.0;1467426.0;0.0;24600.0;3681805.0;881852.0;0.0;0.0
ALB;0.0;0.0;0.0;;-0.036059915700225445;5.400672079304354;5.339212383943931;4.343255088409457;-0.0029400149933257918;-0.0020637311746150248;-0.024515243968430345;-0.0005493465272718636;0.06397663319726349;46725.0;23888.0;0.0;27524.0;19036.0;35.0;128.0;2.0;101203871.0;59196059.0;38709549.0;595534.0;2702729.0;0.0;2598.0;1144.0;1701.0;5077996.0;4420989.0;7631520.0;0.0;2598.0;0.0;1144.0;0.0;5077996.0;0.0;4420989.0;1632.0;949.0;4.0;13.0;751.0;393.0;0.0;0.0;3419116.0;1283009.0;63006.0;312865.0;3113348.0;1307641.0;0.0;0.0
ARE;45.0;0.0;7.0;;-0.06846337519731807;5.347149448881693;5.319113094314274;4.2897345881599875;-0.0018961882234298714;-0.0011738775897490814;-0.025640726964869475;0.0008217733058639236;0.06764702169006884;77203.0;55028.0;4240.0;42240.0;31114.0;612.0;3236.0;1.0;1721372121.0;101467393.0;164808862.0;71710740.0;1383385126.0;0.0;4524.0;1237.0;4666.0;50477176.0;4526785.0;425748215.0;91.0;4433.0;17.0;1220.0;658216.0;49818960.0;18190.0;4508595.0;2442.0;1908.0;80.0;94.0;686.0;545.0;1.0;5.0;6287378.0;4552421.0;796256.0;38841121.0;3077570.0;1144103.0;13089.0;292023.0
ARG;12.0;1.0;0.0;-0.15798100633054746;-0.09445047905603599;5.30299543252534;5.272115720622065;4.335935514250444;-0.0020507450668964256;-0.0013541249283106147;-0.025670188332410526;-7.369659905525921e-06;0.06903070092656229;1678322.0;197838.0;1350991.0;964788.0;695841.0;4128.0;13544.0;21.0;13992537064.0;1656857141.0;1958768238.0;2026826632.0;8350085053.0;0.0;55797.0;18781.0;71042.0;1832708277.0;457178661.0;2215111755.0;30725.0;25072.0;11924.0;6857.0;1729107715.0;103600562.0;437532523.0;19646138.0;31133.0;23304.0;722.0;638.0;10816.0;7039.0;15.0;909.0;71995418.0;50696491.0;1671387054.0;38629314.0;21981484.0;14358723.0;244296.0;420594158.0
ARM;1.0;0.0;0.0;;-0.09008173125177514;5.306591386603072;5.282690099087712;4.319385915509854;-0.0021253352203609846;-0.0015262209052137729;-0.030475050172862103;-0.0007510565116036331;0.07098899351164713;6561.0;4566.0;68.0;3396.0;3078.0;36.0;51.0;0.0;10346031.0;3935528.0;5570269.0;307012.0;533222.0;0.0;668.0;129.0;245.0;590565.0;161300.0;571144.0;1.0;667.0;1.0;128.0;13.0;590552.0;42.0;161258.0;441.0;224.0;1.0;2.0;54.0;75.0;0.0;0.0;310956.0;257855.0;2746.0;19008.0;88610.0;72690.0;0.0;0.0
AUS;76.0;4.0;21.0;-0.11108071472633585;-0.13086551396608234;5.294296143315471;5.288815751362067;4.297318203493969;-0.0017765159274343953;-0.0010280342861723802;-0.03016941360667955;-0.00021195549184300396;0.07224777402175908;974371.0;848783.0;848783.0;533488.0;397880.0;12016.0;30973.0;14.0;6506276840.0;1065670193.0;1055974276.0;618286750.0;3766345621.0;0.0;88362.0;22097.0;39029.0;1195036752.0;76026963.0;334781389.0;79014.0;9348.0;19214.0;2883.0;1167636235.0;27400517.0;69499742.0;6527221.0;48296.0;35124.0;1538.0;3402.0;12621.0;9226.0;101.0;149.0;108503256.0;115487375.0;28072415.0;942973706.0;32693278.0;33244761.0;2735326.0;7353598.0
AUT;104.0;0.0;0.0;-0.17529377604034724;-0.0961665442097891;5.329935376430522;5.30284725534382;4.298020217199499;-0.0023086728441821893;-0.0015769228562172678;-0.027827158172880475;-0.0004173148059823094;0.06906009127121814;144255.0;67775.0;33919.0;77294.0;64236.0;955.0;1767.0;3.0;467976005.0;119874148.0;165058540.0;111994294.0;71049023.0;0.0;9122.0;2592.0;6485.0;22814035.0;6670478.0;29894026.0;1229.0;7893.0;187.0;2405.0;3354505.0;19459530.0;342012.0;6328466.0;5047.0;3948.0;40.0;87.0;1392.0;1156.0;2.0;42.0;7540699.0;10180225.0;2199453.0;2893658.0;2476667.0;2949153.0;17174.0;1227484.0
AZE;9.0;0.0;0.0;;-0.14563285179597688;5.271594572143517;5.261491752094624;4.313976903630058;-0.0029232049225610336;-0.0014280547287182168;-0.02879867003602631;-0.000648452540231465;0.06899933310906133;21728.0;16447.0;0.0;10448.0;11196.0;71.0;13.0;0.0;44830010.0;13702822.0;30152472.0;780875.0;193841.0;0.0;1346.0;573.0;893.0;2570535.0;1917048.0;1367437.0;0.0;1346.0;0.0;573.0;0.0;2570535.0;0.0;1917048.0;497.0;845.0;4.0;0.0;251.0;322.0;0.0;0.0;644072.0;1877463.0;49000.0;0.0;425257.0;1491791.0;0.0;0.0
BDI;;;;;-0.09282727700647266;5.325674507327197;5.2857028168435365;4.335307518354713;-0.003384432998776689;-0.00303012865460008;-0.02505843019791921;-0.0013896188151412984;0.06507384173360745;7001.0;3454.0;1154.0;3848.0;2662.0;28.0;463.0;0.0;506659240.0;3715959.0;5548484.0;637786.0;496757011.0;0.0;380.0;103.0;432.0;528206.0;159835.0;653394.0;37.0;343.0;20.0;83.0;36789.0;491417.0;11378.0;148457.0;219.0;160.0;0.0;1.0;67.0;35.0;1.0;0.0;157161.0;293170.0;0.0;77875.0;43003.0;92349.0;24483.0;0.0
BEL;200.0;0.0;1.0;-0.14997548779270076;-0.10449971935006779;5.296397003087276;5.279997309393777;4.313124145725482;-0.0019488055146479647;-0.0012587764535722734;-0.027052509537986765;-0.0004132509746419292;0.07120516773239167;294765.0;127904.0;116689.0;160662.0;124235.0;1606.0;8260.0;2.0;1876106456.0;255166694.0;514212564.0;145172592.0;961554606.0;0.0;24289.0;6459.0;17440.0;413920635.0;47299965.0;266609241.0;6213.0;18076.0;1666.0;4793.0;204082405.0;209838230.0;2128291.0;45171674.0;10570.0;12801.0;58.0;860.0;3035.0;3393.0;6.0;25.0;20125036.0;172061368.0;1197301.0;220536930.0;4635378.0;40722759.0;147068.0;1794760.0
BEN;;;;;-0.05399339614096575;5.366848739530678;5.31866804666208;4.321497338296308;-0.0027736580353429296;-0.0015691698624577125;-0.02660161543577141;-0.0007024851022959905;0.06625434455540716;20609.0;9511.0;5919.0;12095.0;8390.0;22.0;101.0;1.0;36682299.0;17339814.0;13087256.0;815634.0;5439595.0;0.0;1186.0;342.0;1278.0;1774518.0;749576.0;2859123.0;274.0;912.0;64.0;278.0;323199.0;1451319.0;78191.0;671385.0;778.0;408.0;0.0;0.0;198.0;144.0;0.0;0.0;1100135.0;674383.0;0.0;0.0;350966.0;398610.0;0.0;0.0
BFA;;;;;-0.0956124327277105;5.33190527585632;5.302202684274426;4.309577684586709;-0.002891282010859997;-0.0021373503451653534;-0.029057775520804865;-0.00046805624930422413;0.06729696527717277;33170.0;15447.0;5708.0;19136.0;13825.0;15.0;192.0;2.0;271516395.0;57423590.0;61781048.0;96627.0;152215130.0;0.0;1780.0;785.0;1401.0;8068119.0;3931593.0;25932585.0;232.0;1548.0;103.0;682.0;334877.0;7733242.0;166546.0;3765047.0;1134.0;639.0;0.0;7.0;441.0;344.0;0.0;0.0;3022748.0;2702004.0;0.0;2343367.0;1848816.0;2082777.0;0.0;0.0
BGD;3.0;0.0;0.0;;-0.0021053571767744076;5.412604918950853;5.340992603107582;4.282503297159557;-0.0012923989697984834;-0.0010388928281880427;-0.02565956609682406;0.0003256428631259321;0.06948135666247167;73264.0;48932.0;667.0;41610.0;31160.0;97.0;390.0;7.0;368426511.0;43214953.0;117858541.0;5764269.0;201588748.0;0.0;5439.0;1723.0;4886.0;7386926.0;2439390.0;8046499.0;10.0;5429.0;3.0;1720.0;71156.0;7315770.0;859.0;2438531.0;2964.0;2450.0;3.0;22.0;889.0;833.0;1.0;0.0;2939305.0;3299087.0;192663.0;955871.0;977927.0;1457476.0;3987.0;0.0
BGR;4.0;0.0;0.0;;-0.08259129811998378;5.3596075407243635;5.311193584434956;4.313979268772384;-0.002543570181808397;-0.0017575245068032922;-0.027555687861407236;-0.0008631295716048702;0.06870442914431059;28543.0;14473.0;442.0;16580.0;11852.0;46.0;65.0;0.0;47719973.0;29227561.0;13400733.0;613192.0;4478487.0;0.0;1812.0;722.0;1187.0;2761471.0;1743166.0;1932134.0;17.0;1795.0;7.0;715.0;12865.0;2748606.0;10151.0;1733015.0;1095.0;694.0;23.0;0.0;542.0;180.0;0.0;0.0;1754967.0;672881.0;333623.0;0.0;1558417.0;184749.0;0.0;0.0
BHR;85.0;0.0;4.0;;-0.0651333498502652;5.327617750236602;5.292355848800288;4.300612861258329;-0.001400210281826682;-0.0008317538842841438;-0.02237715455975538;0.00043989840142145964;0.0687929456611187;15955.0;9285.0;2303.0;8061.0;7271.0;40.0;583.0;0.0;48465834.0;10050180.0;13757569.0;1366753.0;23291332.0;0.0;825.0;244.0;897.0;1760311.0;395459.0;5148783.0;31.0;794.0;9.0;235.0;155653.0;1604658.0;118289.0;277170.0;425.0;394.0;2.0;4.0;112.0;132.0;0.0;0.0;809863.0;654903.0;4265.0;291280.0;167651.0;227808.0;0.0;0.0
BHS;;;;;-0.146001282204301;5.29012791131886;5.280213260358053;4.320610801664321;-0.0032273981925048383;-0.0016705834054216325;-0.026812289428490774;-0.0007147731331975145;0.06481064494264077;12709.0;10512.0;10512.0;7503.0;5151.0;19.0;35.0;1.0;42732990.0;10322430.0;27099368.0;2997688.0;2313504.0;0.0;688.0;347.0;689.0;1993277.0;737378.0;2327496.0;558.0;130.0;303.0;44.0;1866716.0;126561.0;682421.0;54957.0;421.0;264.0;1.0;2.0;233.0;114.0;0.0;0.0;539311.0;1276524.0;9108.0;168334.0;415622.0;321756.0;0.0;0.0
BIH;3.0;0.0;0.0;;-0.10687402374182611;5.3057491026413075;5.270634589204545;4.319471709399949;-0.0025770169184552256;-0.001677658905669462;-0.02746315582570743;-0.0001893874934443129;0.06755848614145393;20853.0;12183.0;7.0;12469.0;7951.0;34.0;398.0;1.0;111431446.0;68803468.0;18359475.0;208260.0;24060243.0;0.0;1213.0;434.0;912.0;4325011.0;3626454.0;4058798.0;0.0;1213.0;0.0;434.0;0.0;4325011.0;0.0;3626454.0;718.0;480.0;3.0;12.0;275.0;157.0;0.0;2.0;3244076.0;623426.0;5867.0;451642.0;3270670.0;259606.0;0.0;96178.0
BLR;6.0;0.0;0.0;;-0.09034270102122882;5.3524302341462295;5.3011743490720455;4.305424428571472;-0.0026090001821668213;-0.0016738058832914033;-0.025632845493279755;0.00014672294481600794;0.06774136577085972;8871.0;5822.0;421.0;5306.0;3502.0;21.0;42.0;0.0;15365415.0;7421387.0;3997269.0;753345.0;3193414.0;0.0;576.0;188.0;321.0;623751.0;254529.0;730347.0;21.0;555.0;3.0;185.0;14027.0;609724.0;2501.0;252028.0;394.0;182.0;0.0;0.0;103.0;85.0;0.0;0.0;459396.0;164355.0;0.0;0.0;166710.0;87819.0;0.0;0.0
BLZ;;;;;-0.08415011988808227;5.293640459408166;5.265958677346557;4.318931933655415;-0.001954238427076285;-0.0013173925207726736;-0.02614959861870253;-0.0007958553558779141;0.07011935789960716;4088.0;2992.0;2992.0;2262.0;1784.0;1.0;41.0;0.0;18140389.0;2174537.0;15714716.0;7141.0;243995.0;0.0;360.0;150.0;228.0;1537130.0;387538.0;876398.0;291.0;69.0;118.0;32.0;1439839.0;97291.0;362785.0;24753.0;157.0;200.0;0.0;3.0;88.0;60.0;0.0;2.0;158565.0;1329350.0;0.0;49215.0;110399.0;255149.0;0.0;21990.0
BOL;;;;;-0.09641798857386824;5.3054533290177925;5.27501096328607;4.32542767725602;-0.0023589184852131524;-0.0015011345620342018;-0.02659534292879325;-0.0005896125003461837;0.07101503558882723;81288.0;16668.0;53689.0;39249.0;40918.0;55.0;1063.0;3.0;812985756.0;46586805.0;438302811.0;5913369.0;322182771.0;0.0;3711.0;2311.0;13711.0;21021598.0;4011178.0;292466869.0;1472.0;2239.0;1584.0;727.0;3578040.0;17443558.0;2605101.0;1406077.0;1697.0;1993.0;1.0;20.0;1301.0;1007.0;0.0;3.0;1957734.0;18823736.0;12703.0;227425.0;1039269.0;2903053.0;0.0;68856.0
BRA;20.0;0.0;0.0;-0.1690765752601996;-0.10205798942959615;5.284471242035733;5.2586795664304296;4.349649715593395;-0.0021111237174532434;-0.0015063793282100717;-0.025153518729482058;0.00017078383264056317;0.06813048285992111;1286611.0;259358.0;809618.0;750184.0;521337.0;2873.0;12196.0;21.0;14781290886.0;1558228836.0;1964618027.0;208286900.0;11050157123.0;0.0;67202.0;39549.0;50711.0;2597994873.0;485771252.0;1378030603.0;32950.0;34252.0;25170.0;14379.0;2381110933.0;216883940.0;411232157.0;74539095.0;39007.0;26784.0;251.0;1159.0;23436.0;15794.0;90.0;229.0;91150038.0;99046791.0;5676335.0;2402121709.0;58165084.0;144507355.0;1913282.0;281185531.0
BRB;;;;;-0.10559731071836244;5.324714317068762;5.303183890732823;4.32034488988397;-0.002866649040303244;-0.001963773041473211;-0.020441934790062226;-0.0006549675777116464;0.06654977405061559;11139.0;7671.0;7671.0;5713.0;5379.0;32.0;14.0;1.0;30059608.0;18053454.0;11059022.0;248954.0;698178.0;0.0;564.0;198.0;626.0;1094383.0;1484149.0;1329880.0;463.0;101.0;157.0;41.0;985721.0;108662.0;1392091.0;92058.0;266.0;297.0;1.0;0.0;112.0;83.0;1.0;1.0;873867.0;214727.0;5789.0;0.0;1373119.0;85267.0;22983.0;2780.0
BRN;0.0;0.0;0.0;;-0.10513207023012444;5.319424995553524;5.1948641468515735;4.398623800786505;-0.0015861204183134409;-0.0014442893984217523;-0.02635675759018311;-0.00010192474444324205;0.06596607066336271;11096.0;7616.0;0.0;6366.0;4702.0;18.0;10.0;0.0;5734961.0;3121856.0;1825485.0;211926.0;575694.0;0.0;560.0;153.0;394.0;233289.0;106374.0;182507.0;0.0;560.0;0.0;153.0;0.0;233289.0;0.0;106374.0;311.0;249.0;0.0;0.0;82.0;71.0;0.0;0.0;159191.0;74098.0;0.0;0.0;76018.0;30356.0;0.0;0.0
BTN;1.0;0.0;0.0;;-0.012661335036784842;5.368981145939638;5.344813384495691;4.2747791419665395;-0.0026466076895946774;-0.002055180173401646;-0.030109860246271908;-0.00021334148068175008;0.07016683966946624;2870.0;2108.0;0.0;1746.0;1061.0;3.0;60.0;0.0;7969011.0;2744457.0;3339120.0;4413.0;1881021.0;0.0;176.0;73.0;103.0;389009.0;97146.0;122838.0;0.0;176.0;0.0;73.0;0.0;389009.0;0.0;97146.0;95.0;76.0;0.0;5.0;54.0;18.0;0.0;1.0;104752.0;178517.0;0.0;105740.0;55563.0;20435.0;0.0;21148.0
BWA;;;;;-0.09610912874462055;5.308002642843879;5.271748212915264;4.313781986258981;-0.002235951970981666;-0.0015140396225391097;-0.02457571454131525;-1.654415570213054e-05;0.06673644026076823;22678.0;17727.0;17727.0;14743.0;7862.0;5.0;68.0;0.0;66020354.0;28960410.0;34152905.0;324222.0;2582817.0;0.0;1726.0;515.0;1357.0;3602845.0;2826110.0;4121263.0;1495.0;231.0;454.0;61.0;3254142.0;348703.0;2650169.0;175941.0;1238.0;482.0;0.0;6.0;360.0;155.0;0.0;0.0;2413310.0;1129377.0;0.0;60158.0;1668250.0;1157860.0;0.0;0.0
CAF;;;;;-0.06442847025240954;5.323527602596385;5.300970527787037;4.320477251033722;-0.0017621264234228655;-0.0012736014063050877;-0.024832440895848924;0.00015422129440654137;0.06857972147584379;47035.0;31682.0;3107.0;28091.0;18051.0;46.0;847.0;0.0;702303607.0;126992709.0;87441452.0;1487162.0;486382284.0;0.0;3115.0;810.0;4880.0;149131335.0;7360226.0;58624433.0;131.0;2984.0;30.0;780.0;2196341.0;146934994.0;20136.0;7340090.0;1592.0;1195.0;3.0;325.0;449.0;354.0;2.0;5.0;10714689.0;10593932.0;62715.0;127759999.0;2023195.0;834694.0;9882.0;4492455.0
CAN;64.0;0.0;8.0;-0.08134813401009433;-0.1234513326689195;5.309242025580602;5.288285467632982;4.281910362353581;-0.0018301117994013634;-0.0011309250055930441;-0.029938447337731718;-0.0003649590389640362;0.07239124113830618;1541515.0;1346215.0;1401948.0;852462.0;641039.0;14664.0;33340.0;10.0;11762959899.0;1961748262.0;2688630188.0;395040477.0;6717540972.0;0.0;151936.0;44165.0;97637.0;1736158840.0;161193961.0;1690626298.0;138164.0;13772.0;39109.0;5056.0;1695649692.0;40509148.0;147734316.0;13459645.0;81724.0;63142.0;2090.0;4980.0;25230.0;18534.0;119.0;282.0;185629994.0;175554956.0;31372473.0;1343601417.0;80675015.0;56279302.0;1237785.0;23001859.0
CHE;337.0;2.0;3.0;;-0.06277518516560988;5.332265806899296;5.303138554715852;4.296950832473801;-0.0015710691241650004;-0.000996233577214758;-0.02863267344238309;5.097891893776518e-05;0.07167856493576348;268213.0;124254.0;90862.0;144277.0;115794.0;1679.0;6460.0;3.0;6622283380.0;282130743.0;363413655.0;51655933.0;5925083049.0;0.0;16850.0;4731.0;16171.0;122285489.0;12954934.0;1247128288.0;3436.0;13414.0;1139.0;3592.0;7555119.0;114730370.0;1539221.0;11415713.0;8612.0;7798.0;222.0;218.0;2689.0;2026.0;9.0;7.0;20637013.0;24111123.0;1939728.0;75597625.0;6228049.0;5955567.0;101262.0;670056.0
CHL;8.0;0.0;0.0;;-0.0708604276278244;5.331914112813014;5.294415843337114;4.338935900937792;-0.0023505601582993318;-0.0016495625956359152;-0.02644965210683451;-0.0002121047003359798;0.06863776016257486;541051.0;76883.0;419859.0;328141.0;198739.0;3512.0;10654.0;5.0;14164986849.0;1311614058.0;881231173.0;121670823.0;11850470795.0;0.0;16238.0;9354.0;33611.0;398536538.0;26372221.0;3717332156.0;8126.0;8112.0;6103.0;3251.0;352013366.0;46523172.0;16619356.0;9752865.0;9235.0;5864.0;87.0;1052.0;5749.0;3541.0;53.0;11.0;132690472.0;17966348.0;4663133.0;243216585.0;12742548.0;9776063.0;1323754.0;2529856.0
CHN;80699.0;3097.0;57320.0;-0.02128336889860538;-0.01669570250984983;5.337548956109236;5.288079591415646;4.287715789806277;-0.0024480398049620115;-0.0018537136835611485;-0.02921337035222722;5.2316495494373896e-05;0.07142624390979296;315545.0;209976.0;12245.0;173317.0;113545.0;3373.0;25302.0;8.0;55491449222.0;248670217.0;406538951.0;752149332.0;54084090722.0;0.0;19470.0;5641.0;14366.0;148669161.0;20835808.0;6210723597.0;716.0;18754.0;200.0;5441.0;17591320.0;131077841.0;1601299.0;19234509.0;11786.0;6770.0;179.0;735.0;3914.0;1553.0;14.0;160.0;19360273.0;16359747.0;6715651.0;106233490.0;8174204.0;2557768.0;4741209.0;5362627.0
CIV;;;;;-0.1247734449834396;5.292841498375953;5.272954212537475;4.32662298742746;-0.0025115056352370017;-0.001673769166238291;-0.0269608643313975;-0.0006386733898959929;0.0680654141939353;30472.0;12735.0;9248.0;17799.0;12499.0;38.0;135.0;1.0;117261123.0;56414848.0;42052336.0;163938.0;18630001.0;0.0;1836.0;601.0;2089.0;6705083.0;1717903.0;11113027.0;322.0;1514.0;68.0;533.0;1157119.0;5547964.0;173388.0;1544515.0;1058.0;762.0;7.0;9.0;414.0;187.0;0.0;0.0;2201420.0;2480475.0;11445.0;2011743.0;1259256.0;458647.0;0.0;0.0
CMR;2.0;0.0;0.0;;-0.06569872346190968;5.3516325233162485;5.317551183152861;4.317038816190732;-0.0024496685054473458;-0.0016970388105332632;-0.026954018640536984;-0.0002597191494146924;0.06644966727866218;50312.0;20810.0;37945.0;27912.0;22159.0;91.0;150.0;0.0;102785820.0;46041921.0;40034303.0;6152098.0;10557498.0;0.0;2325.0;851.0;3165.0;4389186.0;1553970.0;5837550.0;1883.0;442.0;673.0;178.0;3898657.0;490529.0;1283383.0;270587.0;1360.0;957.0;1.0;7.0;505.0;345.0;0.0;1.0;2244169.0;1755469.0;26999.0;362549.0;1011307.0;444631.0;0.0;98032.0
COD;;;;;-0.005598472539753743;5.390465303810286;5.331470510421116;4.308736465577739;-0.002437449646848953;-0.0018714682293804288;-0.027019266490952022;-0.0003508592880049054;0.06605065495375322;54464.0;16538.0;21636.0;31249.0;22673.0;24.0;513.0;5.0;180067689.0;54313411.0;85054362.0;3063519.0;37636397.0;0.0;2550.0;910.0;2939.0;6178082.0;1977205.0;6271731.0;870.0;1680.0;248.0;662.0;2951120.0;3226962.0;647352.0;1329853.0;1465.0;1075.0;0.0;10.0;502.0;407.0;0.0;1.0;2416839.0;3652461.0;0.0;108782.0;1026034.0;949511.0;0.0;1660.0
COG;;;;;-0.03501876991959517;5.34322014739882;5.322198162400699;4.309327350539858;-0.002015667136907956;-0.0014443928713337806;-0.027493591336422565;-0.0006364773369408365;0.06805474250126735;10861.0;3958.0;2816.0;6579.0;4022.0;6.0;254.0;0.0;31452093.0;7947729.0;11437824.0;102462.0;11964078.0;0.0;610.0;177.0;743.0;1295139.0;316140.0;4390727.0;146.0;464.0;37.0;140.0;312000.0;983139.0;59156.0;256984.0;368.0;236.0;0.0;6.0;104.0;72.0;0.0;1.0;400527.0;685778.0;0.0;208834.0;131118.0;173931.0;0.0;11091.0
COL;1.0;0.0;0.0;;-0.12222625631295532;5.253622841151807;5.245716811717512;4.338971155035033;-0.0022728877876760567;-0.001399745975482484;-0.026623032372447633;-0.00023177937483790642;0.07037638006565217;735745.0;110320.0;538175.0;431779.0;293341.0;2763.0;7846.0;16.0;15834405268.0;868962744.0;1451623563.0;3768494589.0;9745324372.0;0.0;21007.0;17076.0;42750.0;74573467.0;48331021.0;7217928630.0;8230.0;12777.0;12973.0;4103.0;34355294.0;40218173.0;29099777.0;19231244.0;11650.0;9069.0;106.0;180.0;10160.0;6858.0;29.0;26.0;28097143.0;25672944.0;2605355.0;18198025.0;21248605.0;13421296.0;572635.0;13088485.0
COM;;;;;-0.09707068154249084;5.306815341838779;5.29008491415665;4.2947014959530865;-0.0017985638792754296;-0.001249051148035301;-0.025573597970182906;5.650029330181966e-05;0.07083260009232266;62048.0;38536.0;1850.0;30614.0;27466.0;1246.0;2716.0;6.0;1465753301.0;263902358.0;496669027.0;31987111.0;673194805.0;0.0;4394.0;2049.0;4077.0;388063852.0;51857658.0;139508399.0;62.0;4332.0;36.0;2013.0;293272.0;387770580.0;912928.0;50944730.0;2028.0;1593.0;168.0;605.0;1397.0;586.0;23.0;42.0;15066490.0;16712797.0;2362780.0;353921785.0;37201844.0;7921598.0;404465.0;6329751.0
CPV;;;;;-0.11997207538466677;5.271433418277706;5.267882535198599;4.366178104589115;-0.0027378037577695056;-0.001830970206151945;-0.02784498140358398;-0.0006192080585430776;0.07127819527082103;4951.0;991.0;320.0;4114.0;836.0;1.0;0.0;0.0;4848449.0;3775952.0;1071598.0;899.0;0.0;0.0;499.0;147.0;516.0;195897.0;63101.0;418793.0;6.0;493.0;7.0;140.0;3522.0;192375.0;2439.0;60662.0;478.0;21.0;0.0;0.0;140.0;7.0;0.0;0.0;187794.0;8103.0;0.0;0.0;60362.0;2739.0;0.0;0.0
CRI;5.0;0.0;0.0;;-0.13049532301967215;5.247362064996043;5.251285433712428;4.344990034113095;-0.0023121572327236242;-0.0016172175860056262;-0.02657444321117084;-6.088896974677994e-05;0.06926021691283267;68327.0;18204.0;43156.0;36180.0;31011.0;216.0;920.0;0.0;765747597.0;43794574.0;216152327.0;73271845.0;432528851.0;0.0;2778.0;1979.0;4045.0;6094263.0;6265554.0;295563341.0;838.0;1940.0;1104.0;875.0;1734434.0;4359829.0;1426094.0;4839460.0;1507.0;1265.0;5.0;1.0;964.0;1015.0;0.0;0.0;2039993.0;3941753.0;109127.0;3390.0;1237946.0;5027608.0;0.0;0.0
CUB;;;;;-0.0511325546798852;5.307088094378008;5.291916965883156;4.314685900359609;-0.0019174188536636033;-0.0012615140133908612;-0.028948881778713152;-0.00015222694982357988;0.07001128270285746;94263.0;14491.0;70075.0;58473.0;34452.0;95.0;1243.0;0.0;531899949.0;141032197.0;133300009.0;4191501.0;253376242.0;0.0;2369.0;3079.0;6100.0;34874454.0;13993379.0;40632677.0;1055.0;1314.0;2471.0;608.0;16546857.0;18327597.0;8246736.0;5746643.0;1320.0;949.0;0.0;100.0;1982.0;1078.0;1.0;18.0;2232905.0;4725020.0;0.0;27916529.0;5234812.0;4286842.0;778.0;4470947.0
CYP;0.0;0.0;0.0;;-0.11416053590266602;5.294265468351533;5.28661579649803;4.305420980149543;-0.0017245205722472598;-0.001050283802461671;-0.0271492244738475;0.0004450160265191085;0.06953440729061444;24358.0;18240.0;1287.0;14381.0;9815.0;26.0;136.0;0.0;197694643.0;40757991.0;139928018.0;326731.0;16681903.0;0.0;1369.0;659.0;1265.0;7584363.0;7354666.0;7166039.0;19.0;1350.0;16.0;643.0;54317.0;7530046.0;73286.0;7281380.0;768.0;596.0;1.0;4.0;322.0;337.0;0.0;0.0;1952192.0;4140939.0;17728.0;1473504.0;767861.0;6586805.0;0.0;0.0
CZE;31.0;0.0;0.0;;-0.11756917376879593;5.299262314376464;5.272727428937369;4.319746745121137;-0.002593031312397022;-0.0016727352156484417;-0.02782840214781365;-0.0007159602162164973;0.06980875709774671;36121.0;19976.0;5167.0;21135.0;14420.0;85.0;481.0;0.0;133801502.0;24946933.0;51036113.0;232775.0;57585681.0;0.0;2370.0;702.0;1457.0;4580756.0;1560765.0;4300537.0;231.0;2139.0;40.0;662.0;369217.0;4211539.0;64254.0;1496511.0;1409.0;925.0;24.0;12.0;354.0;344.0;0.0;4.0;2089937.0;2098634.0;31752.0;360433.0;584670.0;942963.0;0.0;33132.0
DEU;1040.0;0.0;18.0;-0.15241164709000643;-0.10888667246772446;5.308234283012673;5.290077853089468;4.308092986320835;-0.0021713396241836713;-0.0014827654109787329;-0.02890989731466666;-0.0005412104799807353;0.07124333013534419;950476.0;409341.0;318790.0;511004.0;407933.0;5237.0;26292.0;10.0;8726725766.0;893226936.0;949562340.0;91462398.0;6792474092.0;0.0;66753.0;19220.0;47008.0;1384766994.0;665160266.0;827341328.0;20100.0;46653.0;4854.0;14366.0;1094956530.0;289810464.0;616119915.0;49040351.0;35643.0;28897.0;287.0;1926.0;10035.0;7965.0;97.0;1123.0;75399985.0;74235104.0;2296397.0;1232835508.0;20289962.0;17656934.0;640660.0;626572710.0
DJI;;;;;-0.02936186828490047;5.346534494715836;5.322363981169664;4.326993649155298;-0.0010832063804941628;-0.0009728643419261266;-0.02647862867026609;0.0004975784790014441;0.06841605986015097;5123.0;1382.0;945.0;3065.0;2058.0;0.0;0.0;0.0;3002897.0;1913537.0;1089360.0;0.0;0.0;0.0;281.0;55.0;262.0;206933.0;58677.0;160117.0;30.0;251.0;3.0;52.0;26314.0;180619.0;3213.0;55464.0;163.0;118.0;0.0;0.0;32.0;23.0;0.0;0.0;104536.0;102397.0;0.0;0.0;37273.0;21404.0;0.0;0.0
DNK;35.0;0.0;1.0;;-0.1486232417246457;5.280825920032816;5.277078518256811;4.335127908423565;-0.004303261591704999;-0.0036318675770332432;-0.028165742239313604;-0.0022539674354746285;0.06802888725110812;68965.0;49470.0;5767.0;39835.0;28281.0;210.0;633.0;6.0;116640214.0;52887552.0;38073101.0;2788324.0;22891237.0;0.0;4567.0;1200.0;3616.0;9653854.0;1435060.0;10728528.0;126.0;4441.0;18.0;1182.0;1328008.0;8325846.0;7951.0;1427109.0;2856.0;1657.0;14.0;39.0;724.0;474.0;2.0;0.0;5133492.0;2400768.0;185006.0;1934588.0;859146.0;539038.0;36876.0;0.0
DOM;5.0;0.0;0.0;;-0.07638985527206824;5.277883530962156;5.255974839027432;4.33826202047755;-0.0022983044148684995;-0.001501317336089394;-0.024184888517201523;-0.0003446979968023139;0.06929321014887403;107853.0;11206.0;85180.0;66023.0;37159.0;120.0;4549.0;2.0;3896518871.0;182656824.0;362322089.0;5210302.0;3346329656.0;0.0;3230.0;3250.0;9830.0;14649236.0;9062704.0;727033438.0;1843.0;1387.0;2578.0;672.0;9528196.0;5121040.0;7879571.0;1183133.0;2164.0;1055.0;1.0;10.0;2053.0;1192.0;3.0;2.0;5546671.0;8296739.0;14012.0;791814.0;3678351.0;5177495.0;154527.0;52331.0
DZA;19.0;0.0;0.0;;-0.010288852156997994;5.341177529802869;5.2622165315900045;4.308159657097994;-0.0012242806118266897;-0.0008877349361632627;-0.03087629632359113;-0.000250090193849085;0.07369400559789534;30251.0;11335.0;772.0;17230.0;12220.0;40.0;761.0;0.0;375508420.0;20121501.0;182094068.0;1048080.0;172244771.0;0.0;1369.0;500.0;1900.0;6472442.0;11129544.0;103803466.0;28.0;1341.0;14.0;486.0;56709.0;6415733.0;89290.0;11040254.0;745.0;507.0;0.0;117.0;251.0;239.0;0.0;10.0;664461.0;1683485.0;0.0;4124496.0;177698.0;1181208.0;0.0;9770638.0
ECU;14.0;0.0;0.0;;-0.09344026232328728;5.276934320732717;5.245766995870848;4.304553515985847;-0.0013089732397217949;-0.0008147984722272712;-0.02571889104323764;0.00017457695738353418;0.0723687643050498;551994.0;37176.0;494311.0;336551.0;208848.0;780.0;5811.0;4.0;7761810030.0;515164527.0;2066100063.0;124581965.0;5055963475.0;0.0;11346.0;17336.0;45240.0;26775902.0;31244756.0;2736755992.0;6800.0;4546.0;15419.0;1917.0;18149344.0;8626558.0;27910059.0;3334697.0;7009.0;4295.0;24.0;18.0;10906.0;6373.0;12.0;45.0;9669220.0;12752097.0;1886090.0;2468495.0;15830407.0;8656453.0;546459.0;6211437.0
EGY;49.0;1.0;1.0;;-0.09281569778005533;5.296032763038042;5.267907021964351;4.332570269692666;-0.001960176929369479;-0.0014392345441268802;-0.02449036061971513;-4.6131667454785766e-05;0.06961887005214892;73940.0;43653.0;8971.0;45989.0;26654.0;339.0;954.0;4.0;852177296.0;93794279.0;167965131.0;4582013.0;585835873.0;0.0;5605.0;1658.0;4597.0;51697390.0;4431871.0;245656924.0;507.0;5098.0;281.0;1377.0;4494140.0;47203250.0;582885.0;3848986.0;3529.0;1873.0;20.0;183.0;1042.0;598.0;8.0;10.0;8875683.0;14408947.0;399676.0;28013084.0;1896990.0;1951338.0;25004.0;558539.0
ERI;;;;;-0.06467069641079735;5.382288948833958;5.311309009273214;4.309451592489526;-0.002877222495557648;-0.0020663912787898336;-0.02775393240813993;-0.0008729464978471646;0.06827177465383069;2541.0;1209.0;1230.0;1597.0;919.0;25.0;0.0;0.0;3680774.0;2690505.0;837644.0;152625.0;0.0;0.0;148.0;57.0;147.0;100220.0;175142.0;177674.0;97.0;51.0;27.0;30.0;58134.0;42086.0;155271.0;19871.0;103.0;43.0;2.0;0.0;32.0;25.0;0.0;0.0;58068.0;29942.0;12210.0;0.0;158863.0;16279.0;0.0;0.0
ESP;673.0;17.0;30.0;-0.13243444569647644;-0.10217877526029653;5.3045626847604215;5.279906124708828;4.322511943868134;-0.002372144952410797;-0.001685641641903548;-0.026727130795200265;-0.00031931475530433645;0.06998174276157289;2209520.0;259500.0;1771624.0;1271437.0;896749.0;9222.0;32105.0;7.0;23745681645.0;2528617079.0;3356875732.0;926589864.0;16933598970.0;0.0;106702.0;33596.0;113900.0;3019357191.0;145153420.0;4400298310.0;66387.0;40315.0;23798.0;9798.0;2822618997.0;196738194.0;105743987.0;39409433.0;60651.0;42576.0;521.0;2954.0;19788.0;13556.0;48.0;204.0;106659705.0;146846174.0;26707739.0;2739143573.0;46394776.0;24960633.0;3095324.0;70702687.0
EST;10.0;0.0;0.0;;-0.07304626612786157;5.359878554237709;5.313532002652879;4.337877411090615;-0.0029201744278723302;-0.0023179097488583806;-0.025312040301189727;-0.0008632943856902573;0.06692324671180112;28537.0;16256.0;148.0;14533.0;13743.0;67.0;192.0;2.0;82026418.0;16262150.0;29252292.0;146886.0;36365090.0;0.0;1568.0;625.0;1138.0;6769921.0;3039382.0;6830690.0;10.0;1558.0;1.0;624.0;9981.0;6759940.0;143.0;3039239.0;871.0;679.0;0.0;18.0;319.0;305.0;0.0;1.0;1050093.0;1808881.0;0.0;3910947.0;366184.0;2639706.0;0.0;33492.0
ETH;;;;;-0.05267419217814558;5.337127091421711;5.312949467096022;4.285642652902527;-0.001616799812332962;-0.0011447006296062317;-0.028223429920248493;9.009140047028161e-05;0.07128757682086385;36289.0;21392.0;226.0;19801.0;14909.0;1214.0;365.0;0.0;214979713.0;41462785.0;50290988.0;63963450.0;59262490.0;0.0;2453.0;678.0;1630.0;24194098.0;3871303.0;5074268.0;21.0;2432.0;2.0;676.0;185811.0;24008287.0;673.0;3870630.0;1316.0;923.0;187.0;27.0;381.0;273.0;23.0;1.0;4567289.0;2831065.0;11900635.0;4895109.0;725557.0;1786645.0;1254287.0;104814.0
FIN;23.0;0.0;1.0;-0.11466112103888115;-0.1112908898641016;5.292628974002742;5.273999781791251;4.319385917855213;-0.00246176474334718;-0.0017028846686439562;-0.029097826145218292;-0.000723826344813575;0.07062883997317672;91185.0;53416.0;6941.0;54824.0;35494.0;329.0;535.0;3.0;194207403.0;87261528.0;86905704.0;2605042.0;17435129.0;0.0;6497.0;2043.0;4238.0;17315004.0;6901420.0;8127846.0;448.0;6049.0;162.0;1881.0;834168.0;16480836.0;189554.0;6711866.0;4042.0;2420.0;12.0;23.0;1316.0;724.0;1.0;2.0;7261875.0;9378646.0;75638.0;598845.0;5071054.0;1807830.0;5716.0;16820.0
FJI;;;;;-0.12580914536450039;5.3002418473094215;5.292754866573504;4.277684364087483;-0.0014554388113773432;-0.0010083907275607912;-0.03143328637287681;-0.00037870648999318364;0.07186056696202583;11916.0;10193.0;10193.0;6574.0;5268.0;58.0;16.0;0.0;18747793.0;12805275.0;4116664.0;546871.0;1278983.0;0.0;962.0;434.0;425.0;1123330.0;689498.0;502481.0;796.0;166.0;347.0;87.0;1013190.0;110140.0;630648.0;58850.0;498.0;464.0;0.0;0.0;297.0;137.0;0.0;0.0;738510.0;384820.0;0.0;0.0;543280.0;146218.0;0.0;0.0
FRA;1126.0;19.0;12.0;-0.1538694593548271;-0.11270723588401453;5.307827981437315;5.278634571197154;4.340588094141114;-0.0027379303886649934;-0.0017540540225774745;-0.026497549882254265;-0.0004756506618016278;0.06816291895251742;2850849.0;503679.0;2038574.0;1633323.0;1174660.0;8366.0;34467.0;33.0;26533117442.0;2072464194.0;2298434158.0;3759811929.0;18402407161.0;0.0;157576.0;52457.0;131172.0;5152353027.0;122589340.0;4886587915.0;98250.0;59326.0;33792.0;18665.0;4932541589.0;219811438.0;48549233.0;74040107.0;88500.0;64084.0;870.0;4121.0;30742.0;21373.0;100.0;242.0;148400994.0;139734312.0;1635361617.0;3228856104.0;66022698.0;40639366.0;2387320.0;13539956.0
GAB;;;;;-0.06168039702525786;5.319584440801317;5.296893517502382;4.313733968252122;-0.002228218876596103;-0.0013651451287775688;-0.027557695922855036;-0.0003868003620727972;0.06561227648242529;9428.0;3662.0;2251.0;5622.0;3803.0;0.0;3.0;0.0;17143178.0;7371956.0;9585958.0;0.0;185264.0;0.0;356.0;192.0;470.0;596782.0;552671.0;631451.0;79.0;277.0;21.0;171.0;49342.0;547440.0;9387.0;543284.0;196.0;160.0;0.0;0.0;99.0;93.0;0.0;0.0;237199.0;359583.0;0.0;0.0;113939.0;438732.0;0.0;0.0
GBR;273.0;3.0;18.0;-0.15423203522160944;-0.10340505161871774;5.335989046300454;5.320324816966049;4.286899887122351;-0.002154073869790815;-0.0014393807620141804;-0.02699757206553262;-0.0005315884929340881;0.07033734008114273;2856850.0;2473993.0;2474829.0;1615998.0;1157468.0;20703.0;62632.0;49.0;64243887335.0;3211361170.0;3314399524.0;5050826115.0;52667300526.0;0.0;242705.0;76984.0;132803.0;27391780428.0;4562103788.0;4016722047.0;214396.0;28309.0;68367.0;8617.0;25663289876.0;1728490552.0;4534534401.0;27569387.0;133586.0;96974.0;2970.0;9172.0;41008.0;29685.0;282.0;6008.0;330965807.0;489169605.0;3714668407.0;22856976609.0;117341473.0;88744350.0;13000274.0;4343017691.0
GEO;13.0;0.0;0.0;;-0.09641020937300182;5.272465092621136;5.252458124919199;4.294774146801558;-0.001431770165581109;-0.0008949730470590486;-0.02850792247495089;0.00021438984998581244;0.07355928904632385;17499.0;11349.0;29.0;2950.0;14504.0;22.0;20.0;3.0;15787485.0;3876015.0;8191957.0;226654.0;3492859.0;0.0;1148.0;362.0;1029.0;906757.0;228125.0;705724.0;0.0;1148.0;1.0;361.0;0.0;906757.0;235.0;227890.0;210.0;937.0;1.0;0.0;84.0;278.0;0.0;0.0;273567.0;625510.0;7680.0;0.0;97389.0;130736.0;0.0;0.0
GHA;;;;;-0.06540248704824021;5.291933422829449;5.2887713443317175;4.313608113442812;-0.001283304311630563;-0.0010017513187903623;-0.022552984916202903;0.0008906514909375902;0.06789046838809948;100054.0;84284.0;84284.0;62459.0;36622.0;116.0;857.0;0.0;713108016.0;149770112.0;277703378.0;1789404.0;283845122.0;0.0;6371.0;2331.0;7325.0;19969877.0;5840951.0;171120023.0;5680.0;691.0;1878.0;453.0;18992619.0;977258.0;5017201.0;823750.0;4069.0;2271.0;6.0;25.0;1477.0;851.0;0.0;3.0;8282231.0;9026749.0;92564.0;2568333.0;3653971.0;1862303.0;0.0;324677.0
GIN;;;;;-0.08177053908441066;5.314804777860506;5.290102732426355;4.321809438759397;-0.0023725802430525833;-0.0016821730557015154;-0.026477230517231026;-0.00023340916609562224;0.06711909378540948;14837.0;6356.0;4042.0;7794.0;7020.0;3.0;20.0;0.0;32860447.0;11597335.0;21214271.0;9184.0;39657.0;0.0;754.0;1255.0;756.0;2167292.0;941506.0;1491976.0;150.0;604.0;57.0;1198.0;667933.0;1499359.0;261725.0;679781.0;414.0;340.0;0.0;0.0;125.0;1130.0;0.0;0.0;671502.0;1495790.0;0.0;0.0;342184.0;599322.0;0.0;0.0
GMB;;;;;0.0872479945826269;5.400188276443029;5.3661616919799675;4.2087202158773165;-0.0010387151827635484;-0.0006785260498096712;-0.031721888836583716;0.00012341532365164534;0.06685244583280854;792.0;487.0;487.0;514.0;264.0;0.0;14.0;0.0;1325886.0;401528.0;285678.0;0.0;638680.0;0.0;50.0;10.0;33.0;47554.0;7412.0;21035.0;34.0;16.0;4.0;6.0;37719.0;9835.0;6148.0;1264.0;35.0;15.0;0.0;0.0;10.0;0.0;0.0;0.0;25226.0;22328.0;0.0;0.0;7412.0;0.0;0.0;0.0
GNB;;;;;-0.08898354532351567;5.32416710178529;5.279553106592126;4.321577643407661;-0.0025891777700448467;-0.0015298705708482643;-0.02634559886211295;-0.0008927470856346302;0.07168681869780584;7414.0;3276.0;204.0;4490.0;2919.0;1.0;4.0;0.0;12881867.0;8062512.0;4657962.0;136813.0;24580.0;0.0;676.0;175.0;249.0;1499904.0;424089.0;397319.0;4.0;672.0;6.0;169.0;9214.0;1490690.0;2704.0;421385.0;568.0;108.0;0.0;0.0;109.0;66.0;0.0;0.0;1238292.0;261612.0;0.0;0.0;288307.0;135782.0;0.0;0.0
GNQ;;;;;-0.08764625298375742;5.28590893316651;5.265600910696047;4.282752168546947;-0.002510285729330441;-0.0017294768553455355;-0.031867668733734505;-0.0014539009818210762;0.07084631853347878;2251.0;1109.0;825.0;1396.0;824.0;21.0;10.0;0.0;7311071.0;981354.0;5839855.0;475052.0;14810.0;0.0;115.0;29.0;166.0;448058.0;32093.0;400968.0;26.0;89.0;7.0;22.0;14630.0;433428.0;2738.0;29355.0;65.0;49.0;1.0;0.0;14.0;13.0;0.0;2.0;59810.0;275639.0;112609.0;0.0;12006.0;17125.0;0.0;2962.0
GRC;73.0;0.0;0.0;;-0.09904621263465956;5.305670709149239;5.2805266911388555;4.325304895277502;-0.0020632086954759793;-0.0013794665753675036;-0.026551560634239843;-0.00019834474259233803;0.06990669080086133;100273.0;61029.0;11150.0;54589.0;42676.0;1459.0;1547.0;2.0;488479166.0;125001152.0;213683267.0;22026527.0;127768220.0;0.0;7531.0;2512.0;5163.0;27674822.0;8364004.0;25884130.0;236.0;7295.0;41.0;2471.0;1272873.0;26401949.0;177429.0;8186575.0;3981.0;3164.0;318.0;68.0;1521.0;968.0;9.0;14.0;13163296.0;7466356.0;3507213.0;3537957.0;4720768.0;1898599.0;88861.0;1655776.0
GTM;;;;;-0.13185148435998045;5.2673144268689445;5.2578987974010385;4.326262792964225;-0.0019421576246740114;-0.0010536970492095296;-0.028745856612377146;-0.0004579454223589083;0.07015262680067462;79011.0;16986.0;57042.0;45420.0;31234.0;329.0;2025.0;3.0;2184256223.0;450719549.0;697955864.0;26379665.0;1009201145.0;0.0;2647.0;3068.0;4230.0;6223722.0;8234532.0;418517246.0;971.0;1676.0;2305.0;763.0;3006765.0;3216957.0;5820384.0;2414148.0;1568.0;1063.0;6.0;8.0;1701.0;1351.0;0.0;16.0;2964362.0;2206513.0;48017.0;1004830.0;2677747.0;2063187.0;0.0;3493598.0
GUY;;;;;-0.10037994016229237;5.322608389659725;5.302112957950084;4.314826824428736;-0.0032447498506636887;-0.0020530438859576385;-0.02835957294186853;-0.0005672135189671825;0.06794202821932742;5240.0;3410.0;3410.0;3570.0;1602.0;1.0;67.0;0.0;7767648.0;4876073.0;2338602.0;10347.0;542626.0;0.0;490.0;118.0;328.0;867021.0;188006.0;495290.0;258.0;232.0;80.0;38.0;451722.0;415299.0;115044.0;72962.0;374.0;105.0;0.0;11.0;90.0;26.0;0.0;2.0;613497.0;160156.0;0.0;93368.0;133297.0;37733.0;0.0;16976.0
HKG;114.0;3.0;58.0;-0.06829101148666772;-0.21473469763100128;5.149792660797905;5.182042396512478;4.330997961742264;-0.0013628569932918125;-0.0006934990320611454;-0.03276406254854887;0.00042968315331099756;0.0752016877224307;497557.0;431329.0;451077.0;270832.0;209673.0;4639.0;12410.0;3.0;3361138853.0;315255876.0;505469956.0;65138016.0;2475275005.0;0.0;54588.0;8309.0;20268.0;1516607282.0;26409091.0;98405768.0;49847.0;4741.0;7798.0;511.0;1492436231.0;24171051.0;25439381.0;969710.0;28518.0;21554.0;1034.0;3482.0;4744.0;3414.0;44.0;107.0;31873182.0;74978086.0;12443220.0;1397312794.0;6769452.0;16223485.0;412799.0;3003355.0
HND;;;;;-0.1151012754203691;5.246894662306592;5.242245864774411;4.349699373114553;-0.002189437600102915;-0.001241861563106842;-0.024873105911653714;-0.00041572636466876616;0.06697772607873999;48126.0;6240.0;38567.0;26878.0;19639.0;438.0;1169.0;2.0;1021363667.0;161164504.0;424543486.0;60413059.0;375242618.0;0.0;1183.0;1379.0;3422.0;1486364.0;1749229.0;176629341.0;593.0;590.0;1112.0;267.0;903074.0;583290.0;1271369.0;477860.0;753.0;429.0;0.0;1.0;947.0;430.0;0.0;0.0;847635.0;618246.0;0.0;20483.0;932438.0;816791.0;0.0;0.0
HRV;12.0;0.0;0.0;;-0.10437331394396948;5.318020182374541;5.285902881513458;4.308879638853465;-0.002143227566954917;-0.0012797891481822858;-0.029254196682967186;-0.0001271119129162364;0.06888663287081509;22574.0;13356.0;0.0;11306.0;10981.0;23.0;262.0;2.0;49329861.0;11232449.0;33169861.0;250695.0;4676856.0;0.0;1253.0;496.0;1045.0;1752953.0;542540.0;2260445.0;0.0;1253.0;0.0;496.0;0.0;1752953.0;0.0;542540.0;615.0;632.0;2.0;4.0;260.0;236.0;0.0;0.0;558967.0;1122224.0;20337.0;51425.0;188822.0;353718.0;0.0;0.0
HTI;;;;;-0.10737590502312098;5.320377051110461;5.294173164221965;4.306011956573557;-0.0026935461118047306;-0.0017984002844789934;-0.02810442257718844;-0.0004437366540778131;0.06871452671715234;66679.0;23340.0;31651.0;39848.0;26230.0;84.0;517.0;0.0;379077481.0;87859020.0;152755856.0;21235769.0;117226836.0;0.0;3528.0;1367.0;4075.0;21703790.0;14365192.0;26292516.0;1200.0;2328.0;423.0;944.0;9065719.0;12638071.0;1578803.0;12786389.0;2055.0;1433.0;4.0;36.0;814.0;523.0;25.0;5.0;4357665.0;9481817.0;108924.0;7755384.0;1532225.0;2694589.0;9648684.0;489694.0
HUN;7.0;0.0;0.0;;-0.0654211252738769;5.340302285653851;5.298318924473007;4.328498577951248;-0.0018847013211042997;-0.0013484449658004638;-0.026616047842292583;-1.4493392613860177e-06;0.06944545781096183;73709.0;29458.0;291.0;45770.0;26829.0;201.0;906.0;3.0;1036052927.0;73242372.0;187286944.0;10212389.0;765311222.0;0.0;3904.0;1869.0;3912.0;9606897.0;4916650.0;434718849.0;29.0;3875.0;3.0;1866.0;38998.0;9567899.0;5574.0;4911076.0;2584.0;1293.0;17.0;10.0;1301.0;556.0;10.0;2.0;4311838.0;2061734.0;1065336.0;2167989.0;2868184.0;939820.0;680232.0;428414.0
IDN;6.0;0.0;0.0;-0.13633317348077034;-0.0006629951144947666;5.436971990050395;5.346977290499646;4.318750983322309;-0.001683224893005331;-0.00193451195569374;-0.024961946405804875;-0.0002998902095962647;0.06705350308628932;1221432.0;603832.0;0.0;790877.0;417097.0;2235.0;11080.0;143.0;30625070627.0;969684226.0;2776800273.0;2866539826.0;24012046302.0;0.0;63328.0;21340.0;43856.0;187090704.0;81559273.0;5787480243.0;0.0;63328.0;0.0;21340.0;0.0;187090704.0;0.0;81559273.0;41321.0;21413.0;135.0;459.0;13303.0;7975.0;31.0;31.0;51072672.0;76757805.0;7826040.0;51434187.0;16993798.0;59416836.0;723606.0;4425033.0
IND;39.0;0.0;3.0;-0.09915228964689093;-0.04439383144807961;5.335673024743294;5.306087322155791;4.300360287486019;-0.0011250994983627507;-0.0008027048337286518;-0.02905511497775762;0.0003295952040655149;0.07121208057308195;2017240.0;1497736.0;1609236.0;1115047.0;828792.0;16479.0;56881.0;41.0;92851184859.0;2136001751.0;2706297536.0;16758629771.0;71250255801.0;0.0;118161.0;42365.0;79722.0;16762434281.0;9479130158.0;3842049239.0;97993.0;20168.0;36210.0;6155.0;16428700240.0;333734041.0;9241853271.0;237276887.0;64660.0;46453.0;1125.0;5919.0;22885.0;17336.0;681.0;1463.0;150349818.0;141507270.0;163861865.0;16306715328.0;61667768.0;53170846.0;5904772530.0;3459519014.0
IRL;19.0;0.0;0.0;-0.12568887748817104;-0.05804994643095527;5.393022429132646;5.360350423428587;4.244281472636749;-0.0022852133106882394;-0.0014072528378116574;-0.02918616184153786;-0.00042004017055443976;0.0720832981794018;217923.0;191664.0;191664.0;119023.0;88781.0;3231.0;6887.0;1.0;1783788561.0;238467486.0;207455191.0;154709082.0;1183156802.0;0.0;17570.0;3577.0;9522.0;343776097.0;8775398.0;154016077.0;15590.0;1980.0;2911.0;666.0;339103674.0;4672423.0;7794333.0;981065.0;9001.0;7387.0;227.0;955.0;2035.0;1508.0;15.0;19.0;18101471.0;19107922.0;2881186.0;303685518.0;4750842.0;3019918.0;230601.0;774037.0
IRN;6566.0;194.0;2134.0;;-0.11560731830328742;5.277352126916319;5.258322724042874;4.321279716909191;-0.0016665564244656174;-0.0009961960395676837;-0.027500155249195194;0.00022945728828745255;0.06899859362208904;79836.0;38799.0;16743.0;45798.0;32620.0;485.0;930.0;3.0;319171028.0;75667096.0;100481043.0;28623092.0;114399797.0;0.0;4101.0;1513.0;3006.0;20416344.0;41858304.0;11935960.0;639.0;3462.0;151.0;1362.0;1230620.0;19185724.0;377031.0;41481273.0;2454.0;1472.0;98.0;77.0;857.0;480.0;0.0;176.0;3952450.0;2466432.0;5127952.0;8869510.0;2381230.0;570443.0;0.0;38906631.0
IRQ;60.0;6.0;0.0;;-0.10170028352863611;5.293318489984265;5.276574496758157;4.292354757598501;-0.0018220005314916559;-0.0010187803781844282;-0.026352732990371525;-0.0001161639124128705;0.07098680283239023;22205.0;13749.0;3207.0;12259.0;9536.0;49.0;361.0;0.0;138545524.0;21152159.0;46162940.0;1233397.0;69997028.0;0.0;1230.0;478.0;693.0;21241897.0;845045.0;1782329.0;65.0;1165.0;71.0;407.0;127642.0;21114255.0;80395.0;764650.0;718.0;461.0;3.0;48.0;277.0;200.0;0.0;1.0;1006042.0;3993114.0;50293.0;16192448.0;462955.0;336643.0;0.0;45447.0
ISL;50.0;0.0;0.0;;-0.10945449774394173;5.31925315368118;5.287833932174889;4.329750868559295;-0.0033359622544848425;-0.0019923420872628023;-0.025552872340556004;-0.0007090089230969567;0.06705968256660795;24492.0;16442.0;574.0;14076.0;10255.0;36.0;125.0;0.0;54456753.0;20389963.0;17545290.0;1467551.0;15053949.0;0.0;1655.0;530.0;1415.0;3365894.0;1065299.0;2675564.0;15.0;1640.0;1.0;529.0;13992.0;3351902.0;278.0;1065021.0;994.0;649.0;0.0;12.0;314.0;214.0;1.0;1.0;1375932.0;1720796.0;0.0;269166.0;671510.0;354890.0;1935.0;36964.0
ISR;39.0;0.0;2.0;;-0.14473711899877714;5.304854764977868;5.275332590146465;4.2937373037879905;-0.001810054028210617;-0.0012602999182409935;-0.026483550677791744;-0.00042274737806624797;0.0732241104169829;30881.0;20287.0;0.0;14235.0;15823.0;189.0;633.0;1.0;109388381.0;28979083.0;53869055.0;2347950.0;24192293.0;0.0;3967.0;928.0;1263.0;13202439.0;3290128.0;9379144.0;0.0;3967.0;0.0;928.0;0.0;13202439.0;0.0;3290128.0;994.0;2921.0;23.0;29.0;349.0;555.0;16.0;8.0;1949771.0;10304483.0;272210.0;675975.0;969470.0;2095047.0;83624.0;141987.0
ITA;7375.0;366.0;622.0;-0.1326556687109911;-0.08336813741594708;5.3220765980723215;5.2885042916314235;4.31973381711665;-0.0021706730567454717;-0.0015123653167243806;-0.02638423447061653;-0.0003271603819872362;0.06967287559216308;2024433.0;383243.0;1391572.0;1111644.0;876318.0;6885.0;29565.0;21.0;23812626496.0;2337299083.0;2900835394.0;299500075.0;18274991944.0;0.0;103696.0;35766.0;142851.0;4440528151.0;271329750.0;3621694590.0;53611.0;50085.0;20579.0;15187.0;4252266017.0;188262134.0;208229072.0;63100678.0;54317.0;45833.0;746.0;2800.0;19727.0;15947.0;45.0;47.0;123977770.0;126361718.0;27521756.0;4162666907.0;47306396.0;215370579.0;2857871.0;5794904.0
JAM;;;;;-0.10403680892774879;5.314322268990055;5.289216179936525;4.281415233830155;-0.002933601839192335;-0.002394296816662788;-0.026294290612622846;8.151173801984383e-06;0.06863355558082333;44393.0;36823.0;36823.0;24747.0;18923.0;574.0;149.0;0.0;165686710.0;52193584.0;104643676.0;2172284.0;6677166.0;0.0;3093.0;815.0;2799.0;7493610.0;1829316.0;16876292.0;2687.0;406.0;700.0;115.0;6556652.0;936958.0;1622867.0;206449.0;1784.0;1263.0;32.0;14.0;451.0;336.0;9.0;19.0;4300428.0;2831118.0;120737.0;241327.0;889993.0;572090.0;30591.0;336642.0
JOR;1.0;0.0;0.0;;-0.0920764296470506;5.325895386258019;5.286913834569211;4.295382817322493;-0.002150281282081548;-0.0010652995437656465;-0.026249172424472535;-0.0005417853433650754;0.06873248305741175;13573.0;9333.0;1334.0;8037.0;4851.0;195.0;489.0;1.0;63378636.0;15191797.0;15241779.0;1637173.0;31307887.0;0.0;829.0;243.0;755.0;6778640.0;1338621.0;3383022.0;58.0;771.0;8.0;235.0;84849.0;6693791.0;23170.0;1315451.0;498.0;280.0;15.0;36.0;145.0;82.0;9.0;7.0;670119.0;2311672.0;145445.0;3651404.0;340253.0;176477.0;89271.0;732620.0
JPN;1198.0;12.0;116.0;-0.1333808903538628;-0.07007390572436539;5.317452414316733;5.273563365834209;4.284194373515278;-0.0014079119982894316;-0.001014396671016389;-0.02932682245561819;-3.8382255064142184e-05;0.072475182813452;542822.0;208816.0;229374.0;300630.0;234067.0;1460.0;6661.0;4.0;1910682628.0;443981311.0;609285831.0;25972468.0;831443018.0;0.0;75437.0;10294.0;28930.0;372723238.0;25747464.0;173294548.0;39822.0;35615.0;3672.0;6622.0;201250919.0;171472319.0;10252599.0;15494865.0;40409.0;32821.0;237.0;1970.0;5653.0;4587.0;8.0;46.0;66952238.0;86484867.0;2989441.0;216296692.0;9648742.0;12034211.0;77721.0;3986790.0
KAZ;;;;;-0.03512403498734609;5.391750405508342;5.334970165854476;4.326703720930912;-0.002469178243944355;-0.0018130699543757961;-0.025680294432475468;0.00025094137442803027;0.06423444730681652;25954.0;12008.0;329.0;16150.0;9664.0;12.0;128.0;0.0;44133151.0;19399289.0;16942226.0;56105.0;7735531.0;0.0;1256.0;511.0;996.0;1614246.0;1175296.0;1432248.0;8.0;1248.0;1.0;510.0;1359.0;1612887.0;112.0;1175184.0;798.0;456.0;0.0;2.0;324.0;186.0;0.0;1.0;893888.0;678142.0;0.0;42216.0;834765.0;318651.0;0.0;21880.0
KEN;;;;;-0.11851343861404134;5.235971563228655;5.2566454096784865;4.297587558095247;-0.0011548035836168246;-0.0007656980889822264;-0.024018127513146928;0.0007657266701629168;0.06960400415481752;220234.0;201156.0;201156.0;132370.0;79048.0;4358.0;4457.0;1.0;6558214611.0;521269663.0;698469581.0;1890278194.0;3448197173.0;0.0;12402.0;3925.0;15946.0;180695322.0;32840513.0;1465929388.0;11555.0;847.0;3581.0;344.0;173333264.0;7362058.0;31052247.0;1788266.0;7745.0;4235.0;157.0;265.0;2663.0;1202.0;34.0;26.0;30864948.0;24391304.0;50856593.0;74582477.0;8023049.0;5853521.0;13360098.0;5603845.0
KGZ;;;;;0.022521326502224624;5.43522777681761;5.355388195584573;4.275294416139292;-0.0005492818794056628;-0.0006406257743749504;-0.029381991252453867;9.357316192372476e-05;0.071017759670595;3371.0;1469.0;286.0;1954.0;1349.0;38.0;30.0;0.0;4136779.0;1416248.0;1808108.0;372208.0;540215.0;0.0;167.0;53.0;92.0;184557.0;30476.0;75638.0;10.0;157.0;1.0;52.0;2695.0;181862.0;3207.0;27269.0;91.0;72.0;4.0;0.0;32.0;21.0;0.0;0.0;63388.0;81177.0;39992.0;0.0;12813.0;17663.0;0.0;0.0
KHM;2.0;0.0;1.0;;-0.01505903247594254;5.387019207619652;5.328501074330229;4.281681115100391;-0.0009471077145949336;-0.0006150482911182415;-0.02688315838438741;0.0004624888038706981;0.07192839444136373;13582.0;10752.0;191.0;7171.0;5969.0;113.0;329.0;0.0;60786724.0;6772585.0;13798912.0;1993162.0;38222065.0;0.0;936.0;266.0;646.0;2348698.0;316926.0;7494673.0;0.0;936.0;0.0;266.0;0.0;2348698.0;0.0;316926.0;453.0;450.0;13.0;20.0;157.0;109.0;0.0;0.0;381296.0;1138775.0;232602.0;596025.0;63001.0;253925.0;0.0;0.0
KOR;7314.0;50.0;135.0;-0.09270571239609149;0.0479757268963579;5.4681282898605765;5.381978570017498;4.311701128479082;-0.0013760416582168896;-0.0010056211331844023;-0.028909276847928173;0.0004502295787716958;0.06889368206937412;204979.0;108563.0;127596.0;114340.0;85841.0;1060.0;3727.0;11.0;583556954.0;139818428.0;157836550.0;31520310.0;254381666.0;0.0;16294.0;4930.0;7377.0;142108360.0;8465823.0;18550260.0;11429.0;4865.0;4151.0;779.0;130197193.0;11911167.0;7239939.0;1225884.0;7873.0;6945.0;139.0;1336.0;2923.0;1994.0;2.0;11.0;13709245.0;21264689.0;3461297.0;103673129.0;3790785.0;3104327.0;52118.0;1518593.0
KWT;64.0;0.0;1.0;;-0.07970851019800446;5.294195953048295;5.256825573149135;4.29145222217305;-0.001067124564862926;-0.0007516237951899172;-0.021686432165437936;0.0003268087976500913;0.06941658832974712;23349.0;10874.0;9999.0;14078.0;8058.0;214.0;999.0;0.0;229114472.0;30422897.0;91477939.0;5930713.0;101282923.0;0.0;1120.0;354.0;1031.0;5318445.0;701341.0;4053524.0;245.0;875.0;74.0;280.0;3038733.0;2279712.0;303797.0;397544.0;696.0;399.0;4.0;21.0;250.0;103.0;1.0;0.0;1295564.0;2724744.0;198976.0;1099161.0;360032.0;326269.0;15040.0;0.0
LAO;;;;;-0.14029579260330627;5.302583118168638;5.288664226438971;4.325008094192804;-0.004203634432966426;-0.002406010232327145;-0.027729966983246035;-0.0017303980676353847;0.06609511026689824;16490.0;11768.0;29.0;7990.0;8016.0;201.0;283.0;0.0;59812556.0;15177051.0;21185586.0;5132323.0;18317596.0;0.0;1105.0;318.0;756.0;3908314.0;1091020.0;1612140.0;2.0;1103.0;0.0;318.0;389.0;3907925.0;0.0;1091020.0;396.0;674.0;16.0;19.0;154.0;155.0;4.0;5.0;452577.0;1309443.0;508222.0;1638072.0;564178.0;317254.0;60504.0;149084.0
LBN;32.0;0.0;1.0;;-0.058818238941642564;5.31550661642336;5.291797116631435;4.2927642489403715;-0.0015588675252898017;-0.0010357755574558127;-0.0254782056087267;0.00025224441146405965;0.07029415236785995;41760.0;27185.0;8014.0;21703.0;18040.0;480.0;1535.0;2.0;363848985.0;64498365.0;58002440.0;33285984.0;208062196.0;0.0;2298.0;781.0;2103.0;11517086.0;2047281.0;62613240.0;260.0;2038.0;60.0;721.0;595636.0;10921450.0;73961.0;1973320.0;1358.0;888.0;18.0;34.0;435.0;329.0;3.0;12.0;6502438.0;3116736.0;183233.0;1714679.0;783262.0;675482.0;113858.0;474679.0
LBR;;;;;-0.06947788818556759;5.345244536199537;5.305940158710046;4.315284971589859;-0.002479732632796712;-0.0016723807727052407;-0.02851521502526488;-0.000742195197371338;0.06780726138627607;21966.0;11863.0;11863.0;12962.0;8987.0;13.0;4.0;0.0;29228127.0;21934834.0;7196922.0;51795.0;44576.0;0.0;1230.0;432.0;838.0;2198325.0;668298.0;1206407.0;814.0;416.0;337.0;95.0;1903769.0;294556.0;582871.0;85427.0;744.0;484.0;2.0;0.0;260.0;172.0;0.0;0.0;1703681.0;489152.0;5492.0;0.0;517480.0;150818.0;0.0;0.0
LBY;;;;;-0.09845070070101765;5.307774702213033;5.272090959099663;4.326417445571122;-0.0014830166819707654;-0.0006756024843154587;-0.02407739877562702;0.0007769809577552621;0.06999546897827968;7160.0;4815.0;850.0;4656.0;2426.0;12.0;66.0;0.0;38250675.0;14434171.0;9270729.0;220801.0;14324974.0;0.0;873.0;274.0;360.0;3676325.0;1398660.0;8110238.0;43.0;830.0;23.0;251.0;1240123.0;2436202.0;30182.0;1368478.0;710.0;162.0;1.0;0.0;246.0;27.0;1.0;0.0;2030696.0;1620370.0;25259.0;0.0;1352805.0;20596.0;25259.0;0.0
LKA;1.0;0.0;1.0;;-0.04248244211786284;5.30847713771298;5.273324402761997;4.302833890667948;-0.0008185976548154222;-0.0003357748298329418;-0.02493453146089694;0.0006127337382582699;0.07157255842888181;49278.0;37591.0;3281.0;25666.0;23077.0;122.0;413.0;0.0;118273003.0;37757489.0;61513367.0;5298528.0;13703619.0;0.0;2891.0;1029.0;2843.0;6546995.0;1700467.0;16049280.0;41.0;2850.0;11.0;1018.0;73250.0;6473745.0;35978.0;1664489.0;1864.0;995.0;18.0;14.0;661.0;367.0;0.0;1.0;2973951.0;2040554.0;1159182.0;373308.0;1024520.0;669078.0;0.0;6869.0
LSO;;;;;-0.048749603881532745;5.364818155824374;5.323905166815633;4.316558904551126;-0.0022790635729761644;-0.0022226569166901218;-0.02356268905476726;0.0006597903728999229;0.062321208878070765;3228.0;2042.0;2042.0;1693.0;1529.0;2.0;3.0;1.0;4094733.0;2256964.0;1828856.0;7590.0;1323.0;0.0;177.0;66.0;181.0;281658.0;99176.0;245101.0;109.0;68.0;51.0;15.0;252906.0;28752.0;67017.0;32159.0;100.0;77.0;0.0;0.0;30.0;36.0;0.0;0.0;193247.0;88411.0;0.0;0.0;63751.0;35425.0;0.0;0.0
LTU;1.0;0.0;0.0;;-0.12601367715968428;5.259620340907351;5.257122166895231;4.362465228909492;-0.003675007025689263;-0.0022541350999938296;-0.02109828042944809;-0.001179582726016446;0.06672372426553681;14811.0;11144.0;163.0;7971.0;6804.0;10.0;26.0;0.0;15814096.0;7340189.0;7743798.0;346642.0;383467.0;0.0;873.0;318.0;967.0;747921.0;214291.0;925724.0;8.0;865.0;4.0;314.0;1970.0;745951.0;1484.0;212807.0;518.0;355.0;0.0;0.0;140.0;178.0;0.0;0.0;437175.0;310746.0;0.0;0.0;123372.0;90919.0;0.0;0.0
LUX;3.0;0.0;0.0;;-0.07872477069798141;5.328903982272691;5.298189957713117;4.280992580565446;-0.0016935035324190891;-0.0011452153383863012;-0.026969927355169437;-8.782250280845123e-05;0.06953417425470805;16178.0;8019.0;3921.0;9473.0;6287.0;63.0;355.0;0.0;70235122.0;41853737.0;13355323.0;434150.0;14591912.0;0.0;928.0;300.0;956.0;3066401.0;3494903.0;4281256.0;154.0;774.0;77.0;223.0;182058.0;2884343.0;66933.0;3427970.0;578.0;350.0;0.0;0.0;203.0;97.0;0.0;0.0;2182479.0;883922.0;0.0;0.0;3398082.0;96821.0;0.0;0.0
LVA;2.0;0.0;0.0;;-0.10942370197283748;5.311768444514754;5.273005608099253;4.319978880541556;-0.002688620995557002;-0.0017686302698038056;-0.025287814511738334;-0.0003391636066720332;0.06976161526218974;25883.0;12255.0;4405.0;13716.0;10387.0;1234.0;545.0;1.0;73152072.0;26966351.0;25355650.0;5429416.0;15400655.0;0.0;1746.0;551.0;1166.0;6315174.0;1397839.0;2947397.0;197.0;1549.0;30.0;521.0;439732.0;5875442.0;47387.0;1350452.0;966.0;549.0;224.0;7.0;334.0;209.0;8.0;0.0;1895341.0;1409018.0;942425.0;2068390.0;981550.0;383545.0;32744.0;0.0
MAC;10.0;0.0;10.0;;-0.08014114709489295;5.303320976834833;5.283570223943672;4.312254334032268;-0.0014022424426880222;-0.0009145490138391144;-0.02655916448048055;0.0010284270929806394;0.06841596511031117;5025.0;3591.0;443.0;3270.0;1754.0;0.0;1.0;0.0;11946881.0;8388296.0;3517508.0;0.0;41077.0;0.0;319.0;140.0;238.0;1144106.0;720521.0;292755.0;8.0;311.0;1.0;139.0;2046.0;1142060.0;46.0;720475.0;209.0;110.0;0.0;0.0;81.0;59.0;0.0;0.0;771517.0;372589.0;0.0;0.0;585603.0;134918.0;0.0;0.0
MAR;2.0;0.0;0.0;;-0.14183071023025895;5.316058687687678;5.295685463435419;4.325817763471243;-0.0037837956616655994;-0.002382183214287664;-0.026749821069019145;-0.0014041176552815797;0.06617099499454623;79194.0;42760.0;906.0;45544.0;32970.0;156.0;524.0;0.0;289735782.0;62578146.0;181633627.0;5478893.0;40045116.0;0.0;4328.0;1367.0;4987.0;9284767.0;2605335.0;44147098.0;29.0;4299.0;22.0;1345.0;64123.0;9220644.0;44519.0;2560816.0;2601.0;1704.0;16.0;7.0;733.0;632.0;0.0;2.0;4666759.0;4101228.0;370663.0;146117.0;1280777.0;1261048.0;0.0;63510.0
MDA;1.0;0.0;0.0;;-0.13206438598746062;5.290996455375803;5.279052064202103;4.338409297426677;-0.0029842783162859106;-0.001673497062420531;-0.02747127709849371;-0.0007570582519903467;0.0680774165344765;12749.0;7804.0;1654.0;6074.0;6648.0;5.0;22.0;0.0;27536690.0;8722169.0;18249960.0;16755.0;547806.0;0.0;684.0;262.0;805.0;1176063.0;659578.0;2682163.0;16.0;668.0;0.0;262.0;8732.0;1167331.0;0.0;659578.0;323.0;360.0;0.0;1.0;128.0;134.0;0.0;0.0;573970.0;593980.0;0.0;8113.0;517142.0;142436.0;0.0;0.0
MDG;;;;;-0.04712652771235441;5.328998465355444;5.281187928235509;4.328059544105107;-0.0022294846252131828;-0.0013657793347531476;-0.024171603564817224;0.00015823161484656474;0.06696802835703115;10612.0;2371.0;4904.0;4237.0;6339.0;3.0;33.0;0.0;58600723.0;6595457.0;51860984.0;5832.0;138450.0;0.0;696.0;252.0;542.0;1751546.0;1050212.0;1820953.0;280.0;416.0;107.0;145.0;1217732.0;533814.0;530358.0;519854.0;330.0;356.0;1.0;9.0;90.0;162.0;0.0;0.0;233935.0;1478249.0;1944.0;37418.0;56600.0;993612.0;0.0;0.0
MDV;4.0;0.0;0.0;;-0.01001710504597708;5.364974400413692;5.303491959097428;4.237088702885864;-0.0008022855822550655;-0.000604567725719785;-0.029290739967814734;0.00042469835884106715;0.07197064514599874;51718.0;40745.0;1032.0;30167.0;20514.0;308.0;729.0;0.0;242723904.0;82792726.0;91096707.0;13348496.0;55485975.0;0.0;3715.0;1120.0;2048.0;14475614.0;4612835.0;11598511.0;1.0;3714.0;2.0;1118.0;3907.0;14471707.0;4329.0;4608506.0;2299.0;1406.0;1.0;9.0;709.0;409.0;0.0;2.0;7791525.0;6422416.0;75171.0;186502.0;2811975.0;1764131.0;0.0;36729.0
MEX;7.0;0.0;1.0;-0.09571622489857445;-0.06791544271481392;5.31591407251601;5.279056865110511;4.338623628165737;-0.0021136978532153255;-0.0014118689089258638;-0.026411134301777904;-0.00036603098469120064;0.06965200411558575;1715646.0;263312.0;1303162.0;1006723.0;662207.0;6756.0;39925.0;35.0;54271793848.0;2195535217.0;3932269502.0;922941178.0;47221047951.0;0.0;52898.0;41821.0;124576.0;1126932144.0;2994558779.0;17348630228.0;24837.0;28061.0;31177.0;10644.0;949679956.0;177252188.0;2836044521.0;158514258.0;31471.0;19954.0;525.0;946.0;25030.0;15927.0;120.0;744.0;74605496.0;98348374.0;57322705.0;896655569.0;48927274.0;44460840.0;10383638.0;2890787027.0
MKD;3.0;0.0;0.0;;-0.11828025221806653;5.329814523694935;5.279178297736547;4.34513191073344;-0.0025137805608874807;-0.0018485730764067209;-0.023197061980279782;0.00018908313591601192;0.06844376519280236;7243.0;3539.0;0.0;4044.0;3173.0;16.0;10.0;0.0;35784636.0;7481015.0;28261479.0;29192.0;12950.0;0.0;374.0;231.0;256.0;1338322.0;10871835.0;1920977.0;0.0;374.0;0.0;231.0;0.0;1338322.0;0.0;10871835.0;210.0;161.0;3.0;0.0;93.0;138.0;0.0;0.0;408503.0;920441.0;9378.0;0.0;265697.0;10606138.0;0.0;0.0
MLI;;;;;-0.09449035066535547;5.360972580179775;5.308658994677516;4.268518171628246;-0.0016963039930420838;-0.0012250153146051645;-0.028673801789729027;-0.0001731692690351544;0.07217227364366152;20271.0;11953.0;3584.0;12863.0;7345.0;10.0;51.0;2.0;53507452.0;21225687.0;30162295.0;577216.0;1542254.0;0.0;1635.0;352.0;872.0;3663186.0;1401410.0;2190237.0;98.0;1537.0;31.0;321.0;129651.0;3533535.0;72134.0;1329276.0;1255.0;379.0;0.0;1.0;197.0;155.0;0.0;0.0;2563237.0;1076768.0;0.0;23181.0;341205.0;1060205.0;0.0;0.0
MLT;3.0;0.0;0.0;;-0.11764903585080401;5.273517588401236;5.252540883882204;4.330753633100948;-0.003763552166067474;-0.002652010308760804;-0.022445086037382114;-0.0013223627983477008;0.06573758249800607;15524.0;10727.0;10727.0;9139.0;6221.0;21.0;143.0;0.0;45522809.0;19889571.0;21831960.0;109439.0;3691839.0;0.0;790.0;372.0;1010.0;1529924.0;1246913.0;6942502.0;586.0;204.0;304.0;68.0;1219067.0;310857.0;1158895.0;88018.0;528.0;257.0;1.0;4.0;230.0;142.0;0.0;0.0;910020.0;585549.0;563.0;33792.0;1056147.0;190766.0;0.0;0.0
MMR;;;;;-0.012260493073247603;5.405643037753117;5.33456133045284;4.304162598126635;-0.0023493765134913443;-0.001699441839629521;-0.026292264582118304;-0.00022763614874632515;0.06807663303288398;19608.0;13444.0;169.0;12255.0;6921.0;40.0;391.0;1.0;80233232.0;14229790.0;12013998.0;6637084.0;47352360.0;0.0;1410.0;512.0;903.0;2311025.0;1000667.0;30944344.0;14.0;1396.0;2.0;510.0;2466.0;2308559.0;412.0;1000255.0;959.0;405.0;3.0;43.0;324.0;188.0;0.0;0.0;1051854.0;512373.0;12321.0;734477.0;338217.0;662450.0;0.0;0.0
MNE;;;;;-0.10093642360782092;5.336565965934536;5.301195692828757;4.312093286952658;-0.002353571603456954;-0.0020879403181066213;-0.02706897347549347;-0.00018881845195341975;0.06540711811707257;5086.0;2532.0;2.0;2749.0;2317.0;3.0;17.0;0.0;8764718.0;5337906.0;3305287.0;8357.0;113168.0;0.0;240.0;116.0;200.0;547269.0;305474.0;248404.0;0.0;240.0;0.0;116.0;0.0;547269.0;0.0;305474.0;130.0;110.0;0.0;0.0;75.0;41.0;0.0;0.0;383842.0;163427.0;0.0;0.0;253724.0;51750.0;0.0;0.0
MNG;;;;;-0.08339720845389288;5.289501906230897;5.263767785976891;4.300613061387851;-0.0019469823632067614;-0.0010926251774336156;-0.02738717923466434;-0.0002973682139374548;0.07241114614294059;46540.0;24892.0;0.0;28743.0;17006.0;282.0;509.0;0.0;352255687.0;158112679.0;149893694.0;6932154.0;37317160.0;0.0;3368.0;1430.0;1725.0;26290161.0;12675843.0;15528939.0;0.0;3368.0;0.0;1430.0;0.0;26290161.0;0.0;12675843.0;2084.0;1230.0;33.0;21.0;942.0;475.0;5.0;8.0;13984807.0;9520073.0;1066996.0;1718285.0;6739538.0;5173858.0;212153.0;550294.0
MOZ;;;;;-0.07236153003718651;5.358007588634448;5.311518672119442;4.327357330763494;-0.0033082596537423415;-0.0025754375624208567;-0.027382577692352885;-0.0005543577192297353;0.06653706206443454;24781.0;11164.0;2357.0;15166.0;9330.0;38.0;247.0;0.0;47747011.0;25631571.0;17862766.0;819466.0;3433208.0;0.0;1337.0;516.0;1113.0;3452439.0;785327.0;2167972.0;89.0;1248.0;55.0;461.0;115819.0;3336620.0;73106.0;712221.0;838.0;495.0;0.0;4.0;310.0;205.0;0.0;1.0;1746674.0;1638564.0;0.0;67201.0;381655.0;347326.0;0.0;56346.0
MRT;;;;;-0.033100778632345104;5.334560848757033;5.283148245913173;4.2729703702847175;-0.0018780176453303571;-0.0012149973739605084;-0.028297540686267133;-0.0002519857547579272;0.06438426132299645;1409.0;473.0;655.0;827.0;574.0;0.0;8.0;0.0;1212999.0;589200.0;596543.0;0.0;27256.0;0.0;78.0;19.0;128.0;62154.0;12130.0;75537.0;25.0;53.0;8.0;11.0;27975.0;34179.0;4572.0;7558.0;49.0;29.0;0.0;0.0;13.0;6.0;0.0;0.0;22664.0;39490.0;0.0;0.0;4466.0;7664.0;0.0;0.0
MUS;;;;;-0.06394681545150822;5.3225410624190195;5.293244179779178;4.3204546907932455;-0.0020679347141201645;-0.0013526851945827782;-0.027543688321971772;-0.00043783885910458187;0.06940507398604936;7840.0;4921.0;6529.0;4313.0;3504.0;4.0;19.0;0.0;12383295.0;5068974.0;6986112.0;40070.0;288139.0;0.0;529.0;187.0;789.0;555362.0;192413.0;3252355.0;446.0;83.0;171.0;16.0;503530.0;51832.0;184918.0;7495.0;292.0;237.0;0.0;0.0;130.0;57.0;0.0;0.0;195904.0;359458.0;0.0;0.0;93675.0;98738.0;0.0;0.0
MWI;;;;;-0.10006259039727905;5.3041152740098205;5.281334994969204;4.316603841558689;-0.0021881757862540962;-0.0012856943790448584;-0.026960952260710273;9.723328039539024e-05;0.06778249262780238;21552.0;14959.0;14959.0;12809.0;8725.0;11.0;7.0;0.0;41454623.0;23289184.0;17672411.0;95409.0;397619.0;0.0;1469.0;409.0;1015.0;3102327.0;899190.0;1940391.0;1189.0;280.0;309.0;100.0;2740210.0;362117.0;789716.0;109474.0;798.0;665.0;4.0;2.0;215.0;194.0;0.0;0.0;1526901.0;1527682.0;21576.0;26168.0;480927.0;418263.0;0.0;0.0
MYS;99.0;0.0;24.0;-0.0666413888429861;-0.0330714790353129;5.431379050755013;5.327504942349485;4.286364745639619;-0.0011085145086994807;-0.0010027093832989534;-0.030240366897844304;0.0007704835002040101;0.0671444556001061;1295463.0;745690.0;0.0;783216.0;502148.0;2460.0;7622.0;17.0;8213812124.0;576445561.0;3293154413.0;152530417.0;4191681733.0;0.0;77339.0;9456.0;43834.0;817358002.0;23420455.0;350105000.0;0.0;77339.0;0.0;9456.0;0.0;817358002.0;0.0;23420455.0;47182.0;29349.0;89.0;719.0;5596.0;3800.0;19.0;41.0;45396617.0;46125525.0;1727722.0;724108138.0;5322196.0;6605324.0;305664.0;11187271.0
NAM;;;;;-0.03219794970014398;5.347218193589378;5.308131937304462;4.295322179428004;-0.0016890821497080038;-0.0011475420027708654;-0.02486191327296592;0.0005207687435517598;0.06713408128828577;23846.0;15285.0;15362.0;13328.0;10398.0;38.0;82.0;0.0;33960108.0;13762945.0;10975546.0;111911.0;9109706.0;0.0;1497.0;368.0;2134.0;1477219.0;303633.0;3860528.0;1352.0;145.0;309.0;59.0;1364824.0;112395.0;238882.0;64751.0;557.0;939.0;0.0;1.0;192.0;175.0;1.0;0.0;729161.0;664660.0;0.0;83398.0;165949.0;135856.0;1828.0;0.0
NER;;;;;-0.0938668440504802;5.325654097293929;5.298341859095976;4.323725600087128;-0.0032415227058181745;-0.0020461742677487607;-0.026371224005365564;-0.0009748162542417222;0.06650361204289884;8230.0;5547.0;1140.0;4965.0;3249.0;2.0;13.0;1.0;12958439.0;6113179.0;6701783.0;55972.0;87505.0;0.0;455.0;173.0;710.0;1367496.0;228498.0;645572.0;34.0;421.0;13.0;160.0;81945.0;1285551.0;17187.0;211311.0;264.0;191.0;0.0;0.0;126.0;47.0;0.0;0.0;410467.0;957029.0;0.0;0.0;154632.0;73866.0;0.0;0.0
NGA;1.0;0.0;0.0;;-0.021347677711903396;5.316947351646435;5.316684450525634;4.262094688750225;-0.0011586580519422382;-0.0007679509268501307;-0.02757021464348484;0.0008089295436548293;0.06911936095980699;469743.0;416410.0;416410.0;294239.0;168970.0;1025.0;5506.0;3.0;6343638309.0;791539715.0;756841560.0;62188965.0;4733068069.0;0.0;32035.0;10709.0;40130.0;2715273930.0;133768856.0;526112754.0;28492.0;3543.0;9658.0;1051.0;2570559406.0;144714524.0;122694522.0;11074334.0;20282.0;10403.0;35.0;1315.0;6440.0;4115.0;9.0;144.0;47824131.0;29023713.0;1032573.0;2637393513.0;14892184.0;12963855.0;87799.0;105825018.0
NIC;;;;;-0.10738587896290881;5.235378385762152;5.232930495312608;4.360918435290375;-0.0027971936880749467;-0.0015254138743812354;-0.02654687654149249;-5.189387120203901e-05;0.06819619113774306;36014.0;4498.0;29509.0;20408.0;14268.0;87.0;1250.0;1.0;214655773.0;36152768.0;27587076.0;882319.0;150033610.0;0.0;1018.0;1481.0;1950.0;1807748.0;1852327.0;45524761.0;626.0;392.0;1329.0;152.0;1208383.0;599365.0;1633839.0;218488.0;562.0;450.0;2.0;3.0;993.0;486.0;1.0;1.0;779397.0;881314.0;8159.0;138878.0;1273571.0;527182.0;7688.0;43886.0
NLD;265.0;3.0;0.0;-0.13590701804299588;-0.12284465438314379;5.298416286584364;5.278460504516474;4.301385017278206;-0.0016925357674840334;-0.0010775073288920901;-0.02841468969476839;-0.00028703214309448396;0.0728769527159631;362015.0;168211.0;135854.0;203413.0;150266.0;1900.0;6431.0;5.0;2590938127.0;344572819.0;427832041.0;148610250.0;1669923017.0;0.0;24184.0;12159.0;22324.0;222239713.0;93252557.0;111597853.0;5396.0;18788.0;4850.0;7309.0;153864920.0;68374793.0;68440705.0;24811852.0;13196.0;10418.0;126.0;444.0;6663.0;5266.0;13.0;217.0;23842115.0;40543451.0;1785920.0;156068227.0;11281842.0;15215794.0;586892.0;66168029.0
NOR;176.0;0.0;0.0;-0.15917348794184638;-0.11742973798724712;5.316971242391638;5.295544834080316;4.312461732869075;-0.002944135880967053;-0.001861579657182826;-0.02836169751926793;-0.0009578115724608437;0.06866556923347833;128342.0;80412.0;2944.0;78128.0;48910.0;560.0;741.0;3.0;490730580.0;152832354.0;99306666.0;209913469.0;28678091.0;0.0;7722.0;2696.0;5904.0;25623542.0;7293668.0;38201315.0;119.0;7603.0;33.0;2663.0;340936.0;25282606.0;132730.0;7160938.0;4810.0;2834.0;30.0;48.0;1747.0;938.0;5.0;6.0;9958441.0;7777799.0;7084769.0;802533.0;5202584.0;1887183.0;174111.0;29790.0
NPL;1.0;0.0;1.0;;-0.046503389612764956;5.299456540785808;5.275939908092238;4.320599255909815;-0.0015048784558075814;-0.0011308434136189764;-0.023979341639289834;0.00022704581899135725;0.07070791249870219;51493.0;36321.0;3674.0;29704.0;20396.0;163.0;1228.0;2.0;397798144.0;78842945.0;91402283.0;6262214.0;221290702.0;0.0;3007.0;1036.0;2193.0;17537813.0;2621374.0;15138557.0;82.0;2925.0;9.0;1027.0;588659.0;16949154.0;51999.0;2569375.0;1797.0;1117.0;14.0;79.0;549.0;482.0;0.0;5.0;7889297.0;3943059.0;934559.0;4770898.0;1831611.0;707523.0;0.0;82240.0
NZL;5.0;0.0;0.0;-0.032426415638536765;-0.11152066463902803;5.312860925612897;5.299852400804863;4.283129163637364;-0.0021588729041690717;-0.0015570311793216042;-0.03061572389478064;-0.0007404039926432762;0.07181640826766501;130967.0;109413.0;109413.0;77540.0;50080.0;1304.0;2043.0;0.0;567665598.0;166472425.0;113542247.0;134950514.0;152700412.0;0.0;10553.0;3067.0;7674.0;56333583.0;11989436.0;159636441.0;9037.0;1516.0;2574.0;493.0;53359377.0;2974206.0;11000078.0;989358.0;6548.0;3777.0;76.0;152.0;1961.0;1099.0;4.0;3.0;15993970.0;8910962.0;796470.0;30632181.0;9488191.0;2255229.0;97587.0;148429.0
OMN;16.0;0.0;2.0;;-0.09400314924640493;5.292902864314892;5.27719331400073;4.281055721803097;-0.0017688006328975556;-0.0011553734069624279;-0.027423162373823338;3.1147712418187484e-05;0.07311505932425921;15574.0;11283.0;1763.0;6821.0;8104.0;228.0;421.0;0.0;69202684.0;10054594.0;15022560.0;12520928.0;31604602.0;0.0;985.0;201.0;651.0;1082610.0;226330.0;7620599.0;52.0;933.0;11.0;190.0;62207.0;1020403.0;98824.0;127506.0;350.0;630.0;2.0;3.0;109.0;92.0;0.0;0.0;310986.0;657606.0;105630.0;8388.0;50377.0;175953.0;0.0;0.0
PAK;6.0;0.0;1.0;;-0.02246343131355586;5.2960059619479045;5.2767863083901885;4.29276213691674;-0.0008140887785692401;-0.0003984937156302553;-0.02628760498636966;0.0008988791522912293;0.06998636762061643;288597.0;231414.0;251964.0;165907.0;114623.0;1550.0;6517.0;0.0;5635636450.0;327896184.0;664680350.0;72458126.0;4570601790.0;0.0;14144.0;4432.0;10854.0;288948495.0;31673549.0;261249961.0;12577.0;1567.0;3946.0;486.0;283729246.0;5219249.0;27886351.0;3787198.0;8177.0;5468.0;170.0;329.0;2635.0;1651.0;20.0;126.0;22173230.0;40944215.0;4432966.0;221398084.0;5066160.0;7741243.0;516503.0;18349643.0
PAN;;;;;-0.13604210622292695;5.283152086480269;5.260459208264281;4.301999902579591;-0.0017728531976243576;-0.0009071341598034187;-0.029367560162363925;-0.00035243544324374917;0.07202037247734717;92140.0;32122.0;54119.0;56763.0;34304.0;86.0;987.0;0.0;365451818.0;155981873.0;111864911.0;3000145.0;94604889.0;0.0;4872.0;3523.0;4009.0;25082431.0;9606316.0;16610957.0;1525.0;3347.0;2222.0;1301.0;14968300.0;10114131.0;5908985.0;3697331.0;2833.0;2001.0;3.0;35.0;2324.0;1194.0;0.0;5.0;9161649.0;6112407.0;59437.0;9748938.0;5460636.0;3077781.0;0.0;1067899.0
PER;6.0;0.0;0.0;;-0.046677228594026364;5.3402794611886195;5.300899911613509;4.325197181321336;-0.002085460520113482;-0.0015176794450208967;-0.02629493192211314;-6.38557835072314e-05;0.06911443868376727;322491.0;53095.0;241163.0;190123.0;127688.0;616.0;4057.0;7.0;6197833684.0;375886298.0;2218962949.0;720436559.0;2882547878.0;0.0;9898.0;14883.0;23143.0;31911493.0;1327489192.0;1256680933.0;4758.0;5140.0;12041.0;2842.0;21480390.0;10431103.0;1308831687.0;18657505.0;6058.0;3531.0;9.0;300.0;8918.0;5130.0;4.0;827.0;10913236.0;9889615.0;146054.0;10962588.0;10797888.0;10758348.0;80004.0;1305852952.0
PHL;10.0;1.0;1.0;;0.011271763312480554;5.3788190672294425;5.33747522841243;4.2539734530040825;-0.0014453427572570495;-0.0010714921848861227;-0.025603199276453836;0.0009984575831092288;0.06271565607397657;1005789.0;705250.0;901009.0;559293.0;417351.0;4645.0;24439.0;61.0;58700204041.0;1002844618.0;1319310449.0;393518652.0;55984530322.0;0.0;30730.0;19544.0;58690.0;1553407227.0;1535997872.0;17607276598.0;26104.0;4626.0;17582.0;1962.0;1522541334.0;30865893.0;1526363279.0;9634593.0;16206.0;13812.0;249.0;461.0;10069.0;8710.0;140.0;625.0;18957596.0;36763066.0;18617646.0;1479068919.0;10964374.0;33844702.0;3743430.0;1487445366.0
PNG;;;;;-0.07912140716481275;5.311254523515489;5.28714869687486;4.331047135979641;-0.003211524631355697;-0.0020676622704835796;-0.02335690966524675;-0.0004141355613735935;0.06403641728956566;28753.0;16686.0;16686.0;16570.0;12063.0;18.0;100.0;2.0;59416833.0;28655673.0;25427287.0;225273.0;5108600.0;0.0;1664.0;580.0;1811.0;4321342.0;1790949.0;3113324.0;1093.0;571.0;429.0;151.0;2778497.0;1542845.0;1407435.0;383514.0;967.0;690.0;1.0;6.0;348.0;232.0;0.0;0.0;1800922.0;2106077.0;14449.0;399894.0;999092.0;791857.0;0.0;0.0
POL;11.0;0.0;0.0;;-0.0910642628105193;5.325072207444694;5.283170367297345;4.335725371634208;-0.002158787105522958;-0.00142199106875982;-0.026153762007437967;-0.00020237576526547282;0.06951815999180755;182318.0;68431.0;38540.0;100456.0;80223.0;686.0;946.0;7.0;545114777.0;120845824.0;163058129.0;95799611.0;165411213.0;0.0;10878.0;3053.0;8582.0;21764491.0;7336207.0;67323627.0;1434.0;9444.0;308.0;2745.0;5101059.0;16663432.0;965369.0;6370838.0;6046.0;4725.0;43.0;63.0;1665.0;1371.0;8.0;9.0;7365072.0;8354416.0;4333122.0;1711881.0;2129953.0;1546157.0;3066282.0;593815.0
PRI;;;;;-0.17196278825239328;5.230463618133901;5.22540379135427;4.337287889082575;-0.004363562293310204;-0.001805962473051547;-0.02616192710364136;-0.0006278887228440351;0.07013795928689383;122381.0;51535.0;113806.0;72068.0;48591.0;218.0;1504.0;0.0;773005957.0;154804997.0;152491918.0;5576400.0;460132642.0;0.0;6381.0;4442.0;8242.0;62326520.0;6538370.0;260778805.0;5677.0;704.0;4207.0;235.0;58600413.0;3726107.0;6077821.0;460549.0;3668.0;2592.0;16.0;105.0;2673.0;1764.0;1.0;4.0;7107932.0;8570684.0;164855.0;46483049.0;3782765.0;2682467.0;7213.0;65925.0
PRK;;;;;-0.03317190355349276;5.387453932520194;5.333020483856799;4.329497470144831;-0.002563347568661811;-0.0016179094922008353;-0.02525132208775826;0.00018556909001188985;0.06365006064432695;10763.0;5517.0;27.0;6164.0;4568.0;7.0;24.0;0.0;15906935.0;6088165.0;9686681.0;2758.0;129331.0;0.0;509.0;254.0;383.0;796752.0;783778.0;455540.0;1.0;508.0;0.0;254.0;1234.0;795518.0;0.0;783778.0;284.0;216.0;0.0;9.0;131.0;122.0;0.0;1.0;255689.0;508303.0;0.0;32760.0;128488.0;652488.0;0.0;2802.0
PRT;30.0;0.0;0.0;;-0.14657479858519326;5.25008444151331;5.244324381923513;4.380943510112523;-0.003107769873388327;-0.0022045522348198526;-0.02328899984252502;4.670526052750977e-05;0.06715468570234426;246977.0;65167.0;134746.0;137341.0;104520.0;537.0;4578.0;1.0;2079937666.0;152906410.0;421038750.0;76841050.0;1429151456.0;0.0;11511.0;4979.0;11238.0;38949107.0;9795046.0;76178796.0;3512.0;7999.0;2844.0;2135.0;11459851.0;27489256.0;1830258.0;7964788.0;6350.0;5102.0;34.0;25.0;2853.0;2116.0;2.0;8.0;20267092.0;16504184.0;369339.0;1808492.0;2687716.0;6730644.0;35192.0;341494.0
PRY;1.0;0.0;0.0;;-0.12074825526917508;5.233067580421878;5.2446485155435765;4.361281891216231;-0.0015670173031680679;-0.0010660560809924757;-0.02826336554374956;0.00032104318689861087;0.07000611807734575;188262.0;13313.0;166021.0;120915.0;64707.0;398.0;2240.0;2.0;1484883396.0;212451081.0;488037183.0;39937986.0;744457146.0;0.0;3918.0;4194.0;4916.0;38517227.0;13306444.0;61686160.0;2442.0;1476.0;3519.0;675.0;35344150.0;3173077.0;11485582.0;1820862.0;2452.0;1437.0;8.0;21.0;2727.0;1455.0;3.0;9.0;9144638.0;27274201.0;107738.0;1990650.0;7841439.0;5209086.0;88576.0;167343.0
PSX;22.0;0.0;0.0;;-0.10542099296003997;5.309948810211519;5.2850742824905605;4.306548614767549;-0.0019854330257634994;-0.0013281322987901184;-0.027707149614342886;-0.00039617549559671603;0.07073303107189792;27767.0;17315.0;880.0;14383.0;12591.0;184.0;609.0;0.0;194423272.0;32852328.0;30504266.0;2796656.0;128270022.0;0.0;2152.0;587.0;1037.0;53155577.0;1817388.0;25477003.0;9.0;2143.0;4.0;583.0;7941.0;53147636.0;2029.0;1815359.0;1088.0;839.0;18.0;207.0;353.0;217.0;9.0;8.0;3405137.0;5436036.0;142847.0;44171557.0;1011335.0;459801.0;257149.0;89103.0
QAT;15.0;0.0;0.0;;-0.09577752967876342;5.279717593172739;5.256807984397593;4.2939782627476335;-0.0015201759869210337;-0.0011150267600825478;-0.02557520455165257;0.00023837270285333368;0.07241694458147814;19085.0;14325.0;1727.0;10381.0;6211.0;696.0;1797.0;0.0;3852294817.0;20439640.0;17755272.0;866084932.0;2948014973.0;0.0;2035.0;446.0;908.0;2119567611.0;4475760.0;7475697.0;60.0;1975.0;21.0;425.0;781079.0;2118786532.0;634769.0;3840991.0;795.0;560.0;390.0;290.0;239.0;104.0;1.0;102.0;1724423.0;985270.0;601345645.0;1515512273.0;515090.0;102438.0;24418.0;3833814.0
ROU;15.0;0.0;3.0;;-0.06743425787424714;5.343662025275984;5.299970087254965;4.326210831274448;-0.002535844213781585;-0.0017852174773082975;-0.026862809473464;-5.821127425280189e-05;0.06698760049123408;68541.0;33256.0;7695.0;37881.0;29725.0;108.0;827.0;0.0;168188572.0;49063038.0;65780722.0;510128.0;52834684.0;0.0;4196.0;1445.0;3628.0;18244917.0;4414463.0;12667967.0;417.0;3779.0;39.0;1406.0;7032708.0;11212209.0;166552.0;4247911.0;2209.0;1609.0;33.0;345.0;775.0;634.0;0.0;36.0;3516185.0;6519666.0;99774.0;8109292.0;1143588.0;925606.0;0.0;2345269.0
RUS;17.0;0.0;3.0;-0.1559708982423862;-0.08117533913825158;5.340114663805361;5.29910076850958;4.323222304934631;-0.002484916954817084;-0.001740883518033117;-0.02581180572787063;-2.4440651692833234e-06;0.06598238433427306;461017.0;250762.0;5569.0;257104.0;196749.0;845.0;6299.0;20.0;3375277371.0;459552871.0;965610272.0;30210412.0;1919903816.0;0.0;25257.0;11682.0;19418.0;174397562.0;131928201.0;94615722.0;207.0;25050.0;86.0;11596.0;470614.0;173926948.0;125780.0;131802421.0;14350.0;10561.0;58.0;288.0;5786.0;5445.0;81.0;370.0;27185353.0;113971218.0;667072.0;32573919.0;20863300.0;52516195.0;10282418.0;48266288.0
RWA;;;;;-0.006549606381198376;5.352870282098758;5.326832540542708;4.258008719644924;-0.0006764572148975205;-0.00020979521883353724;-0.023381150321326632;0.00039650433594648146;0.0723794881713736;11624.0;7813.0;8985.0;6915.0;4385.0;178.0;146.0;0.0;53267990.0;16288091.0;11477770.0;9131788.0;16370341.0;0.0;738.0;188.0;863.0;1667149.0;277210.0;5449200.0;659.0;79.0;173.0;15.0;1508037.0;159112.0;268195.0;9015.0;447.0;286.0;2.0;3.0;113.0;75.0;0.0;0.0;762568.0;570592.0;16314.0;317675.0;154878.0;122332.0;0.0;0.0
SAH;;;;;-0.02408337191358025;5.445620473084016;5.268818404781947;4.139831514550265;-0.0030165833333333334;-0.0002360902777777781;-0.025628301504629622;-0.004982776620370371;0.04656126114969136;177.0;72.0;57.0;113.0;64.0;0.0;0.0;0.0;88782.0;66079.0;22703.0;0.0;0.0;0.0;8.0;4.0;7.0;2907.0;2771.0;3162.0;1.0;7.0;0.0;4.0;363.0;2544.0;0.0;2771.0;3.0;5.0;0.0;0.0;2.0;2.0;0.0;0.0;1382.0;1525.0;0.0;0.0;1450.0;1321.0;0.0;0.0
SAU;11.0;0.0;0.0;;-0.07344827874978277;5.327991198566359;5.286077996505512;4.292709716543279;-0.0015413740560750008;-0.0011085408486600048;-0.02427510861838365;0.0003316553040201367;0.06925656518397684;95654.0;50079.0;27080.0;59531.0;32865.0;576.0;2679.0;3.0;1820023288.0;97954544.0;267004747.0;795233060.0;659830937.0;0.0;5070.0;1324.0;4127.0;44882737.0;8444462.0;38394802.0;966.0;4104.0;178.0;1146.0;19829051.0;25053686.0;1365185.0;7079277.0;3290.0;1660.0;28.0;92.0;846.0;461.0;2.0;15.0;6023275.0;14198059.0;1121453.0;23539950.0;1632934.0;1325926.0;75780.0;5409822.0
SDN;;;;;-0.11714682679822531;5.322854091100774;5.264800637664504;4.322842920284827;-0.0024651264204338017;-0.001588704005297074;-0.0224919803106016;-0.0006314127669277104;0.06703682455409173;8980.0;5923.0;6973.0;5162.0;3805.0;1.0;12.0;0.0;22431525.0;8075791.0;11159331.0;13758.0;3182645.0;0.0;597.0;176.0;420.0;1068536.0;443165.0;769235.0;507.0;90.0;143.0;33.0;885981.0;182555.0;334458.0;108707.0;354.0;243.0;0.0;0.0;89.0;87.0;0.0;0.0;471089.0;597447.0;0.0;0.0;165545.0;277620.0;0.0;0.0
SDS;;;;;-0.09185760734026749;5.340510374809406;5.308784678078234;4.310324860683747;-0.002584240844640151;-0.001852974560843236;-0.02937101104719653;-0.0007603770066440769;0.06792543273253035;21180.0;11701.0;11701.0;12669.0;8386.0;4.0;120.0;1.0;38143375.0;21648414.0;11589960.0;39180.0;4865821.0;0.0;1337.0;406.0;1018.0;4044971.0;1334918.0;1708267.0;840.0;497.0;252.0;154.0;3144802.0;900169.0;591342.0;743576.0;706.0;605.0;0.0;26.0;233.0;171.0;0.0;2.0;1518637.0;861856.0;0.0;1664478.0;472495.0;387923.0;0.0;474500.0
SEN;4.0;0.0;1.0;;-0.0751578972945078;5.362542648397655;5.305161407740958;4.333376039349265;-0.002194432296298368;-0.001293009130720239;-0.02429865084097474;3.042815253587822e-05;0.06745147645032332;36185.0;5155.0;25339.0;20664.0;15400.0;31.0;90.0;0.0;185323374.0;50420318.0;128434362.0;1294581.0;5174113.0;0.0;1164.0;254.0;3023.0;5996911.0;658945.0;10790621.0;497.0;667.0;107.0;147.0;2103487.0;3893424.0;250129.0;408816.0;671.0;483.0;0.0;10.0;146.0;108.0;0.0;0.0;1470607.0;3579450.0;0.0;946854.0;326794.0;332151.0;0.0;0.0
SGP;150.0;0.0;78.0;-0.08972751377838684;-0.062402621399635955;5.350530020771942;5.298378591427154;4.321958950403657;-0.001692745274687626;-0.00082166135682498;-0.024779781084426435;-3.212520159897582e-05;0.0686280386898758;199969.0;169524.0;173226.0;109734.0;78738.0;1470.0;10024.0;3.0;4694076197.0;123551036.0;251324703.0;45098539.0;4274101919.0;0.0;27721.0;3110.0;15684.0;2594950703.0;9378428.0;862692590.0;24798.0;2923.0;2692.0;418.0;2520221335.0;74729368.0;8573189.0;805239.0;14348.0;10099.0;272.0;3002.0;1736.0;1341.0;9.0;24.0;17660180.0;110071599.0;3652884.0;2463566040.0;2704072.0;2635480.0;52063.0;3986813.0
SLB;;;;;-0.08325875861049756;5.3137397411158105;5.284059305178867;4.318769946515378;-0.0023842181214303805;-0.0016198859981649458;-0.029395941484953645;-0.00026740389914385625;0.06883762229533487;4015.0;1912.0;1912.0;2388.0;1625.0;0.0;2.0;0.0;3851894.0;1979619.0;1869671.0;0.0;2604.0;0.0;281.0;71.0;248.0;246019.0;70896.0;298005.0;163.0;118.0;42.0;29.0;153810.0;92209.0;52965.0;17931.0;196.0;85.0;0.0;0.0;39.0;32.0;0.0;0.0;154601.0;91418.0;0.0;0.0;46712.0;24184.0;0.0;0.0
SLE;;;;;0.015864149378281886;5.429922592746545;5.351867141950026;4.328912311895432;-0.0019601070102040342;-0.0007168238745567918;-0.026054354577510864;0.0009661894975974883;0.06237478482096821;7295.0;3115.0;3115.0;4572.0;2653.0;0.0;70.0;0.0;9771253.0;5421712.0;3414546.0;0.0;934995.0;0.0;377.0;127.0;204.0;668122.0;158719.0;412919.0;177.0;200.0;89.0;38.0;416178.0;251944.0;139186.0;19533.0;229.0;140.0;0.0;8.0;68.0;58.0;0.0;1.0;290010.0;267528.0;0.0;110584.0;100006.0;44890.0;0.0;13823.0
SLV;;;;;-0.1340767436109472;5.221577085305466;5.215673076650161;4.356337958860339;-0.0015515470975767122;-0.0010309913104353757;-0.0241583283021495;-0.00018093035119689504;0.07362461643535415;78511.0;8489.0;66678.0;43660.0;29886.0;721.0;4244.0;0.0;1949886452.0;95289483.0;226467642.0;316695308.0;1311434019.0;0.0;1667.0;2402.0;6098.0;6853877.0;7897833.0;119443178.0;989.0;678.0;2064.0;338.0;4308738.0;2545139.0;6951156.0;946677.0;1031.0;625.0;0.0;11.0;1523.0;868.0;0.0;11.0;2674650.0;1619870.0;0.0;2559357.0;2430611.0;4725428.0;0.0;741794.0
SOM;;;;;-0.09579236097683934;5.265075352782289;5.265773911390701;4.300011276655998;-0.0012702587040018614;-0.0010025806207848808;-0.02657773225465651;-6.693647580293896e-05;0.07149979497974314;8758.0;6352.0;24.0;5592.0;3093.0;4.0;69.0;0.0;25428189.0;11769989.0;10747086.0;490132.0;2420982.0;0.0;587.0;179.0;369.0;1339239.0;192794.0;687686.0;2.0;585.0;0.0;179.0;487.0;1338752.0;0.0;192794.0;395.0;190.0;0.0;2.0;133.0;46.0;0.0;0.0;738425.0;537557.0;0.0;63257.0;169903.0;22891.0;0.0;0.0
SRB;1.0;0.0;0.0;;-0.10609092696610097;5.283695106233668;5.2535258586704305;4.31919292960879;-0.0017167506148819337;-0.0011877377368824827;-0.025494713625900597;-3.8975767290292605e-07;0.0716141599728786;27699.0;16001.0;222.0;16056.0;11364.0;40.0;239.0;0.0;62467761.0;28149623.0;23291019.0;606422.0;10420697.0;0.0;2050.0;741.0;1146.0;4502021.0;1294614.0;2326708.0;35.0;2015.0;5.0;736.0;110715.0;4391306.0;6901.0;1287713.0;1213.0;826.0;3.0;8.0;442.0;297.0;0.0;2.0;2172769.0;1853945.0;109051.0;366256.0;674553.0;528497.0;0.0;91564.0
SUR;;;;;-0.09353312242239205;5.300062409590263;5.263783792856766;4.339387650370896;-0.0014670005579063756;-0.001464491438786053;-0.02710490276022365;2.071044840265348e-05;0.06577101875711218;3502.0;1244.0;90.0;2111.0;1385.0;0.0;6.0;0.0;4154168.0;2389389.0;1758011.0;0.0;6768.0;0.0;236.0;87.0;194.0;219241.0;43156.0;180331.0;1.0;235.0;1.0;86.0;237.0;219004.0;9.0;43147.0;121.0;115.0;0.0;0.0;42.0;45.0;0.0;0.0;142862.0;76379.0;0.0;0.0;31719.0;11437.0;0.0;0.0
SVK;3.0;0.0;0.0;;-0.07237682323798586;5.314257642734291;5.296763232257148;4.319565486101485;-0.002060307787737335;-0.0017318253466967644;-0.028505620714769534;-0.0006415458968981616;0.06856647601700501;13847.0;7611.0;0.0;7323.0;6324.0;113.0;87.0;0.0;23748144.0;10156587.0;12533545.0;316798.0;741214.0;0.0;1269.0;332.0;588.0;2135303.0;472764.0;1223590.0;0.0;1269.0;0.0;332.0;0.0;2135303.0;0.0;472764.0;462.0;768.0;37.0;2.0;155.0;175.0;2.0;0.0;739217.0;1238447.0;153476.0;4163.0;145578.0;318890.0;8296.0;0.0
SVN;16.0;0.0;0.0;;-0.09933903443400166;5.332269896893072;5.284209454792173;4.327571533703247;-0.0025305132152988155;-0.001636967105196138;-0.02681607754611101;-0.00038927120572429655;0.0666472402887709;39069.0;19979.0;5454.0;22917.0;15776.0;173.0;200.0;3.0;138190900.0;34630783.0;43130301.0;53961425.0;6468391.0;0.0;2194.0;728.0;1716.0;3874105.0;1246632.0;6303052.0;219.0;1975.0;110.0;618.0;485953.0;3388152.0;142997.0;1103635.0;1222.0;956.0;9.0;7.0;445.0;283.0;0.0;0.0;1628887.0;1271261.0;371320.0;602637.0;683653.0;562979.0;0.0;0.0
SWE;203.0;0.0;0.0;-0.11124071584958961;-0.10318775629399858;5.308947888878353;5.2836296269215195;4.308587198132886;-0.002205373123355224;-0.0013847460535436687;-0.028234732885550038;-0.0004068965667309166;0.06977534471028314;418244.0;130479.0;17943.0;239118.0;170151.0;1363.0;7607.0;5.0;6644056966.0;532608334.0;668312035.0;160312352.0;5282824245.0;0.0;23048.0;10501.0;23587.0;480786425.0;77128345.0;1714566750.0;1163.0;21885.0;721.0;9780.0;4963366.0;475823059.0;2257424.0;74870921.0;12865.0;9681.0;58.0;444.0;7100.0;3364.0;26.0;11.0;26657267.0;74379967.0;5734452.0;374014739.0;46750957.0;23176074.0;2649488.0;4551826.0
SWZ;;;;;-0.03098414941301205;5.317619549681081;5.3107508010328095;4.296954705451779;-0.0025211080935047454;-0.0018696093555775346;-0.026151609800964166;0.00015454514052281468;0.06619952970251351;3162.0;2387.0;2387.0;1606.0;1543.0;7.0;6.0;0.0;3752830.0;1799753.0;1870440.0;12222.0;70415.0;0.0;176.0;64.0;163.0;224243.0;64216.0;208073.0;143.0;33.0;50.0;14.0;188402.0;35841.0;57173.0;7043.0;92.0;84.0;0.0;0.0;28.0;36.0;0.0;0.0;102573.0;121670.0;0.0;0.0;28586.0;35630.0;0.0;0.0
SYR;;;;;-0.08649786998773054;5.29540718343817;5.283924546408614;4.316286752766085;-0.0017498392039377014;-0.0008839488857472458;-0.027588956466684727;-6.620650516112358e-05;0.06896325449727855;11031.0;6789.0;721.0;6290.0;3705.0;58.0;976.0;2.0;411068020.0;7945217.0;18041218.0;473750.0;384607835.0;0.0;703.0;228.0;521.0;18168497.0;1234877.0;45969010.0;7.0;696.0;6.0;222.0;39493.0;18129004.0;31173.0;1203704.0;397.0;187.0;5.0;114.0;148.0;72.0;2.0;6.0;519531.0;446021.0;74523.0;17128422.0;312984.0;760540.0;30881.0;130472.0
TCD;;;;;-0.09748343555480612;5.333546698239155;5.3006819213363885;4.32211462101977;-0.0034368183591187477;-0.0025704390647854135;-0.02800842707825167;-0.0010125300551864474;0.06512659228226321;16068.0;5316.0;1646.0;8255.0;7736.0;1.0;76.0;0.0;31186500.0;14503948.0;15725356.0;4146.0;953050.0;0.0;814.0;348.0;672.0;1969502.0;614644.0;1550045.0;71.0;743.0;23.0;325.0;144681.0;1824821.0;22328.0;592316.0;396.0;417.0;0.0;1.0;216.0;132.0;0.0;0.0;779459.0;1099102.0;0.0;90941.0;279316.0;335328.0;0.0;0.0
TGO;1.0;0.0;0.0;;-0.05785103057321771;5.373169156191437;5.331023120358038;4.323694708663592;-0.00280481763562183;-0.0018974202195075423;-0.02632676105661107;4.288381486745481e-05;0.06525841176244027;17211.0;8634.0;2520.0;10283.0;6835.0;75.0;16.0;2.0;32710154.0;13873233.0;18336217.0;306254.0;194450.0;0.0;973.0;630.0;1041.0;2309008.0;1367542.0;2540934.0;77.0;896.0;124.0;506.0;74433.0;2234575.0;92013.0;1275529.0;564.0;403.0;6.0;0.0;486.0;142.0;2.0;0.0;852763.0;1436043.0;20202.0;0.0;813199.0;547609.0;6734.0;0.0
THA;50.0;1.0;31.0;;-0.036876562560088595;5.355945005419737;5.2985589051249855;4.310734745710332;-0.0021361493014322125;-0.001382370316308011;-0.026425246869921856;-0.0001989870820155953;0.06934662767608485;1483129.0;272508.0;1141894.0;871437.0;601819.0;1533.0;8316.0;24.0;10061423092.0;1235759680.0;2825252993.0;89138680.0;5911271739.0;0.0;77314.0;15188.0;28971.0;507729522.0;35314856.0;957771679.0;50816.0;26498.0;4903.0;10285.0;408987541.0;98741981.0;6102498.0;29212358.0;45185.0;31414.0;126.0;584.0;8931.0;6224.0;13.0;19.0;79304404.0;74445967.0;1444399.0;352534752.0;13156441.0;15603111.0;177032.0;6378272.0
TJK;;;;;-0.07705463640558034;5.284863978086247;5.264882875789537;4.321920195203993;-0.0025423753380354568;-0.0018708632709304328;-0.02859248734389362;-0.000734273332997773;0.06740385831791967;1171.0;686.0;10.0;721.0;440.0;0.0;10.0;0.0;1207229.0;668586.0;523594.0;0.0;15049.0;0.0;57.0;14.0;61.0;78461.0;17591.0;74667.0;1.0;56.0;0.0;14.0;132.0;78329.0;0.0;17591.0;33.0;24.0;0.0;0.0;9.0;5.0;0.0;0.0;58209.0;20252.0;0.0;0.0;16831.0;760.0;0.0;0.0
TKM;;;;;-0.05461774092051052;5.4671447731982;5.359071659402607;4.293042814405719;-0.001485431819404115;-0.0008437200058816355;-0.02888513986398801;0.0007679205448476085;0.06606410741998713;2923.0;1568.0;0.0;1742.0;1178.0;2.0;1.0;0.0;2048854.0;1367396.0;645192.0;1222.0;35044.0;0.0;171.0;31.0;91.0;108564.0;14545.0;84404.0;0.0;171.0;0.0;31.0;0.0;108564.0;0.0;14545.0;94.0;77.0;0.0;0.0;18.0;13.0;0.0;0.0;68555.0;40009.0;0.0;0.0;5022.0;9523.0;0.0;0.0
TLS;;;;;-0.06821746607138182;5.355586472981589;5.3118789183163875;4.258715642421245;-0.0019132888416809283;-0.001171165954705839;-0.02874699901606451;-0.0005292474631054591;0.07082147734658967;4082.0;2633.0;41.0;1711.0;2038.0;41.0;292.0;0.0;121807684.0;3203684.0;11057416.0;456405.0;107090179.0;0.0;250.0;52.0;227.0;77356336.0;70399.0;19500103.0;2.0;248.0;3.0;49.0;2814.0;77353522.0;1809.0;68590.0;77.0;122.0;1.0;50.0;32.0;20.0;0.0;0.0;65420.0;429684.0;1942.0;76859290.0;17300.0;53099.0;0.0;0.0
TTO;;;;;-0.11368362247866046;5.285264388388813;5.269767326364932;4.314656365566203;-0.0025354439776313314;-0.0019623266903460177;-0.023308962481782162;-0.0003945794434635911;0.07127036871954441;15993.0;12549.0;12549.0;8537.0;7404.0;24.0;28.0;0.0;47181642.0;7776934.0;39042079.0;64428.0;298201.0;0.0;1592.0;546.0;1091.0;3092807.0;776201.0;3089319.0;1418.0;174.0;497.0;49.0;2928152.0;164655.0;675054.0;101147.0;801.0;791.0;0.0;0.0;244.0;302.0;0.0;0.0;673755.0;2419052.0;0.0;0.0;232935.0;543266.0;0.0;0.0
TUN;2.0;0.0;0.0;;-0.1302116354129056;5.284325405804188;5.26231252088478;4.308839576516026;-0.0015027532582373646;-0.0008898331042638952;-0.025316500543158288;-0.00021455016896826268;0.07115721745193618;25464.0;12855.0;906.0;15677.0;9412.0;10.0;365.0;0.0;476098774.0;30286163.0;219339553.0;106997.0;226366061.0;0.0;1661.0;671.0;1434.0;3610323.0;1783602.0;99319600.0;18.0;1643.0;9.0;662.0;88060.0;3522263.0;18752.0;1764850.0;1022.0;637.0;0.0;2.0;402.0;269.0;0.0;0.0;1576660.0;1883807.0;0.0;149856.0;722073.0;1061529.0;0.0;0.0
TUR;;;;;-0.1703756349025213;5.167034727279417;5.17047592296208;4.379878488868765;-0.00185304564190397;-0.001356856351996104;-0.024192092725051805;-0.0002562992602349897;0.07365124165620875;298957.0;96260.0;158923.0;174897.0;118240.0;710.0;5097.0;13.0;3426205367.0;295204623.0;513307938.0;44501346.0;2573191460.0;0.0;12311.0;4085.0;9554.0;57498268.0;16882438.0;756446354.0;2668.0;9643.0;842.0;3243.0;21530526.0;35967742.0;5255458.0;11626980.0;6929.0;5169.0;64.0;149.0;2398.0;1618.0;6.0;63.0;15932487.0;19120589.0;1683230.0;20761962.0;4981810.0;6018973.0;88097.0;5793558.0
TWN;45.0;1.0;13.0;-0.009944231334771847;-0.07297380131355324;5.356310333820236;5.329665505188737;4.28668510201142;-0.0017153530818939475;-0.0009114207500346704;-0.03286625938387051;-6.23528413350191e-05;0.07327802718606666;111761.0;72963.0;10507.0;63950.0;44885.0;300.0;2625.0;1.0;532090080.0;107353449.0;79105589.0;15305790.0;330325252.0;0.0;8297.0;2398.0;4984.0;22052117.0;11238866.0;16692992.0;693.0;7604.0;222.0;2176.0;1177187.0;20874930.0;325223.0;10913643.0;4595.0;3503.0;10.0;189.0;1373.0;933.0;0.0;92.0;8346867.0;10014087.0;76422.0;3614741.0;8430871.0;1517646.0;0.0;1290349.0
TZA;;;;;-0.07124085023475507;5.288415477355395;5.277013948703528;4.315104899819198;-0.0016603598014102044;-0.001159859496470433;-0.02673736752368516;-0.00012519031294757845;0.0716728027218992;21063.0;14814.0;14814.0;13332.0;7566.0;13.0;152.0;0.0;185491415.0;29864739.0;90945997.0;136154.0;64544525.0;0.0;2849.0;439.0;913.0;16471423.0;3059265.0;9235973.0;2450.0;399.0;321.0;118.0;15330285.0;1141138.0;1204034.0;1855231.0;2228.0;612.0;0.0;9.0;275.0;157.0;3.0;4.0;4217248.0;10073513.0;0.0;2180662.0;758327.0;777512.0;6456.0;1516970.0
UGA;;;;;-0.06430692724857553;5.298197885053122;5.298207008212666;4.292925061923173;-0.0010055091407854256;-0.00020131157671457987;-0.026945024496821752;0.0009064429312300582;0.06978265736643263;50401.0;44926.0;44926.0;29313.0;19785.0;242.0;1060.0;1.0;518323886.0;75210693.0;94182637.0;67128772.0;281801784.0;0.0;3578.0;1057.0;2920.0;15563578.0;3072278.0;39986047.0;3293.0;285.0;973.0;84.0;14355078.0;1208500.0;2935083.0;137195.0;2169.0;1369.0;24.0;16.0;669.0;381.0;1.0;6.0;5393865.0;6160939.0;3238092.0;770682.0;1496146.0;1417919.0;21684.0;136529.0
UKR;1.0;0.0;0.0;;-0.07593510825336618;5.326849460628104;5.298346253051507;4.314027101484576;-0.0022519453328878644;-0.0015939070443728536;-0.0270108954398478;-0.00018566537305013674;0.0687811774844924;42018.0;21608.0;1845.0;22991.0;18575.0;35.0;417.0;0.0;171903097.0;28077425.0;68052448.0;640087.0;75133137.0;0.0;2510.0;736.0;1932.0;5437079.0;1094080.0;6444338.0;74.0;2436.0;22.0;714.0;811218.0;4625861.0;18045.0;1076035.0;1337.0;1145.0;6.0;22.0;419.0;309.0;2.0;6.0;2142508.0;1717172.0;190242.0;1387157.0;461574.0;488548.0;35539.0;108419.0
URY;;;;;-0.09021263077248434;5.266564596242048;5.250417479620518;4.362462861352415;-0.0019226884317890128;-0.001310000655990752;-0.02658477081069147;-0.00048587533217322266;0.07153734823441463;83944.0;7718.0;69394.0;47915.0;33762.0;187.0;2080.0;0.0;897892478.0;65218623.0;49359446.0;4453585.0;778860824.0;0.0;2489.0;1717.0;3152.0;7445388.0;2105558.0;18495878.0;1361.0;1128.0;1356.0;361.0;5572552.0;1872836.0;1649783.0;455775.0;1390.0;1081.0;5.0;13.0;839.0;876.0;2.0;0.0;3794333.0;1417703.0;582676.0;1650676.0;1194619.0;619631.0;291308.0;0.0
USA;537.0;21.0;8.0;-0.11986032672835334;-0.1388408870175914;5.285135562929625;5.279428567548522;4.290169864018412;-0.0022228069757246594;-0.001192925576655425;-0.03085661698728782;-0.000713144672988255;0.07032316500283263;18705543.0;16705369.0;16705369.0;10494739.0;7746924.0;129721.0;333999.0;160.0;292802597512.0;35606953020.0;33349927887.0;5089745625.0;218755970980.0;0.0;1315011.0;626639.0;838909.0;42159025159.0;16919356986.0;25215227395.0;1161605.0;153406.0;559676.0;66963.0;39656666026.0;2502359133.0;16424422189.0;494934797.0;730001.0;532722.0;14851.0;37423.0;365874.0;252410.0;1905.0;6446.0;2923862162.0;3350409838.0;496774258.0;35387978901.0;2171331764.0;1678375929.0;73971947.0;12995677346.0
UZB;;;;;-0.03324442453978937;5.376087094493731;5.320879278159058;4.327017108411683;-0.0022265311122033134;-0.0011330771943021884;-0.026563813045610223;-0.00021466730193989606;0.06572446034110027;3618.0;1929.0;0.0;1961.0;1605.0;46.0;6.0;0.0;34733765.0;22745521.0;9712394.0;2169436.0;106414.0;0.0;118.0;52.0;205.0;807905.0;516348.0;3400289.0;0.0;118.0;0.0;52.0;0.0;807905.0;0.0;516348.0;68.0;47.0;3.0;0.0;33.0;19.0;0.0;0.0;564495.0;81290.0;162120.0;0.0;345343.0;171005.0;0.0;0.0
VEN;;;;;-0.09367132526706436;5.2506775503879854;5.235569956296791;4.330196217724448;-0.0013174240400508756;-0.0005719095058308082;-0.02502298151342704;0.00019436907676189172;0.07414856682185632;898265.0;66775.0;796298.0;539819.0;311242.0;2429.0;44773.0;2.0;145863897565.0;2625354308.0;21538977162.0;809727345.0;120889838750.0;0.0;20221.0;49260.0;129027.0;396195713.0;2368051651.0;109878820154.0;13193.0;7028.0;45146.0;4114.0;262755191.0;133440522.0;2284853844.0;83197807.0;12657.0;7434.0;13.0;117.0;31351.0;16637.0;1010.0;262.0;74908635.0;184185230.0;265799.0;136836049.0;99004205.0;1326242407.0;483431347.0;459373692.0
VNM;30.0;0.0;16.0;;-0.021110173782707353;5.363206123937326;5.32360182709838;4.314593175186361;-0.0014011344978100296;-0.0009018661100787914;-0.025153648102194986;0.00011574616797913943;0.06615114793080941;68871.0;39513.0;12839.0;41739.0;26499.0;244.0;388.0;1.0;742913017.0;98106096.0;36623921.0;705892.0;607477108.0;0.0;3351.0;1233.0;3301.0;25554529.0;5489709.0;49488624.0;30.0;3321.0;9.0;1224.0;15492.0;25539037.0;865.0;5488844.0;2140.0;1105.0;65.0;41.0;771.0;461.0;1.0;0.0;14057321.0;1331379.0;228887.0;9936942.0;4623884.0;861482.0;4343.0;0.0
YEM;;;;;-0.1274072823923156;5.277121886258023;5.2581500100726375;4.319615179950046;-0.002677949362776943;-0.0017134857503433311;-0.027783675028804772;-0.00045762996251335226;0.06771374585064809;21248.0;14712.0;658.0;12646.0;8432.0;4.0;166.0;0.0;83662736.0;19214127.0;14563450.0;886680.0;48998479.0;0.0;1155.0;383.0;1677.0;8468666.0;2785470.0;3413385.0;12.0;1143.0;9.0;374.0;6768.0;8461898.0;72829.0;2712641.0;753.0;380.0;0.0;22.0;241.0;136.0;0.0;6.0;906936.0;375043.0;0.0;7186687.0;429353.0;170209.0;0.0;2185908.0
ZAF;3.0;0.0;0.0;;-0.08572861940428825;5.31805053390291;5.292385601815746;4.3156738139924355;-0.0020698620101654453;-0.0016093393280513248;-0.02538873715179248;-0.00035582726293642266;0.06908503664737348;604701.0;498324.0;498324.0;350631.0;236342.0;3624.0;14102.0;2.0;74650156266.0;970136136.0;2577975457.0;289356802.0;70812687871.0;0.0;44579.0;12436.0;40337.0;50386809756.0;237072300.0;1345254730.0;38976.0;5603.0;10096.0;2340.0;49352516220.0;1034293536.0;216922429.0;20149871.0;23799.0;16467.0;384.0;3929.0;7185.0;5042.0;27.0;182.0;62916581.0;176196553.0;55966109.0;50091730513.0;26293495.0;66853294.0;1134121.0;142791390.0
ZMB;;;;;-0.055017289974830595;5.372017265656151;5.331424660107825;4.292071848191835;-0.002536158400784652;-0.0016623803001878713;-0.02628181172057784;-6.8128548422463484e-06;0.06523905533895037;13984.0;9795.0;9795.0;8629.0;5235.0;33.0;86.0;1.0;27415065.0;15400306.0;9274379.0;710266.0;2030114.0;0.0;980.0;303.0;821.0;1907368.0;540688.0;1864722.0;796.0;184.0;235.0;68.0;1647578.0;259790.0;382006.0;158682.0;590.0;378.0;5.0;7.0;199.0;101.0;1.0;2.0;1077022.0;606445.0;92511.0;131390.0;405452.0;95481.0;22719.0;17036.0
ZWE;;;;;-0.09522038891193817;5.288992121242705;5.2816883514989055;4.2848329736773625;-0.0017490930159139782;-0.0008154679049854973;-0.02636343659012351;3.5835421899277163e-05;0.06951411046893687;31297.0;26554.0;26554.0;17184.0;13744.0;181.0;188.0;0.0;334546723.0;110338278.0;173741131.0;11831160.0;38636154.0;0.0;1902.0;607.0;1623.0;30526986.0;10934153.0;29866733.0;1652.0;250.0;524.0;83.0;29935588.0;591398.0;10296197.0;637956.0;1028.0;804.0;28.0;42.0;300.0;304.0;0.0;3.0;5482358.0;12749469.0;2357236.0;9937923.0;1998149.0;8152627.0;0.0;783377.0
