country;iso3;date;EPI_confirmed_cum;EPI_dead_cum;EPI_recovered_cum;ECO_price_open;ECO_price_high;ECO_price_low;ECO_price_close;EMO_Sentiment_x;EMO_Sentiment_stderr_x;EMO_VAD_V_x;EMO_VAD_A_x;EMO_VAD_D_x;EMO_VAD_V_stderr_x;EMO_VAD_A_stderr_x;EMO_VAD_D_stderr_x;EMO_Big5_O_x;EMO_Big5_C_x;EMO_Big5_E_x;EMO_Big5_A_x;EMO_Big5_N_x;EMO_Big5_O_stderr_x;EMO_Big5_C_stderr_x;EMO_Big5_E_stderr_x;EMO_Big5_A_stderr_x;EMO_Big5_N_stderr_x;EMO_Sentiment_y;EMO_Sentiment_stderr_y;EMO_VAD_V_y;EMO_VAD_A_y;EMO_VAD_D_y;EMO_VAD_V_stderr_y;EMO_VAD_A_stderr_y;EMO_VAD_D_stderr_y;EMO_Big5_O_y;EMO_Big5_C_y;EMO_Big5_E_y;EMO_Big5_A_y;EMO_Big5_N_y;EMO_Big5_O_stderr_y;EMO_Big5_C_stderr_y;EMO_Big5_E_stderr_y;EMO_Big5_A_stderr_y;EMO_Big5_N_stderr_y;EMO_Sentiment_x;EMO_Sentiment_stderr_x;EMO_VAD_V_x;EMO_VAD_A_x;EMO_VAD_D_x;EMO_VAD_V_stderr_x;EMO_VAD_A_stderr_x;EMO_VAD_D_stderr_x;EMO_Big5_O_x;EMO_Big5_C_x;EMO_Big5_E_x;EMO_Big5_A_x;EMO_Big5_N_x;EMO_Big5_O_stderr_x;EMO_Big5_C_stderr_x;EMO_Big5_E_stderr_x;EMO_Big5_A_stderr_x;EMO_Big5_N_stderr_x;EMO_Sentiment_y;EMO_Sentiment_stderr_y;EMO_VAD_V_y;EMO_VAD_A_y;EMO_VAD_D_y;EMO_VAD_V_stderr_y;EMO_VAD_A_stderr_y;EMO_VAD_D_stderr_y;EMO_Big5_O_y;EMO_Big5_C_y;EMO_Big5_E_y;EMO_Big5_A_y;EMO_Big5_N_y;EMO_Big5_O_stderr_y;EMO_Big5_C_stderr_y;EMO_Big5_E_stderr_y;EMO_Big5_A_stderr_y;EMO_Big5_N_stderr_y
Afghanistan;AFG;2020-01-22;0;0;0;;;;;0.13350707070707055;0.04447392728239008;5.516627137016416;5.395019424689065;4.0947079047275485;0.055674252504845485;0.0333530155172221;0.025513212909744447;-0.0007768248175182483;-0.00037130656934306565;-0.0168082628606187;0.0007697200208550573;0.07646964472251196;0.0006761505855865152;0.0006153079169054207;0.002474046716702193;0.0006247215124249657;0.0025073597184947396;0.13350707070707055;0.04447392728239008;5.516627137016416;5.395019424689065;4.0947079047275485;0.055674252504845485;0.0333530155172221;0.025513212909744447;-0.0007768248175182483;-0.00037130656934306565;-0.0168082628606187;0.0007697200208550573;0.07646964472251196;0.0006761505855865152;0.0006153079169054207;0.002474046716702193;0.0006247215124249657;0.0025073597184947396;0.13350707070707055;0.04447392728239008;5.516627137016415;5.395019424689065;4.0947079047275485;0.055674252504845485;0.0333530155172221;0.025513212909744447;-0.0007768248175182483;-0.00037130656934306565;-0.0168082628606187;0.0007697200208550573;0.07646964472251196;0.0006761505855865153;0.0006153079169054207;0.002474046716702193;0.0006247215124249657;0.0025073597184947396;0.13350707070707055;0.04447392728239008;5.516627137016414;5.395019424689065;4.094707904727548;0.05567425250484549;0.0333530155172221;0.025513212909744447;-0.0007768248175182483;-0.00037130656934306565;-0.0168082628606187;0.0007697200208550573;0.07646964472251196;0.0006761505855865154;0.0006153079169054207;0.002474046716702193;0.0006247215124249657;0.0025073597184947396
Afghanistan;AFG;2020-01-23;0;0;0;;;;;0.032812844036697264;0.03014336022857812;5.706086874100768;5.429589141750604;4.458575408061519;0.05258996876420147;0.032479478997729766;0.02762560970693668;-0.0005978428571428571;-0.00027034;-0.025077618190476214;0.0008138390476190476;0.06885256334693883;0.00043189663624333897;0.00045905053297356797;0.002397548478499097;0.0005425948456012863;0.0026995443479307475;0.032812844036697264;0.03014336022857812;5.706086874100768;5.429589141750604;4.4585754080615185;0.05258996876420147;0.032479478997729766;0.02762560970693668;-0.0005978428571428571;-0.00027034;-0.025077618190476214;0.0008138390476190476;0.06885256334693883;0.00043189663624333897;0.00045905053297356797;0.002397548478499097;0.0005425948456012863;0.0026995443479307475;0.032812844036697264;0.03014336022857812;5.706086874100768;5.429589141750604;4.458575408061519;0.05258996876420147;0.032479478997729766;0.02762560970693668;-0.0005978428571428571;-0.00027034;-0.025077618190476214;0.0008138390476190476;0.06885256334693883;0.00043189663624333897;0.00045905053297356797;0.002397548478499097;0.0005425948456012863;0.0026995443479307475;0.032812844036697264;0.03014336022857812;5.706086874100768;5.429589141750604;4.45857540806152;0.05258996876420147;0.03247947899772977;0.02762560970693668;-0.0005978428571428571;-0.00027034;-0.025077618190476214;0.0008138390476190476;0.06885256334693882;0.00043189663624333897;0.00045905053297356797;0.002397548478499097;0.0005425948456012863;0.0026995443479307475
Afghanistan;AFG;2020-01-24;0;0;0;;;;;0.12514927007299234;0.02363382016862799;5.981889572289263;5.5974334154171155;4.404033162131318;0.04444552436253048;0.026662937770233257;0.022294899953851897;-0.0020707800000000004;-2.7188333333333373e-05;-0.01891969801587302;-0.0013234627777777785;0.05291069790288222;0.0007661184072405651;0.0005786329372411348;0.0018574265237211727;0.0006958143363312758;0.002378312963671766;0.12514927007299234;0.02363382016862799;5.981889572289263;5.597433415417116;4.404033162131318;0.04444552436253048;0.026662937770233257;0.022294899953851897;-0.0020707800000000004;-2.7188333333333373e-05;-0.01891969801587302;-0.0013234627777777785;0.05291069790288222;0.0007661184072405651;0.0005786329372411348;0.0018574265237211727;0.0006958143363312758;0.002378312963671766;0.12514927007299234;0.02363382016862799;5.981889572289262;5.5974334154171155;4.404033162131318;0.04444552436253048;0.026662937770233257;0.022294899953851897;-0.0020707800000000004;-2.7188333333333373e-05;-0.01891969801587302;-0.0013234627777777785;0.05291069790288222;0.0007661184072405651;0.0005786329372411348;0.0018574265237211727;0.0006958143363312758;0.002378312963671766;0.12514927007299237;0.02363382016862799;5.981889572289261;5.597433415417115;4.404033162131318;0.04444552436253048;0.026662937770233257;0.022294899953851897;-0.0020707800000000004;-2.718833333333337e-05;-0.01891969801587302;-0.0013234627777777785;0.05291069790288222;0.0007661184072405651;0.0005786329372411347;0.0018574265237211727;0.0006958143363312757;0.002378312963671766
Afghanistan;AFG;2020-01-25;0;0;0;;;;;-0.10134229979466113;0.01854412673289629;5.5456475197192345;5.355387253948273;4.289446070085447;0.02562515938836328;0.0166238515161884;0.01627678979294249;-0.0009479910803482232;-0.0009809042624042623;-0.02070365617477771;-0.0007098339874411308;0.054083680871112885;0.0005105335033605912;0.0003377448463616303;0.001513730589281969;0.0006429008814872956;0.0019059548362916816;-0.10134229979466113;0.01854412673289629;5.5456475197192345;5.355387253948273;4.289446070085447;0.02562515938836328;0.0166238515161884;0.01627678979294249;-0.0009479910803482232;-0.0009809042624042623;-0.02070365617477771;-0.0007098339874411308;0.054083680871112885;0.0005105335033605912;0.0003377448463616303;0.001513730589281969;0.0006429008814872956;0.0019059548362916816;-0.10134229979466113;0.01854412673289629;5.5456475197192345;5.355387253948273;4.289446070085447;0.02562515938836328;0.0166238515161884;0.01627678979294249;-0.0009479910803482232;-0.0009809042624042623;-0.02070365617477771;-0.0007098339874411309;0.054083680871112885;0.0005105335033605912;0.0003377448463616303;0.001513730589281969;0.0006429008814872956;0.0019059548362916816;-0.10134229979466113;0.018544126732896293;5.5456475197192345;5.355387253948274;4.289446070085447;0.025625159388363277;0.0166238515161884;0.01627678979294249;-0.0009479910803482231;-0.0009809042624042623;-0.020703656174777707;-0.000709833987441131;0.05408368087111289;0.0005105335033605912;0.0003377448463616303;0.001513730589281969;0.0006429008814872956;0.0019059548362916816
Afghanistan;AFG;2020-01-26;0;0;0;;;;;-0.12672072953736654;0.016857018643846818;5.385083122627812;5.2359714659107945;4.293594919380413;0.022801490914786445;0.01781593615697237;0.01601238258592233;-0.00031992216652742964;-0.0016048438596491224;-0.02358262122807017;0.001010903001949317;0.06263359092628601;0.0003307859164848148;0.0003529029828200625;0.0012224559283711665;0.000362064445940758;0.0014365515517760555;-0.12672072953736654;0.016857018643846818;5.385083122627812;5.2359714659107945;4.293594919380413;0.022801490914786445;0.01781593615697237;0.01601238258592233;-0.00031992216652742964;-0.0016048438596491224;-0.02358262122807017;0.001010903001949317;0.06263359092628601;0.0003307859164848148;0.0003529029828200625;0.0012224559283711665;0.000362064445940758;0.0014365515517760555;-0.12672072953736654;0.016857018643846818;5.385083122627812;5.2359714659107945;4.293594919380413;0.022801490914786445;0.01781593615697237;0.01601238258592233;-0.00031992216652742964;-0.0016048438596491224;-0.02358262122807017;0.001010903001949317;0.06263359092628601;0.0003307859164848148;0.0003529029828200625;0.0012224559283711665;0.000362064445940758;0.0014365515517760555;-0.12672072953736657;0.01685701864384682;5.385083122627811;5.235971465910795;4.293594919380413;0.022801490914786445;0.01781593615697237;0.01601238258592233;-0.0003199221665274296;-0.0016048438596491226;-0.02358262122807017;0.001010903001949317;0.06263359092628601;0.0003307859164848148;0.0003529029828200625;0.0012224559283711663;0.00036206444594075795;0.0014365515517760555
Afghanistan;AFG;2020-01-27;0;0;0;;;;;-0.2150504939626781;0.01962797538924221;5.208117075137059;5.200984642613923;4.417631635747325;0.02505626340880298;0.019089295689075275;0.017438766699983194;-0.0005973227314913971;-0.0076384707646176735;-0.019799503573213542;0.0029744759120439823;0.05514511084005912;0.00032170735094927736;0.0007521153038938218;0.0015292260645110628;0.00043064828914043485;0.0019102306470660077;-0.2150504939626781;0.01962797538924221;5.208117075137059;5.200984642613923;4.417631635747325;0.02505626340880298;0.019089295689075275;0.017438766699983194;-0.0005973227314913971;-0.0076384707646176735;-0.019799503573213542;0.0029744759120439823;0.05514511084005912;0.00032170735094927736;0.0007521153038938218;0.0015292260645110628;0.00043064828914043485;0.0019102306470660077;-0.21505049396267814;0.01962797538924221;5.208117075137059;5.200984642613923;4.417631635747325;0.02505626340880298;0.019089295689075275;0.017438766699983194;-0.0005973227314913971;-0.0076384707646176735;-0.019799503573213542;0.0029744759120439823;0.05514511084005912;0.00032170735094927736;0.0007521153038938218;0.0015292260645110628;0.00043064828914043485;0.0019102306470660077;-0.21505049396267817;0.01962797538924221;5.208117075137059;5.200984642613923;4.417631635747325;0.02505626340880298;0.019089295689075275;0.017438766699983194;-0.0005973227314913971;-0.007638470764617674;-0.01979950357321354;0.0029744759120439823;0.05514511084005912;0.00032170735094927736;0.0007521153038938217;0.0015292260645110628;0.00043064828914043485;0.001910230647066008
Afghanistan;AFG;2020-01-28;0;0;0;;;;;-0.13321026392961854;0.022251227871557644;5.2959553630533875;5.2997760971312085;4.216656319314978;0.03373965802481016;0.022943474805607118;0.01905107761548422;-0.0049057822551169614;-0.004417693256578946;-0.012879289160400898;0.002364426104524132;0.04561051518246166;0.0007257343578684147;0.0007275586538601013;0.0020289847017816733;0.0008089145251888931;0.0025718103435912482;-0.13321026392961854;0.022251227871557644;5.295955363053388;5.2997760971312085;4.216656319314978;0.03373965802481016;0.022943474805607118;0.01905107761548422;-0.0049057822551169614;-0.004417693256578946;-0.012879289160400898;0.002364426104524132;0.04561051518246166;0.0007257343578684147;0.0007275586538601013;0.0020289847017816733;0.0008089145251888931;0.0025718103435912482;-0.13321026392961854;0.022251227871557644;5.2959553630533875;5.2997760971312085;4.216656319314978;0.03373965802481016;0.022943474805607118;0.01905107761548422;-0.0049057822551169614;-0.004417693256578946;-0.012879289160400898;0.0023644261045241317;0.04561051518246166;0.0007257343578684147;0.0007275586538601013;0.0020289847017816733;0.0008089145251888931;0.0025718103435912482;-0.13321026392961857;0.022251227871557644;5.295955363053388;5.2997760971312085;4.216656319314978;0.03373965802481016;0.02294347480560712;0.01905107761548422;-0.004905782255116962;-0.004417693256578946;-0.012879289160400898;0.0023644261045241313;0.04561051518246166;0.0007257343578684147;0.0007275586538601012;0.0020289847017816737;0.0008089145251888931;0.002571810343591248
Afghanistan;AFG;2020-01-29;0;0;0;;;;;-0.10607663125948424;0.02122745647558424;5.205014971060692;5.151635349709828;4.346287988896029;0.03334480748896045;0.02359385832456131;0.019649185250606244;-0.007666854677565851;-0.003934400999091734;-0.02474383448164006;-0.001428720186194369;0.05807864795703833;0.0012080654258477845;0.0007986380422887732;0.0016859624159913185;0.0006194420884446843;0.002268867296294573;-0.10607663125948424;0.02122745647558424;5.205014971060692;5.151635349709828;4.346287988896029;0.03334480748896045;0.02359385832456131;0.019649185250606244;-0.007666854677565851;-0.003934400999091734;-0.02474383448164006;-0.001428720186194369;0.05807864795703833;0.0012080654258477845;0.0007986380422887732;0.0016859624159913185;0.0006194420884446843;0.002268867296294573;-0.10607663125948423;0.02122745647558424;5.205014971060692;5.151635349709828;4.346287988896029;0.03334480748896045;0.02359385832456131;0.019649185250606244;-0.007666854677565851;-0.003934400999091734;-0.02474383448164006;-0.001428720186194369;0.05807864795703833;0.0012080654258477845;0.0007986380422887732;0.0016859624159913185;0.0006194420884446843;0.002268867296294573;-0.10607663125948422;0.021227456475584237;5.205014971060691;5.151635349709828;4.34628798889603;0.033344807488960446;0.02359385832456131;0.019649185250606244;-0.007666854677565851;-0.003934400999091734;-0.02474383448164006;-0.001428720186194369;0.05807864795703832;0.0012080654258477845;0.0007986380422887733;0.0016859624159913185;0.0006194420884446843;0.002268867296294573
Afghanistan;AFG;2020-01-30;0;0;0;;;;;-0.019677644411102955;0.01459013806092247;5.23192723700088;5.2181730897758785;4.257345126080633;0.02341225527018262;0.017085382901354768;0.013852565982627971;-0.0019992927771340296;-0.0013058783314020856;-0.02753249191910821;0.002397366976544126;0.06417952188695307;0.0003905797688124931;0.00029467469142464224;0.0012743864458602161;0.00043100267551562547;0.0012982873422927356;-0.019677644411102955;0.01459013806092247;5.23192723700088;5.218173089775879;4.257345126080633;0.02341225527018262;0.017085382901354768;0.013852565982627971;-0.0019992927771340296;-0.0013058783314020856;-0.02753249191910821;0.002397366976544126;0.06417952188695307;0.0003905797688124931;0.00029467469142464224;0.0012743864458602161;0.0004310026755156255;0.0012982873422927356;-0.019677644411102955;0.01459013806092247;5.23192723700088;5.2181730897758785;4.257345126080633;0.02341225527018262;0.017085382901354768;0.013852565982627971;-0.0019992927771340296;-0.0013058783314020856;-0.02753249191910821;0.002397366976544126;0.06417952188695307;0.0003905797688124931;0.00029467469142464224;0.0012743864458602161;0.00043100267551562547;0.0012982873422927356;-0.019677644411102955;0.01459013806092247;5.23192723700088;5.218173089775878;4.257345126080633;0.02341225527018262;0.017085382901354768;0.013852565982627971;-0.0019992927771340296;-0.0013058783314020856;-0.027532491919108212;0.002397366976544126;0.06417952188695307;0.0003905797688124931;0.00029467469142464224;0.001274386445860216;0.0004310026755156255;0.0012982873422927354
Afghanistan;AFG;2020-01-31;0;0;0;;;;;-0.14725497584541067;0.018651807855900662;5.119304271813977;5.223691304169218;4.348434241283737;0.028347501153906995;0.018139291372136795;0.01620520032085971;-0.004523124814264483;-0.0046463384926531326;-0.024423244409280728;-0.00041972932144626114;0.058742258632975615;0.0006106903543797692;0.0005966051503726741;0.0013249914567682402;0.0006319292317736543;0.0016053609711272545;-0.14725497584541067;0.018651807855900662;5.119304271813977;5.223691304169218;4.348434241283737;0.028347501153906995;0.018139291372136795;0.01620520032085971;-0.004523124814264483;-0.0046463384926531326;-0.024423244409280728;-0.00041972932144626114;0.058742258632975615;0.0006106903543797692;0.0005966051503726741;0.0013249914567682402;0.0006319292317736543;0.0016053609711272545;-0.14725497584541067;0.018651807855900662;5.119304271813977;5.223691304169218;4.348434241283737;0.028347501153906995;0.018139291372136795;0.01620520032085971;-0.004523124814264483;-0.0046463384926531326;-0.024423244409280728;-0.00041972932144626114;0.058742258632975615;0.0006106903543797692;0.0005966051503726741;0.0013249914567682402;0.0006319292317736543;0.0016053609711272545;-0.14725497584541067;0.018651807855900662;5.119304271813976;5.223691304169218;4.348434241283737;0.028347501153906995;0.018139291372136795;0.01620520032085971;-0.004523124814264483;-0.004646338492653133;-0.024423244409280728;-0.00041972932144626114;0.058742258632975615;0.0006106903543797692;0.0005966051503726741;0.0013249914567682402;0.0006319292317736543;0.0016053609711272543
Afghanistan;AFG;2020-02-01;0;0;0;;;;;-0.21053474714518736;0.023050421520857185;5.070804827854878;5.184523329844756;4.365825751583223;0.03556679268708498;0.024345737201364855;0.019344007139281943;-0.007018004074979625;-0.0061888288508557465;-0.0250036640315132;-0.003989876324368378;0.06551374439120036;0.0009875939910311152;0.0008959339838991476;0.0015713330274822837;0.0008284274805277267;0.0018115837835003187;-0.21053474714518736;0.023050421520857185;5.070804827854878;5.184523329844756;4.365825751583223;0.03556679268708498;0.024345737201364855;0.019344007139281943;-0.007018004074979625;-0.0061888288508557465;-0.0250036640315132;-0.003989876324368378;0.06551374439120036;0.0009875939910311152;0.0008959339838991476;0.0015713330274822837;0.0008284274805277267;0.0018115837835003187;-0.21053474714518736;0.023050421520857185;5.070804827854878;5.184523329844756;4.365825751583223;0.03556679268708498;0.024345737201364855;0.019344007139281943;-0.0070180040749796245;-0.0061888288508557465;-0.0250036640315132;-0.003989876324368378;0.06551374439120036;0.0009875939910311152;0.0008959339838991478;0.0015713330274822837;0.0008284274805277267;0.0018115837835003187;-0.21053474714518738;0.023050421520857185;5.070804827854878;5.184523329844756;4.365825751583223;0.035566792687084986;0.024345737201364858;0.019344007139281943;-0.007018004074979624;-0.0061888288508557465;-0.025003664031513197;-0.003989876324368378;0.06551374439120036;0.0009875939910311152;0.0008959339838991479;0.0015713330274822834;0.0008284274805277268;0.0018115837835003187
Afghanistan;AFG;2020-02-02;0;0;0;;;;;-0.06200077669902905;0.0252794645845272;5.2042102182025705;5.21784596319923;4.31602359460167;0.03671086511692066;0.025641158056807167;0.02009381508846921;-0.002398946794871795;-0.0020046040293040294;-0.0301515410191;0.00014335256410256391;0.0704101107600731;0.0007508017521997383;0.0006446472744593192;0.0016496055375090331;0.0005337701285567573;0.001629259024811758;-0.06200077669902905;0.0252794645845272;5.2042102182025705;5.21784596319923;4.31602359460167;0.03671086511692066;0.025641158056807167;0.02009381508846921;-0.002398946794871795;-0.0020046040293040294;-0.030151541019099996;0.00014335256410256391;0.0704101107600731;0.0007508017521997383;0.0006446472744593192;0.0016496055375090331;0.0005337701285567573;0.001629259024811758;-0.06200077669902905;0.0252794645845272;5.2042102182025705;5.21784596319923;4.31602359460167;0.03671086511692066;0.025641158056807167;0.02009381508846921;-0.002398946794871795;-0.0020046040293040294;-0.0301515410191;0.00014335256410256391;0.0704101107600731;0.0007508017521997383;0.0006446472744593192;0.0016496055375090331;0.0005337701285567573;0.001629259024811758;-0.06200077669902905;0.025279464584527202;5.20421021820257;5.21784596319923;4.31602359460167;0.03671086511692066;0.025641158056807167;0.02009381508846921;-0.002398946794871795;-0.0020046040293040294;-0.030151541019099996;0.0001433525641025639;0.0704101107600731;0.0007508017521997383;0.0006446472744593193;0.0016496055375090331;0.0005337701285567573;0.001629259024811758
Afghanistan;AFG;2020-02-03;0;0;0;;;;;-0.08688470873786408;0.027587259937934167;5.214932602079566;5.214076529387589;4.310106616539903;0.03875187497211618;0.02811161045256201;0.023690750406085488;-0.0002636109154929578;-0.00017330017605633803;-0.034023686535881954;-0.00023864753521126767;0.07567414205693086;0.0003456121582978133;0.00016125831651863805;0.0018839433232570536;0.00046838731630436525;0.001662716001420997;-0.08688470873786408;0.027587259937934167;5.214932602079566;5.214076529387589;4.310106616539903;0.03875187497211618;0.02811161045256201;0.023690750406085488;-0.0002636109154929578;-0.00017330017605633803;-0.034023686535881954;-0.00023864753521126767;0.07567414205693086;0.0003456121582978133;0.00016125831651863805;0.0018839433232570536;0.00046838731630436525;0.001662716001420997;-0.08688470873786408;0.027587259937934167;5.214932602079566;5.214076529387589;4.310106616539903;0.038751874972116185;0.028111610452562014;0.023690750406085488;-0.0002636109154929578;-0.00017330017605633803;-0.034023686535881954;-0.00023864753521126767;0.07567414205693086;0.0003456121582978133;0.00016125831651863805;0.0018839433232570538;0.00046838731630436525;0.001662716001420997;-0.08688470873786408;0.027587259937934167;5.214932602079567;5.214076529387589;4.310106616539903;0.03875187497211619;0.028111610452562018;0.023690750406085488;-0.0002636109154929578;-0.00017330017605633803;-0.034023686535881954;-0.0002386475352112677;0.07567414205693086;0.0003456121582978133;0.00016125831651863805;0.001883943323257054;0.00046838731630436525;0.001662716001420997
Afghanistan;AFG;2020-02-04;0;0;0;;;;;-0.16208501440922188;0.030397229076961168;5.194407315410549;5.1705684626973465;4.345144898423393;0.0415301923064212;0.029171389371304993;0.024044599508231616;-0.0018006690140845074;-0.0010510780125195618;-0.028138651349765214;-0.00037064788732394375;0.07046437274785072;0.0006243486497236755;0.0004762634487566335;0.0017747121361494317;0.00044861638146662683;0.0017595247219034415;-0.16208501440922188;0.030397229076961168;5.194407315410549;5.1705684626973465;4.345144898423393;0.0415301923064212;0.029171389371304993;0.024044599508231616;-0.0018006690140845074;-0.0010510780125195618;-0.028138651349765214;-0.00037064788732394375;0.07046437274785072;0.0006243486497236755;0.0004762634487566335;0.0017747121361494317;0.0004486163814666268;0.0017595247219034415;-0.16208501440922188;0.030397229076961168;5.194407315410549;5.1705684626973465;4.345144898423393;0.0415301923064212;0.029171389371304993;0.024044599508231616;-0.0018006690140845074;-0.0010510780125195618;-0.028138651349765214;-0.00037064788732394375;0.07046437274785072;0.0006243486497236755;0.0004762634487566335;0.0017747121361494317;0.00044861638146662683;0.0017595247219034415;-0.16208501440922188;0.030397229076961168;5.19440731541055;5.170568462697347;4.345144898423393;0.0415301923064212;0.029171389371304993;0.024044599508231616;-0.0018006690140845072;-0.0010510780125195618;-0.028138651349765214;-0.00037064788732394375;0.07046437274785072;0.0006243486497236755;0.00047626344875663346;0.0017747121361494317;0.00044861638146662694;0.0017595247219034415
Afghanistan;AFG;2020-02-05;0;0;0;;;;;0.017737460317460305;0.03268528456499986;5.365198635835154;5.24599733448198;4.3398762240319435;0.04927080196650607;0.03344966090717524;0.0275919041081462;-0.0011256168224299066;-0.0008220528296988577;-0.02586600630841121;0.00015689096573208715;0.07204516482683987;0.0007379880422114533;0.0005692357241871544;0.002193753249467053;0.0004093588317951077;0.002143153044121153;0.017737460317460305;0.03268528456499986;5.365198635835154;5.24599733448198;4.339876224031944;0.049270801966506066;0.03344966090717524;0.0275919041081462;-0.0011256168224299066;-0.0008220528296988577;-0.02586600630841121;0.00015689096573208715;0.07204516482683987;0.0007379880422114533;0.0005692357241871544;0.002193753249467053;0.0004093588317951077;0.002143153044121153;0.017737460317460305;0.03268528456499986;5.365198635835154;5.24599733448198;4.3398762240319435;0.04927080196650607;0.03344966090717524;0.027591904108146197;-0.0011256168224299066;-0.0008220528296988577;-0.02586600630841121;0.00015689096573208715;0.07204516482683987;0.0007379880422114533;0.0005692357241871544;0.002193753249467053;0.0004093588317951077;0.002143153044121153;0.017737460317460305;0.03268528456499986;5.365198635835153;5.24599733448198;4.339876224031943;0.049270801966506066;0.03344966090717524;0.027591904108146194;-0.0011256168224299066;-0.0008220528296988578;-0.025866006308411207;0.00015689096573208715;0.07204516482683986;0.0007379880422114533;0.0005692357241871545;0.0021937532494670535;0.00040935883179510764;0.002143153044121153
Afghanistan;AFG;2020-02-06;0;0;0;;;;;-0.18116508474576284;0.03145507663810285;5.0362107289854965;5.1323669626345065;4.35323300395759;0.05188805514032285;0.036581627997886536;0.024682457800141683;-0.0009949150943396226;-0.0010898419811320754;-0.02901629296383645;0.0001307528301886791;0.07528322608123017;0.0005784120453915528;0.0005463479214995998;0.0021826819506839067;0.000605997582560024;0.0019762880476115246;-0.18116508474576284;0.03145507663810285;5.0362107289854965;5.1323669626345065;4.35323300395759;0.05188805514032285;0.036581627997886536;0.024682457800141683;-0.0009949150943396226;-0.0010898419811320754;-0.02901629296383645;0.0001307528301886791;0.07528322608123017;0.0005784120453915528;0.0005463479214995998;0.0021826819506839067;0.000605997582560024;0.0019762880476115246;-0.18116508474576284;0.03145507663810285;5.0362107289854965;5.1323669626345065;4.35323300395759;0.05188805514032285;0.036581627997886536;0.024682457800141683;-0.0009949150943396226;-0.0010898419811320754;-0.02901629296383645;0.0001307528301886791;0.07528322608123017;0.0005784120453915528;0.0005463479214995998;0.0021826819506839067;0.000605997582560024;0.0019762880476115246;-0.18116508474576284;0.03145507663810285;5.0362107289854965;5.1323669626345065;4.35323300395759;0.05188805514032285;0.03658162799788654;0.024682457800141683;-0.0009949150943396228;-0.0010898419811320754;-0.02901629296383645;0.0001307528301886791;0.07528322608123017;0.0005784120453915528;0.0005463479214995998;0.0021826819506839063;0.000605997582560024;0.0019762880476115246
Afghanistan;AFG;2020-02-07;0;0;0;;;;;-0.17512573099415218;0.03059373938494617;5.14060403810404;5.179742275908942;4.355486228819557;0.04435197443862921;0.030052290232075143;0.024969211515723903;-0.001393822448979592;-0.0005502163265306122;-0.025618180612244863;-0.00036857047619047657;0.07089242115867124;0.0005872129007992721;0.0006801814890011615;0.0023082892340889;0.0007705509305653232;0.002324960359766326;-0.17512573099415218;0.03059373938494617;5.14060403810404;5.179742275908942;4.355486228819557;0.04435197443862921;0.030052290232075143;0.024969211515723903;-0.001393822448979592;-0.0005502163265306122;-0.025618180612244863;-0.00036857047619047657;0.07089242115867124;0.0005872129007992721;0.0006801814890011615;0.0023082892340889;0.0007705509305653232;0.002324960359766326;-0.17512573099415218;0.03059373938494617;5.14060403810404;5.179742275908942;4.355486228819557;0.04435197443862921;0.030052290232075143;0.024969211515723903;-0.001393822448979592;-0.0005502163265306122;-0.025618180612244863;-0.00036857047619047657;0.07089242115867124;0.0005872129007992721;0.0006801814890011615;0.0023082892340889;0.0007705509305653232;0.002324960359766326;-0.17512573099415218;0.030593739384946167;5.14060403810404;5.179742275908942;4.355486228819557;0.04435197443862921;0.030052290232075146;0.024969211515723903;-0.0013938224489795919;-0.0005502163265306122;-0.025618180612244863;-0.00036857047619047657;0.07089242115867124;0.0005872129007992721;0.0006801814890011615;0.0023082892340889;0.0007705509305653232;0.002324960359766326
Afghanistan;AFG;2020-02-08;0;0;0;;;;;-0.05610521978021977;0.02959043869991324;5.003361720176378;5.1445530547039215;4.336019613448488;0.05292457744239675;0.032722437934071195;0.025598591087964702;-0.001809454183266932;-0.0006814362549800798;-0.019299692297476755;-0.0007825883134130147;0.07222742496363749;0.0006160061122119162;0.0005831293258591727;0.0020202892593535315;0.0008037703210559683;0.002060415660672318;-0.05610521978021977;0.02959043869991324;5.003361720176378;5.1445530547039215;4.336019613448488;0.05292457744239675;0.032722437934071195;0.025598591087964702;-0.001809454183266932;-0.0006814362549800798;-0.019299692297476755;-0.0007825883134130147;0.07222742496363749;0.0006160061122119162;0.0005831293258591727;0.0020202892593535315;0.0008037703210559683;0.002060415660672318;-0.05610521978021977;0.02959043869991324;5.003361720176378;5.1445530547039215;4.336019613448488;0.05292457744239675;0.032722437934071195;0.025598591087964702;-0.001809454183266932;-0.0006814362549800798;-0.019299692297476755;-0.0007825883134130148;0.07222742496363749;0.0006160061122119162;0.0005831293258591727;0.0020202892593535315;0.0008037703210559683;0.002060415660672318;-0.05610521978021977;0.02959043869991324;5.003361720176378;5.1445530547039215;4.336019613448488;0.05292457744239675;0.032722437934071195;0.025598591087964705;-0.0018094541832669318;-0.0006814362549800797;-0.019299692297476755;-0.0007825883134130149;0.07222742496363749;0.0006160061122119163;0.0005831293258591728;0.0020202892593535315;0.0008037703210559683;0.002060415660672318
Afghanistan;AFG;2020-02-09;0;0;0;;;;;-0.0580604838709678;0.02702528533366973;5.263489868088018;5.300766280318718;4.311051814629623;0.04745928644939983;0.03317576329125587;0.023415463999130987;-0.0014776210045662102;-0.0011268797564687974;-0.026659748858447463;-3.295768645357695e-05;0.07346865163775118;0.0007004365587234513;0.0005312333491454447;0.002274613613413541;0.0007416164358288071;0.00218578789453902;-0.0580604838709678;0.02702528533366973;5.263489868088018;5.300766280318718;4.311051814629623;0.04745928644939983;0.03317576329125587;0.023415463999130987;-0.0014776210045662102;-0.0011268797564687974;-0.026659748858447463;-3.295768645357695e-05;0.07346865163775118;0.0007004365587234513;0.0005312333491454447;0.002274613613413541;0.0007416164358288071;0.00218578789453902;-0.0580604838709678;0.02702528533366973;5.263489868088019;5.300766280318718;4.311051814629623;0.04745928644939983;0.03317576329125587;0.023415463999130987;-0.0014776210045662102;-0.0011268797564687974;-0.026659748858447463;-3.295768645357695e-05;0.07346865163775118;0.0007004365587234513;0.0005312333491454447;0.002274613613413541;0.0007416164358288071;0.00218578789453902;-0.0580604838709678;0.027025285333669734;5.26348986808802;5.300766280318718;4.311051814629623;0.047459286449399826;0.03317576329125587;0.023415463999130987;-0.0014776210045662102;-0.0011268797564687974;-0.026659748858447463;-3.295768645357695e-05;0.07346865163775117;0.0007004365587234513;0.0005312333491454447;0.0022746136134135413;0.0007416164358288071;0.00218578789453902
Afghanistan;AFG;2020-02-10;0;0;0;;;;;-0.032145955882352945;0.033320364144120006;5.3886772126407605;5.287859824878057;4.265150237590341;0.05116751753872791;0.036508311531174086;0.02413003862395479;-0.0025037107558139537;0.0005406259689922479;-0.02401064147286824;-0.0006791962209302327;0.0739530875757708;0.0009712521353936293;0.0011677478326136926;0.0024989504283931853;0.0009662815595421784;0.002449696447066441;-0.032145955882352945;0.033320364144120006;5.3886772126407605;5.287859824878057;4.265150237590341;0.05116751753872791;0.036508311531174086;0.02413003862395479;-0.0025037107558139537;0.0005406259689922479;-0.02401064147286824;-0.0006791962209302327;0.0739530875757708;0.0009712521353936293;0.0011677478326136926;0.0024989504283931853;0.0009662815595421784;0.002449696447066441;-0.032145955882352945;0.033320364144120006;5.3886772126407605;5.287859824878057;4.265150237590341;0.05116751753872791;0.036508311531174086;0.02413003862395479;-0.0025037107558139537;0.0005406259689922479;-0.02401064147286824;-0.0006791962209302327;0.0739530875757708;0.0009712521353936293;0.0011677478326136926;0.0024989504283931853;0.0009662815595421784;0.002449696447066441;-0.032145955882352945;0.033320364144120006;5.3886772126407605;5.287859824878056;4.265150237590341;0.05116751753872791;0.036508311531174086;0.02413003862395479;-0.0025037107558139537;0.0005406259689922479;-0.02401064147286824;-0.0006791962209302327;0.0739530875757708;0.0009712521353936292;0.0011677478326136924;0.0024989504283931853;0.0009662815595421785;0.0024496964470664406
Afghanistan;AFG;2020-02-11;0;0;0;;;;;-0.09093443223443218;0.03187382034023315;5.247445057374861;5.2158745748251585;4.268579154853503;0.04516099985917224;0.032080173522714035;0.02498609750005219;-0.0013138561759729276;-0.0011193756345177664;-0.027490532656514376;0.00025476649746192893;0.07562900579664053;0.0006064836846848487;0.0005568816355089615;0.002442356525603611;0.0006185451886811921;0.0020683861060495773;-0.09093443223443218;0.03187382034023315;5.247445057374861;5.215874574825158;4.268579154853503;0.04516099985917224;0.032080173522714035;0.02498609750005219;-0.0013138561759729276;-0.0011193756345177664;-0.027490532656514376;0.00025476649746192893;0.07562900579664053;0.0006064836846848487;0.0005568816355089615;0.002442356525603611;0.0006185451886811921;0.0020683861060495773;-0.09093443223443218;0.03187382034023315;5.247445057374861;5.215874574825157;4.268579154853503;0.045160999859172234;0.032080173522714035;0.02498609750005219;-0.0013138561759729276;-0.0011193756345177664;-0.027490532656514376;0.00025476649746192893;0.07562900579664053;0.0006064836846848487;0.0005568816355089615;0.0024423565256036107;0.0006185451886811921;0.0020683861060495773;-0.09093443223443218;0.03187382034023315;5.247445057374861;5.215874574825156;4.268579154853503;0.04516099985917223;0.03208017352271404;0.02498609750005219;-0.0013138561759729274;-0.0011193756345177664;-0.027490532656514376;0.00025476649746192893;0.07562900579664053;0.0006064836846848487;0.0005568816355089615;0.0024423565256036102;0.0006185451886811921;0.0020683861060495773
Afghanistan;AFG;2020-02-12;0;0;0;;;;;-0.03941155555555555;0.0368645344712887;5.297260411540278;5.241406821055052;4.294471723581238;0.0559940528936622;0.038173909686344536;0.02862857940342397;-0.001969109489051095;-0.0009162846715328466;-0.020591447080291984;-0.0005349063260340635;0.06796984180859693;0.0009839055083269454;0.000746883226832921;0.002744643966986768;0.0009856805221598154;0.0030228395984716024;-0.03941155555555555;0.0368645344712887;5.297260411540278;5.241406821055052;4.294471723581238;0.0559940528936622;0.038173909686344536;0.02862857940342397;-0.001969109489051095;-0.0009162846715328466;-0.020591447080291984;-0.0005349063260340635;0.06796984180859693;0.0009839055083269454;0.000746883226832921;0.0027446439669867677;0.0009856805221598154;0.0030228395984716024;-0.03941155555555555;0.0368645344712887;5.297260411540278;5.241406821055052;4.294471723581238;0.0559940528936622;0.038173909686344536;0.02862857940342397;-0.001969109489051095;-0.0009162846715328466;-0.020591447080291984;-0.0005349063260340635;0.06796984180859693;0.0009839055083269454;0.000746883226832921;0.0027446439669867673;0.0009856805221598154;0.0030228395984716024;-0.03941155555555555;0.0368645344712887;5.297260411540277;5.241406821055052;4.294471723581238;0.055994052893662195;0.038173909686344536;0.02862857940342397;-0.001969109489051095;-0.0009162846715328468;-0.020591447080291984;-0.0005349063260340635;0.06796984180859693;0.0009839055083269454;0.000746883226832921;0.002744643966986767;0.0009856805221598154;0.0030228395984716024
Afghanistan;AFG;2020-02-13;0;0;0;;;;;-0.19352510822510827;0.03596378337378072;5.326845697297872;5.272752371541504;4.315555542102821;0.05620263200313369;0.038619303166732635;0.03219506412064453;-0.005634756756756757;-0.005652587837837837;-0.026072528112934392;-0.003999883445945947;0.07204646332293836;0.0012430201266165786;0.0012949427594034302;0.002783370729937497;0.0013483885724120599;0.002913698808389716;-0.19352510822510827;0.03596378337378072;5.326845697297872;5.272752371541504;4.315555542102821;0.05620263200313369;0.038619303166732635;0.03219506412064453;-0.005634756756756757;-0.005652587837837837;-0.026072528112934392;-0.003999883445945947;0.07204646332293836;0.0012430201266165786;0.0012949427594034302;0.002783370729937497;0.0013483885724120599;0.002913698808389716;-0.19352510822510827;0.03596378337378072;5.326845697297872;5.272752371541504;4.315555542102821;0.05620263200313369;0.038619303166732635;0.03219506412064453;-0.0056347567567567565;-0.005652587837837837;-0.026072528112934392;-0.003999883445945947;0.07204646332293836;0.0012430201266165786;0.0012949427594034302;0.002783370729937497;0.0013483885724120599;0.002913698808389716;-0.19352510822510827;0.03596378337378072;5.3268456972978715;5.272752371541504;4.315555542102821;0.05620263200313369;0.03861930316673264;0.03219506412064453;-0.005634756756756756;-0.005652587837837837;-0.026072528112934392;-0.003999883445945947;0.07204646332293836;0.0012430201266165784;0.0012949427594034302;0.002783370729937497;0.0013483885724120599;0.0029136988083897156
Afghanistan;AFG;2020-02-14;0;0;0;;;;;-0.09038378378378364;0.03726568424929032;5.278926247303938;5.2638049773502384;4.418411540028457;0.05246531742962255;0.03740681866297213;0.03846563509967468;-0.007053056818181816;-0.006107518939393939;-0.02616781085858589;-0.005543765151515152;0.06711826143648024;0.0015328604038293994;0.00154045755364935;0.002912241986202439;0.001513700375908541;0.0027638741445255885;-0.09038378378378364;0.03726568424929032;5.2789262473039384;5.2638049773502384;4.418411540028457;0.05246531742962255;0.03740681866297213;0.03846563509967468;-0.007053056818181816;-0.006107518939393939;-0.02616781085858589;-0.005543765151515152;0.06711826143648024;0.0015328604038293994;0.00154045755364935;0.002912241986202439;0.001513700375908541;0.0027638741445255885;-0.09038378378378364;0.03726568424929032;5.278926247303938;5.2638049773502384;4.418411540028457;0.05246531742962255;0.03740681866297213;0.03846563509967468;-0.007053056818181816;-0.006107518939393939;-0.02616781085858589;-0.005543765151515152;0.06711826143648024;0.0015328604038293994;0.00154045755364935;0.002912241986202439;0.001513700375908541;0.0027638741445255885;-0.09038378378378364;0.03726568424929032;5.2789262473039384;5.2638049773502384;4.418411540028457;0.05246531742962255;0.03740681866297213;0.03846563509967468;-0.007053056818181816;-0.006107518939393939;-0.02616781085858589;-0.005543765151515152;0.06711826143648024;0.0015328604038293996;0.00154045755364935;0.002912241986202439;0.001513700375908541;0.0027638741445255885
Afghanistan;AFG;2020-02-15;0;0;0;;;;;-0.11484266055045865;0.039953071881394034;5.239423704529871;5.213556486005118;4.34038352527736;0.06156746999282104;0.0412958282852151;0.03210725903841395;-0.0023823422818791944;-0.002827208053691275;-0.03007702997762865;-0.0005590162192393738;0.07430697178053121;0.0010760936461700593;0.0009773672035051613;0.002601784781808304;0.0011693203910127152;0.002336640456076332;-0.11484266055045865;0.039953071881394034;5.239423704529871;5.213556486005118;4.34038352527736;0.06156746999282104;0.0412958282852151;0.03210725903841395;-0.0023823422818791944;-0.002827208053691275;-0.03007702997762865;-0.0005590162192393738;0.07430697178053121;0.0010760936461700593;0.0009773672035051613;0.002601784781808304;0.0011693203910127152;0.002336640456076332;-0.11484266055045865;0.039953071881394034;5.239423704529871;5.213556486005118;4.34038352527736;0.06156746999282104;0.0412958282852151;0.03210725903841395;-0.0023823422818791944;-0.002827208053691275;-0.03007702997762865;-0.0005590162192393738;0.07430697178053121;0.0010760936461700593;0.0009773672035051613;0.002601784781808304;0.0011693203910127152;0.0023366404560763317;-0.11484266055045865;0.039953071881394034;5.239423704529871;5.213556486005117;4.34038352527736;0.06156746999282104;0.0412958282852151;0.03210725903841395;-0.0023823422818791944;-0.002827208053691275;-0.03007702997762865;-0.0005590162192393738;0.07430697178053121;0.0010760936461700593;0.0009773672035051611;0.002601784781808304;0.0011693203910127152;0.0023366404560763313
Afghanistan;AFG;2020-02-16;0;0;0;;;;;-0.016094350282485882;0.040731781494326234;5.397849116465308;5.2550965929305535;4.293716131167056;0.06015653440238085;0.04176604753495625;0.03282217399734027;-0.00026723076923076944;-0.0010715769230769231;-0.02975259800569803;0.0011499059829059824;0.07083124765640345;0.0008610245397496392;0.0006531099304810279;0.003252265630683298;0.0008389927118601867;0.003124021868785241;-0.016094350282485882;0.040731781494326234;5.397849116465308;5.2550965929305535;4.293716131167056;0.06015653440238085;0.04176604753495625;0.03282217399734027;-0.00026723076923076944;-0.0010715769230769231;-0.02975259800569803;0.0011499059829059824;0.07083124765640345;0.0008610245397496392;0.0006531099304810279;0.003252265630683298;0.0008389927118601867;0.003124021868785241;-0.016094350282485882;0.040731781494326234;5.397849116465308;5.2550965929305535;4.293716131167056;0.06015653440238085;0.04176604753495625;0.03282217399734027;-0.00026723076923076944;-0.0010715769230769231;-0.02975259800569803;0.0011499059829059824;0.07083124765640345;0.0008610245397496392;0.0006531099304810279;0.003252265630683298;0.0008389927118601867;0.003124021868785241;-0.016094350282485882;0.040731781494326234;5.397849116465308;5.255096592930554;4.293716131167055;0.060156534402380855;0.041766047534956253;0.03282217399734027;-0.00026723076923076944;-0.0010715769230769231;-0.02975259800569803;0.0011499059829059826;0.07083124765640345;0.0008610245397496392;0.0006531099304810279;0.003252265630683298;0.0008389927118601868;0.0031240218687852415
Afghanistan;AFG;2020-02-17;0;0;0;;;;;-0.07584827586206905;0.040351501442646785;5.227709854085616;5.250004028322628;4.401621412462875;0.06711037482762931;0.04419952439918609;0.03643934721537224;-0.0005407710280373831;-0.0007570093457943926;-0.031726132398753916;0.0003476993769470404;0.0731795884290165;0.0010370761221983724;0.000980749112864752;0.003250714946851241;0.0011673495459429658;0.003072207666000817;-0.07584827586206905;0.04035150144264679;5.227709854085616;5.250004028322628;4.401621412462875;0.06711037482762931;0.04419952439918609;0.03643934721537224;-0.0005407710280373831;-0.0007570093457943926;-0.031726132398753916;0.0003476993769470404;0.0731795884290165;0.0010370761221983724;0.000980749112864752;0.003250714946851241;0.0011673495459429658;0.003072207666000817;-0.07584827586206905;0.040351501442646785;5.227709854085616;5.250004028322628;4.401621412462875;0.06711037482762931;0.04419952439918609;0.03643934721537224;-0.0005407710280373831;-0.0007570093457943926;-0.031726132398753916;0.0003476993769470404;0.0731795884290165;0.0010370761221983724;0.000980749112864752;0.003250714946851241;0.0011673495459429658;0.003072207666000817;-0.07584827586206905;0.04035150144264679;5.2277098540856155;5.250004028322629;4.401621412462875;0.06711037482762931;0.04419952439918609;0.03643934721537224;-0.0005407710280373831;-0.0007570093457943926;-0.03172613239875391;0.00034769937694704035;0.0731795884290165;0.0010370761221983724;0.000980749112864752;0.0032507149468512415;0.0011673495459429658;0.003072207666000817
Afghanistan;AFG;2020-02-18;0;0;0;;;;;-0.2597439655172414;0.034180021157278154;5.43017744015244;5.278631148712389;4.3928116365116425;0.04408384864990415;0.029713555766168805;0.02259671528009743;0.0002384060606060606;0.00019227474747474755;0.004648968383838389;0.010335939393939404;0.05715160740259745;0.00026861621232356325;0.00031275570887112755;0.004123447819397764;0.001298189143722348;0.0032192119346078803;-0.2597439655172414;0.034180021157278154;5.43017744015244;5.278631148712389;4.3928116365116425;0.04408384864990415;0.029713555766168805;0.02259671528009743;0.0002384060606060606;0.00019227474747474755;0.004648968383838389;0.010335939393939404;0.05715160740259745;0.00026861621232356325;0.00031275570887112755;0.004123447819397764;0.001298189143722348;0.0032192119346078803;-0.2597439655172414;0.034180021157278154;5.43017744015244;5.278631148712389;4.3928116365116425;0.04408384864990415;0.029713555766168805;0.02259671528009743;0.0002384060606060606;0.00019227474747474755;0.004648968383838389;0.010335939393939404;0.05715160740259745;0.00026861621232356325;0.00031275570887112755;0.004123447819397764;0.001298189143722348;0.0032192119346078803;-0.2597439655172414;0.034180021157278154;5.43017744015244;5.278631148712389;4.3928116365116425;0.044083848649904146;0.029713555766168808;0.02259671528009743;0.0002384060606060606;0.00019227474747474753;0.004648968383838389;0.010335939393939404;0.05715160740259745;0.00026861621232356325;0.00031275570887112755;0.004123447819397764;0.001298189143722348;0.00321921193460788
Afghanistan;AFG;2020-02-19;0;0;0;;;;;-0.1565923636363636;0.03449483681087176;5.4254125144059575;5.331008918514241;4.3788024746483964;0.04399903501329118;0.03181509666760382;0.02386840980745874;7.541743119266053e-05;0.00028377522935779816;0.008653555657492347;0.011052623853211029;0.05130931124217274;0.0003225137634524116;0.00042759983674707996;0.003406692163773039;0.0010726349149429062;0.0026982219358038656;-0.1565923636363636;0.03449483681087176;5.4254125144059575;5.331008918514241;4.3788024746483964;0.04399903501329118;0.03181509666760382;0.02386840980745874;7.541743119266053e-05;0.00028377522935779816;0.008653555657492347;0.011052623853211029;0.05130931124217274;0.0003225137634524116;0.00042759983674707996;0.003406692163773039;0.0010726349149429062;0.0026982219358038656;-0.1565923636363636;0.03449483681087176;5.425412514405958;5.331008918514241;4.3788024746483964;0.04399903501329118;0.03181509666760382;0.02386840980745874;7.541743119266053e-05;0.00028377522935779816;0.008653555657492347;0.011052623853211029;0.05130931124217274;0.0003225137634524116;0.00042759983674707996;0.003406692163773039;0.0010726349149429062;0.0026982219358038656;-0.1565923636363636;0.03449483681087176;5.425412514405959;5.331008918514241;4.378802474648396;0.04399903501329118;0.03181509666760382;0.02386840980745874;7.541743119266054e-05;0.00028377522935779816;0.008653555657492347;0.011052623853211027;0.05130931124217274;0.0003225137634524116;0.00042759983674708;0.0034066921637730388;0.0010726349149429062;0.0026982219358038656
Afghanistan;AFG;2020-02-20;0;0;0;;;;;-0.12552938596491225;0.03360847119377155;5.396589168625745;5.2960543656224255;4.314938001007393;0.0508433941039373;0.034959267576783595;0.027269616447108104;-0.00220639696969697;-0.001472539393939394;-0.01792684373737375;0.0018231717171717167;0.07520479858294976;0.00091673895846597;0.0007072953464134803;0.002869226049201607;0.000712724360210337;0.002201564657300385;-0.12552938596491225;0.03360847119377155;5.396589168625745;5.2960543656224255;4.314938001007393;0.0508433941039373;0.034959267576783595;0.027269616447108104;-0.00220639696969697;-0.001472539393939394;-0.01792684373737375;0.0018231717171717167;0.07520479858294976;0.00091673895846597;0.0007072953464134803;0.002869226049201607;0.000712724360210337;0.002201564657300385;-0.12552938596491225;0.03360847119377155;5.396589168625745;5.2960543656224255;4.314938001007393;0.0508433941039373;0.034959267576783595;0.027269616447108104;-0.00220639696969697;-0.001472539393939394;-0.01792684373737375;0.0018231717171717171;0.07520479858294976;0.00091673895846597;0.0007072953464134803;0.002869226049201607;0.000712724360210337;0.002201564657300385;-0.12552938596491225;0.03360847119377155;5.396589168625745;5.296054365622425;4.314938001007393;0.0508433941039373;0.034959267576783595;0.027269616447108104;-0.00220639696969697;-0.001472539393939394;-0.01792684373737375;0.001823171717171717;0.07520479858294976;0.0009167389584659701;0.0007072953464134802;0.0028692260492016067;0.000712724360210337;0.002201564657300385
Afghanistan;AFG;2020-02-21;0;0;0;;;;;-0.04708128078817736;0.03743517352006361;5.524829706699919;5.3642383005882985;4.246095411680519;0.055560611977436884;0.03413848125802015;0.029884020655318408;-0.0016277129629629632;-0.00147829012345679;-0.02771028259847149;-0.0005693179012345677;0.07606825014748811;0.001181435264666956;0.0010473087434692227;0.0024139119242834518;0.0009305460897487943;0.0023482793635986464;-0.04708128078817736;0.03743517352006361;5.524829706699919;5.3642383005882985;4.2460954116805185;0.055560611977436884;0.03413848125802015;0.029884020655318408;-0.0016277129629629632;-0.00147829012345679;-0.02771028259847149;-0.0005693179012345678;0.07606825014748811;0.001181435264666956;0.0010473087434692227;0.0024139119242834518;0.0009305460897487943;0.0023482793635986464;-0.04708128078817736;0.03743517352006361;5.524829706699918;5.3642383005882985;4.246095411680519;0.055560611977436884;0.03413848125802015;0.029884020655318408;-0.0016277129629629632;-0.00147829012345679;-0.02771028259847149;-0.0005693179012345679;0.07606825014748811;0.001181435264666956;0.0010473087434692227;0.0024139119242834518;0.0009305460897487943;0.0023482793635986464;-0.04708128078817736;0.03743517352006361;5.524829706699917;5.3642383005882985;4.2460954116805185;0.05556061197743689;0.03413848125802015;0.029884020655318408;-0.0016277129629629632;-0.00147829012345679;-0.027710282598471494;-0.000569317901234568;0.07606825014748811;0.0011814352646669559;0.0010473087434692227;0.002413911924283452;0.0009305460897487944;0.0023482793635986464
Afghanistan;AFG;2020-02-22;0;0;0;;;;;-0.12378503401360542;0.029154325123011405;5.2990607049843135;5.321624903560084;4.215370583805772;0.04495017105338096;0.033601949130546316;0.0259850479103184;-0.001782262443438914;-0.0016280678733031672;-0.033807093438913964;0.0003419374057315232;0.0766135192900237;0.0005964030089117955;0.0006078321355589372;0.002260964419087217;0.0006105976596479403;0.0019891520782697376;-0.12378503401360542;0.029154325123011405;5.2990607049843135;5.321624903560084;4.215370583805772;0.04495017105338096;0.033601949130546316;0.0259850479103184;-0.001782262443438914;-0.0016280678733031672;-0.033807093438913964;0.0003419374057315232;0.0766135192900237;0.0005964030089117955;0.0006078321355589372;0.002260964419087217;0.0006105976596479403;0.0019891520782697376;-0.12378503401360542;0.029154325123011412;5.2990607049843135;5.321624903560084;4.215370583805772;0.04495017105338096;0.033601949130546316;0.0259850479103184;-0.001782262443438914;-0.0016280678733031672;-0.033807093438913964;0.0003419374057315232;0.0766135192900237;0.0005964030089117955;0.0006078321355589372;0.002260964419087217;0.0006105976596479403;0.0019891520782697376;-0.12378503401360542;0.029154325123011415;5.299060704984313;5.3216249035600836;4.215370583805772;0.04495017105338096;0.03360194913054632;0.0259850479103184;-0.001782262443438914;-0.0016280678733031672;-0.033807093438913964;0.0003419374057315232;0.0766135192900237;0.0005964030089117955;0.0006078321355589373;0.0022609644190872166;0.0006105976596479403;0.0019891520782697376
Afghanistan;AFG;2020-02-23;0;0;0;;;;;-0.12430976095617535;0.022978665714699226;5.25154398710742;5.226273837273835;4.255859718665449;0.03601186032444847;0.024920322951300245;0.0199401033573246;-0.0004868631284916201;-0.00029716620111731835;-0.030955083659217918;0.0013106587523277462;0.07417732447570265;0.0003350473375038404;0.000273216163437401;0.0017683801745789637;0.00048719747065247433;0.0016918771933111794;-0.12430976095617535;0.022978665714699226;5.25154398710742;5.226273837273835;4.255859718665449;0.03601186032444847;0.024920322951300245;0.0199401033573246;-0.0004868631284916201;-0.00029716620111731835;-0.030955083659217918;0.0013106587523277462;0.07417732447570265;0.0003350473375038404;0.000273216163437401;0.0017683801745789637;0.00048719747065247433;0.0016918771933111794;-0.12430976095617535;0.022978665714699226;5.25154398710742;5.226273837273835;4.255859718665449;0.03601186032444847;0.024920322951300245;0.0199401033573246;-0.0004868631284916201;-0.00029716620111731835;-0.030955083659217918;0.0013106587523277462;0.07417732447570265;0.0003350473375038404;0.000273216163437401;0.0017683801745789637;0.00048719747065247433;0.0016918771933111794;-0.12430976095617537;0.022978665714699222;5.25154398710742;5.226273837273835;4.255859718665449;0.03601186032444847;0.024920322951300245;0.0199401033573246;-0.00048686312849162015;-0.0002971662011173184;-0.030955083659217914;0.0013106587523277462;0.07417732447570265;0.00033504733750384035;0.000273216163437401;0.0017683801745789637;0.00048719747065247433;0.0016918771933111794
Afghanistan;AFG;2020-02-24;1;0;0;;;;;-0.07886883308714919;0.01966325870204509;5.36530644978454;5.346413750665744;4.237045025249214;0.02727524546455484;0.020049785266411064;0.016583682310429976;-0.0006052509197939661;0.00040160632818248747;-0.022118048943550947;0.00045436497424576887;0.07071672795122462;0.0005073968450708187;0.0004673766915943789;0.001483486612073724;0.0003620097693904926;0.0015114926974771439;-0.07886883308714919;0.01966325870204509;5.36530644978454;5.346413750665744;4.237045025249214;0.02727524546455484;0.020049785266411064;0.016583682310429976;-0.0006052509197939661;0.00040160632818248747;-0.022118048943550947;0.00045436497424576887;0.07071672795122462;0.0005073968450708187;0.0004673766915943789;0.001483486612073724;0.0003620097693904926;0.0015114926974771439;-0.07886883308714919;0.01966325870204509;5.36530644978454;5.346413750665744;4.237045025249214;0.02727524546455484;0.020049785266411064;0.016583682310429976;-0.0006052509197939661;0.00040160632818248747;-0.022118048943550947;0.00045436497424576887;0.07071672795122462;0.0005073968450708187;0.0004673766915943789;0.001483486612073724;0.0003620097693904926;0.0015114926974771439;-0.07886883308714919;0.019663258702045095;5.36530644978454;5.346413750665744;4.237045025249214;0.02727524546455484;0.020049785266411064;0.016583682310429976;-0.0006052509197939661;0.00040160632818248747;-0.022118048943550947;0.00045436497424576876;0.07071672795122462;0.0005073968450708187;0.00046737669159437886;0.001483486612073724;0.0003620097693904926;0.001511492697477144
Afghanistan;AFG;2020-02-25;1;0;0;;;;;-0.1007445530726256;0.01866170218051727;5.41631278603736;5.387554364281376;4.245440477286822;0.027150252054264117;0.01887898482128104;0.016490704230066138;-0.0021775809418690213;-0.0009531445916114787;-0.028874828968254045;-0.0007105875643855777;0.07384091890833579;0.00057091861938564;0.0003895498897334638;0.0014505175889270494;0.0004023218406478549;0.0013505462513450329;-0.1007445530726256;0.01866170218051727;5.41631278603736;5.3875543642813755;4.245440477286822;0.027150252054264117;0.01887898482128104;0.016490704230066138;-0.0021775809418690213;-0.0009531445916114787;-0.028874828968254045;-0.0007105875643855777;0.07384091890833579;0.00057091861938564;0.0003895498897334638;0.0014505175889270494;0.0004023218406478549;0.0013505462513450329;-0.1007445530726256;0.01866170218051727;5.41631278603736;5.387554364281375;4.245440477286822;0.027150252054264117;0.01887898482128104;0.016490704230066138;-0.0021775809418690213;-0.0009531445916114787;-0.028874828968254045;-0.0007105875643855777;0.07384091890833579;0.00057091861938564;0.0003895498897334638;0.0014505175889270494;0.00040232184064785485;0.0013505462513450329;-0.10074455307262561;0.018661702180517267;5.41631278603736;5.387554364281374;4.245440477286822;0.02715025205426412;0.018878984821281038;0.016490704230066138;-0.0021775809418690213;-0.0009531445916114789;-0.028874828968254045;-0.0007105875643855777;0.07384091890833579;0.00057091861938564;0.0003895498897334638;0.0014505175889270494;0.0004023218406478548;0.0013505462513450327
Afghanistan;AFG;2020-02-26;1;0;0;;;;;-0.06295040916530267;0.021364871719105127;5.4839188078261625;5.412041847795333;4.35756779619452;0.029602496832409005;0.02107794837055044;0.018733849716100984;-0.0010668445231878654;-0.00023907658833768493;-0.026538269959385;0.0007775883874176303;0.07217977174535822;0.0005429539878557831;0.0005238966315957265;0.0017141290788065446;0.0003752887758821547;0.0015259390419906464;-0.06295040916530267;0.021364871719105127;5.4839188078261625;5.412041847795333;4.35756779619452;0.029602496832409005;0.02107794837055044;0.018733849716100984;-0.0010668445231878654;-0.00023907658833768493;-0.026538269959385;0.0007775883874176303;0.07217977174535822;0.0005429539878557831;0.0005238966315957265;0.0017141290788065446;0.0003752887758821547;0.0015259390419906464;-0.06295040916530267;0.021364871719105127;5.4839188078261625;5.412041847795333;4.35756779619452;0.029602496832409005;0.021077948370550437;0.018733849716100984;-0.0010668445231878654;-0.00023907658833768493;-0.026538269959385002;0.0007775883874176303;0.07217977174535822;0.0005429539878557831;0.0005238966315957265;0.0017141290788065446;0.0003752887758821547;0.0015259390419906464;-0.06295040916530267;0.021364871719105123;5.483918807826163;5.412041847795333;4.35756779619452;0.029602496832409005;0.021077948370550433;0.018733849716100984;-0.0010668445231878654;-0.0002390765883376849;-0.026538269959385005;0.0007775883874176302;0.07217977174535822;0.0005429539878557831;0.0005238966315957265;0.0017141290788065446;0.0003752887758821547;0.0015259390419906464
Afghanistan;AFG;2020-02-27;1;0;0;;;;;0.06644212962962967;0.02773390316160762;5.468007742751081;5.3511556888173635;4.352184009848181;0.03338902162784809;0.02317919448144656;0.021627161605728328;-0.0012795829596412554;-0.0010427137518684603;-0.03202458575699334;0.00024563467862481303;0.07432584919518699;0.0005392244324688843;0.0005884864373859539;0.002195633273251798;0.0005596293295750461;0.002069081071163136;0.06644212962962967;0.02773390316160762;5.468007742751081;5.351155688817363;4.352184009848181;0.03338902162784809;0.02317919448144656;0.021627161605728328;-0.0012795829596412554;-0.0010427137518684603;-0.03202458575699334;0.00024563467862481303;0.07432584919518699;0.0005392244324688843;0.0005884864373859539;0.002195633273251798;0.0005596293295750461;0.002069081071163136;0.06644212962962967;0.02773390316160762;5.468007742751081;5.351155688817362;4.352184009848181;0.03338902162784809;0.023179194481446556;0.021627161605728328;-0.0012795829596412554;-0.0010427137518684603;-0.03202458575699334;0.00024563467862481303;0.07432584919518699;0.0005392244324688843;0.0005884864373859539;0.002195633273251798;0.0005596293295750461;0.002069081071163136;0.06644212962962967;0.02773390316160762;5.468007742751081;5.351155688817361;4.352184009848181;0.03338902162784809;0.023179194481446553;0.021627161605728328;-0.0012795829596412556;-0.0010427137518684605;-0.03202458575699334;0.00024563467862481303;0.07432584919518699;0.0005392244324688843;0.0005884864373859539;0.002195633273251798;0.0005596293295750461;0.002069081071163136
