rank,fact_type,count,domain,title,url
1,CONSPIRACY/JUNKSCI,21,zerohedge.com,North Korea's First Confirmed Coronavirus Patient Shot Dead,https://www.zerohedge.com/geopolitical/north-koreas-first-confirmed-coronavirus-patient-shot-dead
2,CONSPIRACY/JUNKSCI,8,zerohedge.com,Did China Steal Coronavirus From Canada And Weaponize It?,https://www.zerohedge.com/geopolitical/did-china-steal-coronavirus-canada-and-weaponize-it
3,FAKE/HOAX,7,mcmnt.com,Vatican confirms Pope Francis and two aides test positive for Coronavirus - MCM,https://mcmnt.com/vatican-confirms-pope-francis-and-two-aides-test-positive-for-coronavirus/
4,CONSPIRACY/JUNKSCI,6,peta.org,"New Coronavirus Linked to Animal Flesh, Sources Warn | PETA",http://peta.vg/2ran
5,FAKE/HOAX,6,n.news.naver.com,김재중 “코로나19 확진→만우절 농담”…도넘은 장난,https://n.news.naver.com/entertain/now/article/018/0004610638
6,FAKE/HOAX,5,dailymail.co.uk,Killer coronavirus could be spread through the EYES,https://www.dailymail.co.uk/health/article-7926243/killer-coronavirus-spread-eyes.html?ito=amp_whatsapp_share-top
7,CONSPIRACY/JUNKSCI,5,zerohedge.com,"Coronavirus Contains ""HIV Insertions"", Stoking Fears Over Artificially Created Bioweapon",https://www.zerohedge.com/geopolitical/coronavirus-contains-hiv-insertions-stoking-fears-over-artificially-created-bioweapon
8,CONSPIRACY/JUNKSCI,5,dcclothesline.com,"Here's a Coronavirus Reality Check! The U.S. Government is Setting Up 11 Military Bases as ""Quarantine Centers"" - DC Clothesline",https://www.dcclothesline.com/2020/02/11/heres-a-coronavirus-reality-check-the-u-s-government-is-setting-up-11-military-bases-as-quarantine-centers
9,FAKE/HOAX,5,ibtimes.sg,North Korea's first confirmed Coronavirus COVID 19 patient shot dead: report,https://www.ibtimes.sg/north-koreas-first-confirmed-coronavirus-covid-19-patient-shot-dead-report-40042?utm_campaign=/north-koreas-first-confirmed-coronavirus-covid-19-patient-shot-dead-report-40042
10,FAKE/HOAX,5,worldnewsdailyreport.com,COVID-19: Chinese health authorities confirm patient zero 'had sex with bats',https://worldnewsdailyreport.com/covid-19-chinese-health-authorities-confirm-patient-zero-had-sex-with-bats/
11,FAKE/HOAX,4,n.news.naver.com,"[단독] 트와이스, 2월 예정 일본 팬사인회 취소 '신종 코로나 바이러스 여파'",https://n.news.naver.com/entertain/now/article/117/0003328924
12,FAKE/HOAX,4,ibtimes.sg,North Korea's first confirmed Coronavirus COVID 19 patient shot dead: report,https://www.ibtimes.sg/north-koreas-first-confirmed-coronavirus-covid-19-patient-shot-dead-report-40042
13,FAKE/HOAX,4,thenationalpulse.com,,https://thenationalpulse.com/editor/chinese-bots-flood-twitter-virus-theories/
14,FAKE/HOAX,4,dailymail.co.uk,Man City make Etihad available to NHS as coronavirus crisis escalates,https://www.dailymail.co.uk/sport/sportsnews/article-8163955/man-city-make-etihad-available-nhs-coronavirus-pandemic-escalates.html
15,CONSPIRACY/JUNKSCI,3,zerohedge.com,Hubei Doctors Warn Of Even-Deadlier Coronavirus Reinfection Causing Sudden Heart Attacks,https://www.zerohedge.com/health/hubei-doctors-warn-even-deadlier-coronavirus-reinfection-causing-sudden-heart-attacks
16,CONSPIRACY/JUNKSCI,3,activistpost.com,,https://www.activistpost.com/2020/02/us-biowarfare-act-author-studies-confirm-coronavirus-weaponized.html
17,FAKE/HOAX,2,dailymail.co.uk,US health experts hosted fictional coronavirus simulation 3 months ago,https://www.dailymail.co.uk/health/article-7925475/us-health-experts-predicted-coronavirus-kill-65million-people-year-three-months-ago.html
18,FAKE/HOAX,2,dailymail.co.uk,Wuhan coronavirus: China shuts DISNEYLAND and 14 cities,https://www.dailymail.co.uk/health/article-7923913/shanghai-disney-closed-saturday-help-prevent-spread-virus.html
19,FAKE/HOAX,2,rt.com,"Chinese coronavirus spreads with no visible symptoms as death toll grows to 81, over 2,800 infected worldwide",https://on.rt.com/a9sp
20,FAKE/HOAX,2,n.news.naver.com,"슈퍼주니어 컴백쇼, 중국 우한 폐렴 여파로 비공개 진행(전문)",https://n.news.naver.com/entertain/now/article/410/0000664132
