rank,fact_type,count,domain,title,url
1,FAKE/HOAX,116,ibtimes.sg,North Korea's first confirmed Coronavirus COVID 19 patient shot dead: report,https://www.ibtimes.sg/north-koreas-first-confirmed-coronavirus-covid-19-patient-shot-dead-report-40042
2,CONSPIRACY/JUNKSCI,89,zerohedge.com,"Coronavirus Contains ""HIV Insertions"", Stoking Fears Over Artificially Created Bioweapon",https://www.zerohedge.com/geopolitical/coronavirus-contains-hiv-insertions-stoking-fears-over-artificially-created-bioweapon
3,FAKE/HOAX,75,albertonews.com,Médicos del Hospital Militar de Maracay evalúan a paciente para descartar contagio de coronavirus - AlbertoNews - Periodismo sin censura,https://albertonews.com/nacionales/ultima-hora-reportan-presunto-posible-caso-de-coronavirus-en-maracay-estado-aragua/
4,FAKE/HOAX,73,albertonews.com,,https://albertonews.com/internacionales/ultima-hora-china-llama-a-dialogo-para-solventar-la-crisis-en-venezuela/
5,FAKE/HOAX,50,mcmnt.com,Vatican confirms Pope Francis and two aides test positive for Coronavirus - MCM,https://mcmnt.com/vatican-confirms-pope-francis-and-two-aides-test-positive-for-coronavirus/
6,FAKE/HOAX,46,albertonews.com,Hospitales en Venezuela no están aptos para enfrentar el coronavirus (Video) - AlbertoNews - Periodismo sin censura,https://albertonews.com/nacionales/urgente-hospitales-en-venezuela-no-estan-aptos-para-enfrentar-el-coronavirus-video/
7,CONSPIRACY/JUNKSCI,41,zerohedge.com,"Millions Of 15-Minute Coronavirus Home Testing Kits Will Be Available To UK Public ""Within Days""",https://www.zerohedge.com/health/millions-15-minute-coronavirus-home-testing-kits-will-be-available-uk-public-within-days
8,FAKE/HOAX,38,dailymail.co.uk,Killer coronavirus could be spread through the EYES,https://www.dailymail.co.uk/health/article-7926243/killer-coronavirus-spread-eyes.html?ito=amp_whatsapp_share-top
9,CONSPIRACY/JUNKSCI,35,zerohedge.com,This Is How China Is Hiding The True Number Of Coronavirus Deaths,https://www.zerohedge.com/economics/how-china-hiding-true-number-coronavirus-deaths
10,CONSPIRACY/JUNKSCI,33,peta.org,"New Coronavirus Linked to Animal Flesh, Sources Warn | PETA",http://peta.vg/2ran
11,FAKE/HOAX,28,ibtimes.sg,North Korea's first confirmed Coronavirus COVID 19 patient shot dead: report,https://www.ibtimes.sg/north-koreas-first-confirmed-coronavirus-covid-19-patient-shot-dead-report-40042?utm_campaign=/north-koreas-first-confirmed-coronavirus-covid-19-patient-shot-dead-report-40042
12,FAKE/HOAX,25,n.news.naver.com,김재중 “코로나19 확진→만우절 농담”…도넘은 장난,https://n.news.naver.com/entertain/now/article/018/0004610638
13,FAKE/HOAX,24,albertonews.com,,https://albertonews.com/internacionales/urgente-el-coronavirus-puede-infectar-desde-una-distancia-de-2-metros-y-a-traves-de-los-ojos/
14,CONSPIRACY/JUNKSCI,20,zerohedge.com,North Korea's First Confirmed Coronavirus Patient Shot Dead,https://www.zerohedge.com/geopolitical/north-koreas-first-confirmed-coronavirus-patient-shot-dead
15,FAKE/HOAX,20,albertonews.com,,https://albertonews.com/ultima-hora/ultima-hora-maduro-pide-credito-de-5-mil-millones-de-dolares-al-fmi-para-enfrentar-la-pandemia-del-coronavirus/
16,FAKE/HOAX,19,n.news.naver.com,"슈퍼주니어 컴백쇼, 중국 우한 폐렴 여파로 비공개 진행(전문)",https://n.news.naver.com/entertain/now/article/410/0000664132
17,FAKE/HOAX,19,albertonews.com,Científico de Harvard predice que el coronavirus infectará hasta el 70% de la humanidad - AlbertoNews - Periodismo sin censura,https://albertonews.com/internacionales/ultima-hora-cientifico-de-harvard-predice-que-el-coronavirus-infectara-hasta-el-70-de-la-humanidad/
18,CONSPIRACY/JUNKSCI,18,zerohedge.com,Coronavirus Pandemic Simulation Run 3 Months Ago Predicts 65 Million People Could Die,https://www.zerohedge.com/health/coronavirus-pandemic-simulation-run-3-months-ago-predicts-65-million-people-could-die
19,CONSPIRACY/JUNKSCI,18,zerohedge.com,'Burning Bodies In Secret' - New Accounts From Wuhan Detail Coronavirus Outbreak,https://www.zerohedge.com/markets/burning-bodies-secret-new-accounts-wuhan-detail-coronavirus-outbreak
20,CONSPIRACY/JUNKSCI,16,zerohedge.com,Is This The Man Behind The Global Coronavirus Pandemic?,https://www.zerohedge.com/health/man-behind-global-coronavirus-pandemic
