rank,fact_type,count,domain,title,url
1,CONSPIRACY/JUNKSCI,2,zerohedge.com,"Coronavirus Contains ""HIV Insertions"", Stoking Fears Over Artificially Created Bioweapon",https://www.zerohedge.com/geopolitical/coronavirus-contains-hiv-insertions-stoking-fears-over-artificially-created-bioweapon
2,CONSPIRACY/JUNKSCI,2,naturalnews.com,"Irrefutable: The coronavirus was engineered by scientists in a lab using well documented genetic engineering vectors that leave behind a ""fingerprint""",https://www.naturalnews.com/2020-02-03-the-coronavirus-was-engineered-by-scientists-in-a-lab.html
3,CONSPIRACY/JUNKSCI,1,zerohedge.com,China Quarantines City Of 11 Million As Hong Kong Confirms Second Case Of Coronavirus,https://www.zerohedge.com/geopolitical/coronavirus-infections-climb-473-china-hong-kong-confirms-first-case
4,FAKE/HOAX,1,breitbart.com,Nolte: Bette Midler Attacks Trump for Not Wanting 'America's Coronavirus Numbers' to 'Go Up',https://www.breitbart.com/entertainment/2020/03/09/nolte-bette-midler-attacks-trump-for-not-wanting-americas-coronavirus-numbers-to-go-up/
5,FAKE/HOAX,1,quillette.com,"How Trump Missed His, and America's, Best Chance on Coronavirus - Quillette",https://quillette.com/2020/03/10/how-trump-missed-his-and-americas-best-chance-on-coronavirus/
6,FAKE/HOAX,1,breitbart.com,Pollak: Democrats Pushed Impeachment While Coronavirus Spread,https://www.breitbart.com/politics/2020/03/13/pollak-democrats-pushed-impeachment-while-coronavirus-spread/
7,FAKE/HOAX,1,thenationalpulse.com,,https://thenationalpulse.com/editor/chinese-bots-flood-twitter-virus-theories/
8,FAKE/HOAX,1,breitbart.com,Nolte: Media Blackout of Trump Coronavirus Briefings Begins,https://www.breitbart.com/the-media/2020/03/24/nolte-media-blackout-of-trump-coronavirus-briefings-begins/
