rank,fact_type,count,domain,title,url
1,FAKE/HOAX,21,mcmnt.com,Vatican confirms Pope Francis and two aides test positive for Coronavirus - MCM,https://mcmnt.com/vatican-confirms-pope-francis-and-two-aides-test-positive-for-coronavirus/
2,FAKE/HOAX,20,dailymail.co.uk,Killer coronavirus could be spread through the EYES,https://www.dailymail.co.uk/health/article-7926243/killer-coronavirus-spread-eyes.html?ito=amp_whatsapp_share-top
3,FAKE/HOAX,16,ibtimes.sg,North Korea's first confirmed Coronavirus COVID 19 patient shot dead: report,https://www.ibtimes.sg/north-koreas-first-confirmed-coronavirus-covid-19-patient-shot-dead-report-40042
4,FAKE/HOAX,16,dailymail.co.uk,Austrian ski resort probed over claims it covered up coronavirus cases,https://www.dailymail.co.uk/news/article-8147199/austrian-ski-resort-probed-claims-covered-coronavirus-cases.html
5,CONSPIRACY/JUNKSCI,14,zerohedge.com,"Coronavirus Contains ""HIV Insertions"", Stoking Fears Over Artificially Created Bioweapon",https://www.zerohedge.com/geopolitical/coronavirus-contains-hiv-insertions-stoking-fears-over-artificially-created-bioweapon
6,CONSPIRACY/JUNKSCI,12,zerohedge.com,Is This The Man Behind The Global Coronavirus Pandemic?,https://www.zerohedge.com/health/man-behind-global-coronavirus-pandemic
7,FAKE/HOAX,10,ibtimes.sg,North Korea's first confirmed Coronavirus COVID 19 patient shot dead: report,https://www.ibtimes.sg/north-koreas-first-confirmed-coronavirus-covid-19-patient-shot-dead-report-40042?utm_campaign=/north-koreas-first-confirmed-coronavirus-covid-19-patient-shot-dead-report-40042
8,CONSPIRACY/JUNKSCI,9,zerohedge.com,Did China Steal Coronavirus From Canada And Weaponize It?,https://www.zerohedge.com/geopolitical/did-china-steal-coronavirus-canada-and-weaponize-it
9,FAKE/HOAX,7,ibtimes.sg,,https://www.ibtimes.sg/a000apq?utm_source=social&utm_medium=twitter&utm_campaign=/north-koreas-first-confirmed-coronavirus-covid-19-patient-shot-dead-report-40042
10,CONSPIRACY/JUNKSCI,7,peta.org,"New Coronavirus Linked to Animal Flesh, Sources Warn | PETA",http://peta.vg/2ran
11,FAKE/HOAX,6,rt.com,Chinese authorities announce first CURED coronavirus patient discharged from hospital in Shanghai,https://on.rt.com/a9ok
12,CONSPIRACY/JUNKSCI,6,zerohedge.com,"Coronavirus Kills Man In Shanghai As China Confirms Nearly 2,000 Cases",https://www.zerohedge.com/political/56-million-chinese-lockdown-virus-spreads-australia-malaysia
13,CONSPIRACY/JUNKSCI,6,zerohedge.com,Creator Of US BioWeapons Act Says Coronavirus Is Biological Warfare Weapon,https://www.zerohedge.com/health/creator-bioweapons-act-says-coronavirus-biological-warfare-weapon
14,FAKE/HOAX,6,n.news.naver.com,김재중 “코로나19 확진→만우절 농담”…도넘은 장난,https://n.news.naver.com/entertain/now/article/018/0004610638
15,FAKE/HOAX,5,dailymail.co.uk,Chinese city will 'build a dedicated coronavirus hospital in SIX DAYS',https://www.dailymail.co.uk/news/article-7920937/chinese-city-build-dedicated-coronavirus-hospital-six-days.html
16,FAKE/HOAX,5,breitbart.com,"Coronavirus Exposes China's Monopoly on U.S. Drug, Medical Supplies",https://www.breitbart.com/asia/2020/02/13/coronavirus-outbreak-exposes-chinas-monopoly-on-u-s-drug-medical-supplies/
17,CONSPIRACY/JUNKSCI,5,zerohedge.com,Hubei Doctors Warn Of Even-Deadlier Coronavirus Reinfection Causing Sudden Heart Attacks,https://www.zerohedge.com/health/hubei-doctors-warn-even-deadlier-coronavirus-reinfection-causing-sudden-heart-attacks
18,CONSPIRACY/JUNKSCI,5,zerohedge.com,North Korea's First Confirmed Coronavirus Patient Shot Dead,https://www.zerohedge.com/geopolitical/north-koreas-first-confirmed-coronavirus-patient-shot-dead
19,FAKE/HOAX,5,n.news.naver.com,CJ ENM 측 “‘KCON 2020 JAPAN’ 코로나 여파로 연기하기로 결정”  [공식],https://n.news.naver.com/entertain/article/382/0000803486
20,FAKE/HOAX,5,breitbart.com,Pollak: Democrats Pushed Impeachment While Coronavirus Spread,https://www.breitbart.com/politics/2020/03/13/pollak-democrats-pushed-impeachment-while-coronavirus-spread/
