rank,fact_type,count,domain,title,url
1,FAKE/HOAX,46,dailymail.co.uk,Killer coronavirus could be spread through the EYES,https://www.dailymail.co.uk/health/article-7926243/killer-coronavirus-spread-eyes.html?ito=amp_whatsapp_share-top
2,FAKE/HOAX,9,n.news.naver.com,김재중 “코로나19 확진→만우절 농담”…도넘은 장난,https://n.news.naver.com/entertain/now/article/018/0004610638
3,FAKE/HOAX,7,ibtimes.sg,North Korea's first confirmed Coronavirus COVID 19 patient shot dead: report,https://www.ibtimes.sg/north-koreas-first-confirmed-coronavirus-covid-19-patient-shot-dead-report-40042
4,FAKE/HOAX,4,express.co.uk,Dog graveyard: Tens of thousands of pets in China to be SLAUGHTERED by authorities,https://www.express.co.uk/news/world/1236590/coronavirus-latest-china-pets-slaughtered-disease-virus-world-health-organisation-wuhan
5,CONSPIRACY/JUNKSCI,4,zerohedge.com,North Korea's First Confirmed Coronavirus Patient Shot Dead,https://www.zerohedge.com/geopolitical/north-koreas-first-confirmed-coronavirus-patient-shot-dead
6,CONSPIRACY/JUNKSCI,4,peta.org,"New Coronavirus Linked to Animal Flesh, Sources Warn | PETA",http://peta.vg/2ran
7,FAKE/HOAX,3,rt.com,Chinese authorities announce first CURED coronavirus patient discharged from hospital in Shanghai,https://on.rt.com/a9ok
8,FAKE/HOAX,3,dailymail.co.uk,"China's top virus lab is in Wuhan, the center of the outbreak",https://www.dailymail.co.uk/health/article-7922379/chinas-lab-studying-sars-ebola-wuhan-outbreaks-center.html
9,FAKE/HOAX,3,n.news.naver.com,"슈퍼주니어 컴백쇼, 중국 우한 폐렴 여파로 비공개 진행(전문)",https://n.news.naver.com/entertain/now/article/410/0000664132
10,CONSPIRACY/JUNKSCI,3,zerohedge.com,"Coronavirus Contains ""HIV Insertions"", Stoking Fears Over Artificially Created Bioweapon",https://www.zerohedge.com/geopolitical/coronavirus-contains-hiv-insertions-stoking-fears-over-artificially-created-bioweapon
11,FAKE/HOAX,3,dailymail.co.uk,Chinese put swastika on Danish flag over coronavirus flag row,https://www.dailymail.co.uk/news/article-7948913/chinese-swastika-danish-flag-pm-refuses-apologise-coronavirus-china-flag.html
12,CONSPIRACY/JUNKSCI,3,aim4truth.org,"Proof the Coronavirus is a bioweapon created by DARPA, Bill Gates, Defra, Wellcome Trust (UK), and European Commission (EU)",https://aim4truth.org/2020/01/28/proof-coronavirus-is-a-bioweapon/
13,FAKE/HOAX,3,ibtimes.sg,North Korea's first confirmed Coronavirus COVID 19 patient shot dead: report,https://www.ibtimes.sg/north-koreas-first-confirmed-coronavirus-covid-19-patient-shot-dead-report-40042?utm_campaign=/north-koreas-first-confirmed-coronavirus-covid-19-patient-shot-dead-report-40042
14,FAKE/HOAX,3,rt.com,"Why India, not the US or EU, will be the world’s main battlefield in the fight against Covid-19",https://www.rt.com/op-ed/484164-india-lockdown-covid19-challenges/
15,FAKE/HOAX,2,ladbible.com,Scientists Say Bats Could Be Linked To Coronavirus As Videos Of Bat Soup Appear Online ,https://www.ladbible.com/news/news-scientists-say-bats-could-be-linked-to-coronavirus-20200123?c=1579776255270
16,FAKE/HOAX,2,dailystar.co.uk,,https://www.dailystar.co.uk/news/world-news/scientists-blame-coronavirus-bats-pics-21337997
17,FAKE/HOAX,2,rt.com,Singapore confirms first case of deadly Chinese coronavirus – reports,https://on.rt.com/a9lf
18,CONSPIRACY/JUNKSCI,2,endoftheamericandream.com,Just A Coincidence? A U.S. Patent For 'An Attenuated Coronavirus' Was Filed In 2015 And Granted In 2018,http://endoftheamericandream.com/archives/just-a-coincidence-a-u-s-patent-for-an-attenuated-coronavirus-was-filed-in-2015-and-granted-in-2018
19,FAKE/HOAX,2,breaking911.com,Virginia Dept. Of Health Investigating 3 Potential Cases Of Coronavirus - Breaking911,https://breaking911.com/breaking-virginia-dept-of-health-investigating-3-potential-cases-of-coronavirus/
20,CONSPIRACY/JUNKSCI,2,zerohedge.com,Did China Steal Coronavirus From Canada And Weaponize It?,https://www.zerohedge.com/geopolitical/did-china-steal-coronavirus-canada-and-weaponize-it
