rank,fact_type,count,domain,title,url
1,FAKE/HOAX,8,mcmnt.com,Vatican confirms Pope Francis and two aides test positive for Coronavirus - MCM,https://mcmnt.com/vatican-confirms-pope-francis-and-two-aides-test-positive-for-coronavirus/
2,FAKE/HOAX,7,albertonews.com,,https://albertonews.com/internacionales/ultima-hora-china-llama-a-dialogo-para-solventar-la-crisis-en-venezuela/
3,FAKE/HOAX,6,albertonews.com,Médicos del Hospital Militar de Maracay evalúan a paciente para descartar contagio de coronavirus - AlbertoNews - Periodismo sin censura,https://albertonews.com/nacionales/ultima-hora-reportan-presunto-posible-caso-de-coronavirus-en-maracay-estado-aragua/
4,FAKE/HOAX,6,albertonews.com,Hospitales en Venezuela no están aptos para enfrentar el coronavirus (Video) - AlbertoNews - Periodismo sin censura,https://albertonews.com/nacionales/urgente-hospitales-en-venezuela-no-estan-aptos-para-enfrentar-el-coronavirus-video/
5,FAKE/HOAX,6,albertonews.com,Científico de Harvard predice que el coronavirus infectará hasta el 70% de la humanidad - AlbertoNews - Periodismo sin censura,https://albertonews.com/internacionales/ultima-hora-cientifico-de-harvard-predice-que-el-coronavirus-infectara-hasta-el-70-de-la-humanidad/
6,CONSPIRACY/JUNKSCI,4,peta.org,"New Coronavirus Linked to Animal Flesh, Sources Warn | PETA",http://peta.vg/2ran
7,CONSPIRACY/JUNKSCI,3,truepundit.com,North Korea's First Confirmed Coronavirus Patient Shot Dead – True Pundit,https://truepundit.com/north-koreas-first-confirmed-coronavirus-patient-shot-dead/
8,FAKE/HOAX,3,n.news.naver.com,김재중 “코로나19 확진→만우절 농담”…도넘은 장난,https://n.news.naver.com/entertain/now/article/018/0004610638
9,FAKE/HOAX,2,dailymail.co.uk,Revolting footage shows Chinese woman eating a bat,https://www.dailymail.co.uk/news/article-7920573/revolting-footage-shows-chinese-woman-eating-bat-scientists-link-coronavirus-animal.html
10,FAKE/HOAX,2,rt.com,Singapore confirms first case of deadly Chinese coronavirus – reports,https://on.rt.com/a9lf
11,FAKE/HOAX,2,summit.news,Chinese Lab That Studies “World’s Most Dangerous Pathogens” is Based in Wuhan,https://summit.news/2020/01/23/chinese-lab-that-studies-worlds-most-dangerous-pathogens-is-based-in-wuhan/
12,FAKE/HOAX,2,albertonews.com,,https://albertonews.com/nacionales/ultima-hora-reportan-primer-caso-del-coronavirus-en/
13,CONSPIRACY/JUNKSCI,2,zerohedge.com,"UK Researcher Predicts Over 250,000 Chinese Will Have Coronavirus In Ten Days",https://www.zerohedge.com/geopolitical/uk-researcher-predicts-over-250000-people-china-will-have-coronavirus-ten-days
14,FAKE/HOAX,2,dailymail.co.uk,"Nurse treating coronavirus in China claims 90,000 people are infected",https://www.dailymail.co.uk/news/article-7929657/nurse-treating-coronavirus-sufferers-china-claims-90-000-people-infected.html
15,FAKE/HOAX,2,albertonews.com,"Presidente de China advierte que el avance del coronavirus ""se acelera"" y China se enfrenta a una ""situación grave"" - AlbertoNews - Periodismo sin censura",https://albertonews.com/internacionales/presidente-de-china-advierte-que-el-avance-del-coronavirus-se-acelera-y-china-se-enfrenta-a-una-situacion-grave/
16,FAKE/HOAX,2,gnews.org,,https://gnews.org/89749/
17,FAKE/HOAX,2,dailymail.co.uk,Killer coronavirus could be spread through the EYES,https://www.dailymail.co.uk/health/article-7926243/killer-coronavirus-spread-eyes.html?ito=amp_twitter_share-top
18,FAKE/HOAX,2,albertonews.com,,https://albertonews.com/nacionales/urgente-40-privados-de-libertad-del-reten-de-cabimas-fueron-diagnosticados-con-tuberculosis/
19,FAKE/HOAX,2,albertonews.com,,https://albertonews.com/internacionales/infectados-con-coronavirus-intentan-propagar-virus-escupiendo-a-doctores-y-enfermeras-en-china/
20,FAKE/HOAX,2,n.news.naver.com,"[단독] 트와이스, 2월 예정 일본 팬사인회 취소 '신종 코로나 바이러스 여파'",https://n.news.naver.com/entertain/now/article/117/0003328924
