rank,fact_type,count,domain,title,url
1,CONSPIRACY/JUNKSCI,6,zerohedge.com,North Korea's First Confirmed Coronavirus Patient Shot Dead,https://www.zerohedge.com/geopolitical/north-koreas-first-confirmed-coronavirus-patient-shot-dead
2,CONSPIRACY/JUNKSCI,3,zerohedge.com,Did China Steal Coronavirus From Canada And Weaponize It?,https://www.zerohedge.com/geopolitical/did-china-steal-coronavirus-canada-and-weaponize-it
3,FAKE/HOAX,2,dailymail.co.uk,Wuhan mayor admits 'withholding information' on coronavirus outbreak,https://www.dailymail.co.uk/news/article-7933405/wuhan-mayor-admits-withholding-information-coronavirus-outbreak.html
4,FAKE/HOAX,2,albertonews.com,Hospitales en Venezuela no están aptos para enfrentar el coronavirus (Video) - AlbertoNews - Periodismo sin censura,https://albertonews.com/nacionales/urgente-hospitales-en-venezuela-no-estan-aptos-para-enfrentar-el-coronavirus-video/
5,CONSPIRACY/JUNKSCI,2,peta.org,"New Coronavirus Linked to Animal Flesh, Sources Warn | PETA",http://peta.vg/2ran
6,FAKE/HOAX,2,waynedupree.com,Report: Kathy Griffin Caught Red-Handed Trying to Pretend She Had Coronavirus,https://www.waynedupree.com/kathy-griffin-abdominal-infection-covid/
7,CONSPIRACY/JUNKSCI,1,disclose.tv,,https://www.disclose.tv/coronavirus-planned-history-of-virus-outbreaks-in-1720-1820-1920-now-2020-388526
8,FAKE/HOAX,1,breitbart.com,California Case of Coronavirus Revealed: Three Now Confirmed in U.S.,https://www.breitbart.com/health/2020/01/26/calfornia-case-of-coronavirus-revealed-three-now-confirmed-in-u-s/
9,FAKE/HOAX,1,dailymail.co.uk,Killer coronavirus could be spread through the EYES,https://www.dailymail.co.uk/health/article-7926243/killer-coronavirus-spread-eyes.html?ito=social-facebook&fbclid=iwar1yawtez2sqhlpjknw_w9awgj5isjhowes-aukkrmdnjv9aa0_mw5naakq
10,CONSPIRACY/JUNKSCI,1,activistpost.com,,https://www.activistpost.com/2020/01/did-bill-gates-world-economic-forum-predict-coronavirus-outbreak-an-inside-look-may-shock-you.html
11,FAKE/HOAX,1,rt.com,Error 404,http://on.rt.com/a9vh
12,CONSPIRACY/JUNKSCI,1,beholdisrael.org,Israeli Biological Warfare Expert Connects China’s Wuhan Virus to Covert Biological Warfare Laboratory - Behold Israel,https://beholdisrael.org/israeli-biological-warfare-expert-connects-chinas-wuhan-virus-to-covert-biological-warfare-laboratory/
13,CONSPIRACY/JUNKSCI,1,zerohedge.com,Is This The Man Behind The Global Coronavirus Pandemic?,https://www.zerohedge.com/health/man-behind-global-coronavirus-pandemic
14,FAKE/HOAX,1,dailymail.co.uk,China's first coronavirus hospital OPENS today,https://www.dailymail.co.uk/news/article-7939075/chinas-coronavirus-hospital-opens-today.html
15,FAKE/HOAX,1,bongino.com,Not a Joke: CNN Complains That Trump's Coronavirus Task Force Lacks Diversity | Dan Bongino,https://bongino.com/not-a-joke-cnn-upset-that-trumps-coronavirus-task-force-lacks-diversity/
16,FAKE/HOAX,1,breitbart.com,Chinese Media: Coronavirus Chaos Proves Communism Is Good,https://www.breitbart.com/asia/2020/02/04/chinese-media-coronavirus-chaos-proves-communism-is-good/
17,CONSPIRACY/JUNKSCI,1,zerohedge.com,Creator Of US BioWeapons Act Says Coronavirus Is Biological Warfare Weapon,https://www.zerohedge.com/health/creator-bioweapons-act-says-coronavirus-biological-warfare-weapon
18,CONSPIRACY/JUNKSCI,1,infowars.com,Breaking! Trump Calls For Investigation Of Coronavirus’ Origin,https://www.infowars.com/breaking-trump-calls-for-investigation-of-coronavirus-origin/
19,FAKE/HOAX,1,dailymail.co.uk,Coronavirus 'could spread by lingering in the AIR',https://www.dailymail.co.uk/health/article-7990605/coronavirus-spread-lingering-air-chinese-official-claims.html
20,FAKE/HOAX,1,albertonews.com,,https://albertonews.com/internacionales/ultima-hora-china-llama-a-dialogo-para-solventar-la-crisis-en-venezuela/
