rank,fact_type,count,domain,title,url
1,CONSPIRACY/JUNKSCI,22,zerohedge.com,North Korea's First Confirmed Coronavirus Patient Shot Dead,https://www.zerohedge.com/geopolitical/north-koreas-first-confirmed-coronavirus-patient-shot-dead
2,FAKE/HOAX,21,dailymail.co.uk,China's first coronavirus hospital OPENS today,https://www.dailymail.co.uk/news/article-7939075/chinas-coronavirus-hospital-opens-today.html
3,CONSPIRACY/JUNKSCI,4,peta.org,"New Coronavirus Linked to Animal Flesh, Sources Warn | PETA",http://peta.vg/2ran
4,FAKE/HOAX,3,dailymail.co.uk,Killer coronavirus could be spread through the EYES,https://www.dailymail.co.uk/health/article-7926243/killer-coronavirus-spread-eyes.html?ito=amp_whatsapp_share-top
5,CONSPIRACY/JUNKSCI,3,zerohedge.com,Did China Steal Coronavirus From Canada And Weaponize It?,https://www.zerohedge.com/geopolitical/did-china-steal-coronavirus-canada-and-weaponize-it
6,CONSPIRACY/JUNKSCI,3,zerohedge.com,Creator Of US BioWeapons Act Says Coronavirus Is Biological Warfare Weapon,https://www.zerohedge.com/health/creator-bioweapons-act-says-coronavirus-biological-warfare-weapon
7,FAKE/HOAX,3,n.news.naver.com,김재중 “코로나19 확진→만우절 농담”…도넘은 장난,https://n.news.naver.com/entertain/now/article/018/0004610638
8,FAKE/HOAX,2,dailymail.co.uk,Revolting footage shows Chinese woman eating a bat,https://www.dailymail.co.uk/news/article-7920573/amp/revolting-footage-shows-chinese-woman-eating-bat-scientists-link-coronavirus-animal.html
9,FAKE/HOAX,2,dailymail.co.uk,"China's top virus lab is in Wuhan, the center of the outbreak",https://www.dailymail.co.uk/health/article-7922379/chinas-lab-studying-sars-ebola-wuhan-outbreaks-center.html
10,FAKE/HOAX,2,dailymail.co.uk,China's first coronavirus hospital OPENS today,https://www.dailymail.co.uk/news/article-7939075/chinas-coronavirus-hospital-opens-today.html?ito=amp_twitter_share-top
11,FAKE/HOAX,2,rt.com,Clucking hell! New outbreak of BIRD FLU sees thousands of chickens culled in coronavirus-stricken China,https://on.rt.com/aa9r
12,CONSPIRACY/JUNKSCI,2,zerohedge.com,'Ungrateful Bastard': Kyle Bass Unloads On CCP Mouthpiece In Coronavirus Twitter Feud,https://www.zerohedge.com/geopolitical/ungrateful-bastard-kyle-bass-unloads-ccp-mouthpiece-coronavirus-twitter-feud
13,FAKE/HOAX,2,dailymail.co.uk,Did coronavirus originate in Chinese government laboratory?,https://www.dailymail.co.uk/news/article-8009669/did-coronavirus-originate-chinese-government-laboratory.html
14,FAKE/HOAX,2,dailymail.co.uk,Did coronavirus originate in Chinese government laboratory?,https://www.dailymail.co.uk/news/article-8009669/did-coronavirus-originate-chinese-government-laboratory.html?ito=social-twitter_mailonline
15,FAKE/HOAX,2,dailymail.co.uk,Pope taken ill day after showing solidarity with coronavirus sufferers,https://www.dailymail.co.uk/news/article-8051083/pope-cancels-visit-rome-priests-slight-illness.html?ito=amp_twitter_share-top
16,FAKE/HOAX,2,ibtimes.sg,North Korea's first confirmed Coronavirus COVID 19 patient shot dead: report,https://www.ibtimes.sg/north-koreas-first-confirmed-coronavirus-covid-19-patient-shot-dead-report-40042
17,FAKE/HOAX,2,express.co.uk,EU offers Iran £18million in foreign aid to help combat coronavirus –and YOU foot the bill,https://www.express.co.uk/news/world/1259673/eu-news-coronavirus-outbreak-iran-foreign-aid-latest-covid19-update
18,FAKE/HOAX,2,theblaze.com,Eight sex offenders — including 3 child rapists — released in NY Gov. Cuomo’s coronavirus jailbreak,https://www.theblaze.com/news/sex-offenders-cuomo-coronavirus-jailbreak
19,CONSPIRACY/JUNKSCI,1,zerohedge.com,China Quarantines City Of 11 Million As Hong Kong Confirms Second Case Of Coronavirus,https://www.zerohedge.com/geopolitical/coronavirus-infections-climb-473-china-hong-kong-confirms-first-case
20,FAKE/HOAX,1,summit.news,Professor Warns New Coronavirus Has Same Kill Rate as the Spanish Flu,https://summit.news/2020/01/22/professor-warns-new-coronavirus-has-same-kill-rate-as-the-spanish-flu/
