rank,fact_type,count,domain,title,url
1,CONSPIRACY/JUNKSCI,18,zerohedge.com,North Korea's First Confirmed Coronavirus Patient Shot Dead,https://www.zerohedge.com/geopolitical/north-koreas-first-confirmed-coronavirus-patient-shot-dead
2,FAKE/HOAX,16,dailymail.co.uk,China's first coronavirus hospital OPENS today,https://www.dailymail.co.uk/news/article-7939075/chinas-coronavirus-hospital-opens-today.html
3,FAKE/HOAX,10,ibtimes.sg,North Korea's first confirmed Coronavirus COVID 19 patient shot dead: report,https://www.ibtimes.sg/north-koreas-first-confirmed-coronavirus-covid-19-patient-shot-dead-report-40042
4,FAKE/HOAX,9,ibtimes.sg,North Korea's first confirmed Coronavirus COVID 19 patient shot dead: report,https://www.ibtimes.sg/north-koreas-first-confirmed-coronavirus-covid-19-patient-shot-dead-report-40042?utm_campaign=/north-koreas-first-confirmed-coronavirus-covid-19-patient-shot-dead-report-40042
5,FAKE/HOAX,5,n.news.naver.com,김재중 “코로나19 확진→만우절 농담”…도넘은 장난,https://n.news.naver.com/entertain/now/article/018/0004610638
6,FAKE/HOAX,4,dailymail.co.uk,Killer coronavirus could be spread through the EYES,https://www.dailymail.co.uk/health/article-7926243/killer-coronavirus-spread-eyes.html?ito=amp_whatsapp_share-top
7,FAKE/HOAX,4,mcmnt.com,Vatican confirms Pope Francis and two aides test positive for Coronavirus - MCM,https://mcmnt.com/vatican-confirms-pope-francis-and-two-aides-test-positive-for-coronavirus/
8,CONSPIRACY/JUNKSCI,4,peta.org,"New Coronavirus Linked to Animal Flesh, Sources Warn | PETA",http://peta.vg/2ran
9,FAKE/HOAX,3,dailystar.co.uk,,https://www.dailystar.co.uk/news/world-news/scientists-blame-coronavirus-bats-pics-21337997
10,FAKE/HOAX,3,mcmnt.com,Tanzania confirms first case of Coronavirus - MCM,https://mcmnt.com/tanzania-confirms-first-case-of-coronavirus/
11,FAKE/HOAX,2,rt.com,No more BATS & SNAKES for gourmands: China bans WILDLIFE trade after virus outbreak linked to agricultural producers,https://on.rt.com/a9ra
12,CONSPIRACY/JUNKSCI,2,zerohedge.com,Did China Steal Coronavirus From Canada And Weaponize It?,https://www.zerohedge.com/geopolitical/did-china-steal-coronavirus-canada-and-weaponize-it
13,CONSPIRACY/JUNKSCI,2,zerohedge.com,"Coronavirus Contains ""HIV Insertions"", Stoking Fears Over Artificially Created Bioweapon",https://www.zerohedge.com/geopolitical/coronavirus-contains-hiv-insertions-stoking-fears-over-artificially-created-bioweapon
14,FAKE/HOAX,2,rt.com,"‘Cycle of panic & neglect’? US prepares for ‘pandemic’ as China coronavirus death toll reaches 427 with 20,000+ cases",https://on.rt.com/aadd
15,FAKE/HOAX,2,dailymail.co.uk,Bird flu breaks out in Chinese provinces near coronavirus's epicentre,https://www.dailymail.co.uk/news/article-7987009/bird-flu-breaks-two-chinese-provinces-near-coronaviruss-epicentre.html?ito=amp_twitter_share-top
16,CONSPIRACY/JUNKSCI,1,zerohedge.com,China Quarantines City Of 11 Million As Hong Kong Confirms Second Case Of Coronavirus,https://www.zerohedge.com/geopolitical/coronavirus-infections-climb-473-china-hong-kong-confirms-first-case
17,FAKE/HOAX,1,summit.news,Japanese Shopkeeper Hangs Sign in Response to Coronavirus Panic: “No Chinese Allowed”,https://summit.news/2020/01/22/japan-shopkeeper-hangs-sign-in-response-to-coronavirus-panic-no-chinese-allowed/
18,FAKE/HOAX,1,dailymail.co.uk,Revolting footage shows Chinese woman eating a bat,https://www.dailymail.co.uk/news/article-7920573/amp/revolting-footage-shows-chinese-woman-eating-bat-scientists-link-coronavirus-animal.html?__twitter_impression=true
19,FAKE/HOAX,1,summit.news,Chinese Lab That Studies “World’s Most Dangerous Pathogens” is Based in Wuhan,https://summit.news/2020/01/23/chinese-lab-that-studies-worlds-most-dangerous-pathogens-is-based-in-wuhan/
20,FAKE/HOAX,1,rt.com,Singapore confirms first case of deadly Chinese coronavirus – reports,https://on.rt.com/a9lf
