rank,fact_type,count,domain,title,url
1,CONSPIRACY/JUNKSCI,759,zerohedge.com,Did China Steal Coronavirus From Canada And Weaponize It?,https://www.zerohedge.com/geopolitical/did-china-steal-coronavirus-canada-and-weaponize-it
2,CONSPIRACY/JUNKSCI,234,zerohedge.com,"Coronavirus Contains ""HIV Insertions"", Stoking Fears Over Artificially Created Bioweapon",https://www.zerohedge.com/geopolitical/coronavirus-contains-hiv-insertions-stoking-fears-over-artificially-created-bioweapon
3,FAKE/HOAX,155,ibtimes.sg,,https://www.ibtimes.sg/a000apq?utm_source=social&utm_medium=twitter&utm_campaign=/north-koreas-first-confirmed-coronavirus-covid-19-patient-shot-dead-report-40042
4,CONSPIRACY/JUNKSCI,118,zerohedge.com,North Korea's First Confirmed Coronavirus Patient Shot Dead,https://www.zerohedge.com/geopolitical/north-koreas-first-confirmed-coronavirus-patient-shot-dead
5,CONSPIRACY/JUNKSCI,109,zerohedge.com,Is This The Man Behind The Global Coronavirus Pandemic?,https://www.zerohedge.com/health/man-behind-global-coronavirus-pandemic
6,FAKE/HOAX,104,mcmnt.com,Vatican confirms Pope Francis and two aides test positive for Coronavirus - MCM,https://mcmnt.com/vatican-confirms-pope-francis-and-two-aides-test-positive-for-coronavirus/
7,CONSPIRACY/JUNKSCI,101,peta.org,"New Coronavirus Linked to Animal Flesh, Sources Warn | PETA",http://peta.vg/2ran
8,CONSPIRACY/JUNKSCI,77,zerohedge.com,Creator Of US BioWeapons Act Says Coronavirus Is Biological Warfare Weapon,https://www.zerohedge.com/health/creator-bioweapons-act-says-coronavirus-biological-warfare-weapon
9,FAKE/HOAX,75,politicalflare.com,Trump Supporter Says She Doesn't Think Coronavirus Exists Because She 'Doesn't Believe Anything the Democrats Say',https://www.politicalflare.com/2020/03/trump-supporter-says-she-doesnt-think-coronavirus-exists-because-she-doesnt-believe-anything-the-democrats-say/
10,CONSPIRACY/JUNKSCI,63,zerohedge.com,White House Asks Scientists To Investigate Whether 2019-nCoV Was Bio-Engineered,https://www.zerohedge.com/health/white-house-asks-scientists-investigate-whether-2019-ncov-was-bio-engineered
11,FAKE/HOAX,63,breitbart.com,Twitter Forces Laura Ingraham to Delete Post on Chloroquine Helping Coronavirus Patients,https://www.breitbart.com/tech/2020/03/30/twitter-forces-laura-ingraham-to-remove-tweet-about-chinese-virus-treatment/
12,CONSPIRACY/JUNKSCI,58,zerohedge.com,Did China's Tencent Accidentally Leak The True Terrifying Coronavirus Statistics,https://www.zerohedge.com/health/did-chinas-tencent-accidentally-leak-true-terrifying-coronavirus-statistics
13,FAKE/HOAX,58,ibtimes.sg,North Korea's first confirmed Coronavirus COVID 19 patient shot dead: report,https://www.ibtimes.sg/north-koreas-first-confirmed-coronavirus-covid-19-patient-shot-dead-report-40042
14,FAKE/HOAX,56,dailymail.co.uk,"China's top virus lab is in Wuhan, the center of the outbreak",https://www.dailymail.co.uk/health/article-7922379/chinas-lab-studying-sars-ebola-wuhan-outbreaks-center.html
15,FAKE/HOAX,56,dailymail.co.uk,Australian politicians launch an attack on the Chinese Communist Party,https://www.dailymail.co.uk/news/article-8187029/australian-politicians-launch-incredible-attack-chinese-communist-party-coronavirus.html
16,FAKE/HOAX,55,dailymail.co.uk,Did coronavirus originate in Chinese government laboratory?,https://www.dailymail.co.uk/news/article-8009669/did-coronavirus-originate-chinese-government-laboratory.html
17,CONSPIRACY/JUNKSCI,53,zerohedge.com,"China Virus Cases Almost Double Overnight, Deaths Top 100 As North Korea Closes Border",https://www.zerohedge.com/geopolitical/wuhan-mayor-offers-resign-coronavirus-death-toll-accelerates-supply-shortages
18,FAKE/HOAX,52,dailystar.co.uk,,https://www.dailystar.co.uk/news/world-news/scientists-blame-coronavirus-bats-pics-21337997
19,FAKE/HOAX,52,breitbart.com,Pollak: Democrats Pushed Impeachment While Coronavirus Spread,https://www.breitbart.com/politics/2020/03/13/pollak-democrats-pushed-impeachment-while-coronavirus-spread/
20,FAKE/HOAX,48,summit.news,Chinese Lab That Studies “World’s Most Dangerous Pathogens” is Based in Wuhan,https://summit.news/2020/01/23/chinese-lab-that-studies-worlds-most-dangerous-pathogens-is-based-in-wuhan/
