rank,fact_type,count,domain,title,url
1,FAKE/HOAX,2,dailymail.co.uk,Wuhan doctor dies nine days after contracting deadly coronavirus,https://www.dailymail.co.uk/health/article-7928063/wuhan-doctor-dies-nine-days-contracting-deadly-coronavirus-battled-save-patients.html
2,FAKE/HOAX,1,dailymail.co.uk,"China's top virus lab is in Wuhan, the center of the outbreak",https://www.dailymail.co.uk/health/article-7922379/chinas-lab-studying-sars-ebola-wuhan-outbreaks-center.html
3,FAKE/HOAX,1,dailymail.co.uk,"Chinese doctor, 34, who sounded alarm over coronavirus DIES from it",https://www.dailymail.co.uk/news/article-7974593/coronavirus-whistle-blower-dies-deadly-disease-catching-patient.html
4,FAKE/HOAX,1,dailymail.co.uk,Entire football season 'could be null and void' over coronavirus,https://www.dailymail.co.uk/news/article-8057395/liverpool-miss-premier-league-title-dozens-teams-miss-promotion-coronavirus.html
5,FAKE/HOAX,1,dailymail.co.uk,Over-60s urged to avoid crowds as coronavirus panic spreads,https://www.dailymail.co.uk/news/article-8060407/health-chiefs-urge-60s-avoid-crowds-coronavirus-panic-spreads.html
6,FAKE/HOAX,1,dailymail.co.uk,People buying up condoms to put them on FINGERS to avoid coronavirus,https://www.dailymail.co.uk/news/article-8072299/amp/condoms-sell-people-encouraged-fingers-avoid-coronavirus.html?__twitter_impression=true
