rank,fact_type,count,domain,title,url
1,FAKE/HOAX,8,ibtimes.sg,North Korea's first confirmed Coronavirus COVID 19 patient shot dead: report,https://www.ibtimes.sg/north-koreas-first-confirmed-coronavirus-covid-19-patient-shot-dead-report-40042
2,CONSPIRACY/JUNKSCI,6,zerohedge.com,North Korea's First Confirmed Coronavirus Patient Shot Dead,https://www.zerohedge.com/geopolitical/north-koreas-first-confirmed-coronavirus-patient-shot-dead
3,FAKE/HOAX,6,n.news.naver.com,김재중 “코로나19 확진→만우절 농담”…도넘은 장난,https://n.news.naver.com/entertain/now/article/018/0004610638
4,FAKE/HOAX,5,n.news.naver.com,"[단독] 트와이스, 2월 예정 일본 팬사인회 취소 '신종 코로나 바이러스 여파'",https://n.news.naver.com/entertain/now/article/117/0003328924
5,FAKE/HOAX,4,dailymail.co.uk,Killer coronavirus could be spread through the EYES,https://www.dailymail.co.uk/health/article-7926243/killer-coronavirus-spread-eyes.html?ito=amp_whatsapp_share-top
6,FAKE/HOAX,3,ibtimes.sg,North Korea's first confirmed Coronavirus COVID 19 patient shot dead: report,https://www.ibtimes.sg/north-koreas-first-confirmed-coronavirus-covid-19-patient-shot-dead-report-40042?utm_campaign=/north-koreas-first-confirmed-coronavirus-covid-19-patient-shot-dead-report-40042
7,FAKE/HOAX,3,ibtimes.sg,,https://www.ibtimes.sg/a000apq?utm_source=social&utm_medium=twitter&utm_campaign=/north-koreas-first-confirmed-coronavirus-covid-19-patient-shot-dead-report-40042
8,FAKE/HOAX,3,n.news.naver.com,CJ ENM 측 “‘KCON 2020 JAPAN’ 코로나 여파로 연기하기로 결정”  [공식],https://n.news.naver.com/entertain/article/382/0000803486
9,FAKE/HOAX,3,redstate.com,WATCH: MSNBC Host Nicole Wallace Hopes Coronavirus Tanks Trump’s Presidency,https://www.redstate.com/jeffc/2020/03/09/795886/?utm_source=twitter&utm_medium=social&utm_term=795886&utm_content=0&utm_campaign=postpromoterpro
10,CONSPIRACY/JUNKSCI,2,iflscience.com,Doctor Who Blew The Whistle On Coronavirus Cover-up Dies Of Coronavirus,https://www.iflscience.com/health-and-medicine/doctor-who-blew-the-whistle-on-coronavirus-cover-up-dies-of-coronavirus/
11,FAKE/HOAX,2,rt.com,,https://www.rt.com/usa/480339-coronavirus-cruise-ship-chinese-new-jersey/
12,FAKE/HOAX,2,chinadaily.com.cn,,https://www.chinadaily.com.cn/a/202002/08/ws5e3e7d97a310128217275fc3.html
13,FAKE/HOAX,2,albertonews.com,Médicos del Hospital Militar de Maracay evalúan a paciente para descartar contagio de coronavirus - AlbertoNews - Periodismo sin censura,https://albertonews.com/nacionales/ultima-hora-reportan-presunto-posible-caso-de-coronavirus-en-maracay-estado-aragua/
14,FAKE/HOAX,2,dailystar.co.uk,,https://www.dailystar.co.uk/news/world-news/china-deploys-40-incinerators-wuhan-21529067
15,FAKE/HOAX,2,n.news.naver.com,"'코로나19' 담당 법무부 공무원, 한강서 숨진 채 발견",https://n.news.naver.com/article/032/0002993787
16,FAKE/HOAX,2,breitbart.com,Nancy Pelosi: 'Too Late' for Trump Admin to Stem Coronavirus Outbreak,https://www.breitbart.com/politics/2020/02/26/nancy-pelosi-trump-administration-response-to-coronavirus-is-too-late/
17,FAKE/HOAX,2,mcmnt.com,Vatican confirms Pope Francis and two aides test positive for Coronavirus - MCM,https://mcmnt.com/vatican-confirms-pope-francis-and-two-aides-test-positive-for-coronavirus/
18,CONSPIRACY/JUNKSCI,2,peta.org,"New Coronavirus Linked to Animal Flesh, Sources Warn | PETA",http://peta.vg/2ran
19,FAKE/HOAX,2,dailymail.co.uk,Malaria drug hydroxychloroquine 'best coronavirus treatment available',https://www.dailymail.co.uk/news/article-8184259/malaria-drug-hydroxychloroquine-effective-coronavirus-treatment-currently-available.html
20,FAKE/HOAX,1,dailymail.co.uk,Revolting footage shows Chinese woman eating a bat,https://www.dailymail.co.uk/news/article-7920573/revolting-footage-shows-chinese-woman-eating-bat-scientists-link-coronavirus-animal.html?ito=amp_twitter_share-top
