rank,fact_type,count,domain,title,url
1,FAKE/HOAX,175,albertonews.com,Argentina construirá 8 hospitales de emergencia por propagación del COVID-19 - AlbertoNews - Periodismo sin censura,https://albertonews.com/coronavirus/argentina-construira-8-hospitales-de-emergencia-por-propagacion-del-covid-19/
2,FAKE/HOAX,87,albertonews.com,Médicos del Hospital Militar de Maracay evalúan a paciente para descartar contagio de coronavirus - AlbertoNews - Periodismo sin censura,https://albertonews.com/nacionales/ultima-hora-reportan-presunto-posible-caso-de-coronavirus-en-maracay-estado-aragua/
3,FAKE/HOAX,66,albertonews.com,,https://albertonews.com/internacionales/ultima-hora-china-llama-a-dialogo-para-solventar-la-crisis-en-venezuela/
4,CONSPIRACY/JUNKSCI,50,zerohedge.com,Did China Steal Coronavirus From Canada And Weaponize It?,https://www.zerohedge.com/geopolitical/did-china-steal-coronavirus-canada-and-weaponize-it
5,FAKE/HOAX,36,albertonews.com,Científico de Harvard predice que el coronavirus infectará hasta el 70% de la humanidad - AlbertoNews - Periodismo sin censura,https://albertonews.com/internacionales/ultima-hora-cientifico-de-harvard-predice-que-el-coronavirus-infectara-hasta-el-70-de-la-humanidad/
6,FAKE/HOAX,35,albertonews.com,Hospitales en Venezuela no están aptos para enfrentar el coronavirus (Video) - AlbertoNews - Periodismo sin censura,https://albertonews.com/nacionales/urgente-hospitales-en-venezuela-no-estan-aptos-para-enfrentar-el-coronavirus-video/
7,FAKE/HOAX,21,mcmnt.com,Vatican confirms Pope Francis and two aides test positive for Coronavirus - MCM,https://mcmnt.com/vatican-confirms-pope-francis-and-two-aides-test-positive-for-coronavirus/
8,FAKE/HOAX,21,albertonews.com,,https://albertonews.com/ultima-hora/ultima-hora-maduro-pide-credito-de-5-mil-millones-de-dolares-al-fmi-para-enfrentar-la-pandemia-del-coronavirus/
9,CONSPIRACY/JUNKSCI,21,peta.org,"New Coronavirus Linked to Animal Flesh, Sources Warn | PETA",http://peta.vg/2ran
10,FAKE/HOAX,20,albertonews.com,,https://albertonews.com/internacionales/urgente-el-coronavirus-puede-infectar-desde-una-distancia-de-2-metros-y-a-traves-de-los-ojos/
11,FAKE/HOAX,19,albertonews.com,,https://albertonews.com/nacionales/urgente-40-privados-de-libertad-del-reten-de-cabimas-fueron-diagnosticados-con-tuberculosis/
12,CONSPIRACY/JUNKSCI,17,zerohedge.com,"Coronavirus Contains ""HIV Insertions"", Stoking Fears Over Artificially Created Bioweapon",https://www.zerohedge.com/geopolitical/coronavirus-contains-hiv-insertions-stoking-fears-over-artificially-created-bioweapon
13,FAKE/HOAX,17,ibtimes.sg,North Korea's first confirmed Coronavirus COVID 19 patient shot dead: report,https://www.ibtimes.sg/north-koreas-first-confirmed-coronavirus-covid-19-patient-shot-dead-report-40042
14,FAKE/HOAX,15,dailymail.co.uk,"China's top virus lab is in Wuhan, the center of the outbreak",https://www.dailymail.co.uk/health/article-7922379/amp/chinas-lab-studying-sars-ebola-wuhan-outbreaks-center.html?__twitter_impression=true
15,FAKE/HOAX,15,albertonews.com,Tal Cual: Aislada paciente con sospecha de coronavirus en hospital Pérez Carreño de Caracas - AlbertoNews - Periodismo sin censura,https://albertonews.com/nacionales/ultima-hora-tal-cual-aislada-paciente-con-sospecha-de-coronavirus-en-hospital-perez-carreno-de-caracas/
16,FAKE/HOAX,14,albertonews.com,,https://albertonews.com/internacionales/reportan-primer-fallecimiento-de-un-menor-de-edad-por-covid-19-en-eeuu/
17,FAKE/HOAX,13,dailymail.co.uk,Symptoms of China's coronavirus: Fevers and coughs not the only signs,https://www.dailymail.co.uk/news/article-7925981/symptoms-chinas-coronavirus-fevers-coughs-not-signs.html
18,FAKE/HOAX,12,albertonews.com,Médicos chinos hallan anticuerpos capaces de combatir el coronavirus - AlbertoNews - Periodismo sin censura,https://albertonews.com/internacionales/lo-ultimo-medicos-chinos-hallan-anticuerpos-capaces-de-combatir-el-coronavirus/
19,FAKE/HOAX,11,n.news.naver.com,"[단독] 트와이스, 2월 예정 일본 팬사인회 취소 '신종 코로나 바이러스 여파'",https://n.news.naver.com/entertain/now/article/117/0003328924
20,FAKE/HOAX,10,sputniknews.com,"UK Foreign Secretary Arrives in Gibraltar to Discuss Defense Issues, Brexit",https://sptnkne.ws/bn8c
