rank,fact_type,count,domain,title,url
1,FAKE/HOAX,9,albertonews.com,Médicos del Hospital Militar de Maracay evalúan a paciente para descartar contagio de coronavirus - AlbertoNews - Periodismo sin censura,https://albertonews.com/nacionales/ultima-hora-reportan-presunto-posible-caso-de-coronavirus-en-maracay-estado-aragua/
2,CONSPIRACY/JUNKSCI,9,peta.org,"New Coronavirus Linked to Animal Flesh, Sources Warn | PETA",http://peta.vg/2ran
3,FAKE/HOAX,6,albertonews.com,,https://albertonews.com/internacionales/ultima-hora-china-llama-a-dialogo-para-solventar-la-crisis-en-venezuela/
4,FAKE/HOAX,5,thegatewaypundit.com,GROSS: Scientists Blame Coronavirus on Bats -- In Chinese Province Where Bat Soup Is Served in Restaurants,https://www.thegatewaypundit.com/2020/01/gross-scientists-blame-coronavirus-on-bats-in-chinese-province-where-bat-soup-is-served-in-restaurants/
5,FAKE/HOAX,5,albertonews.com,,https://albertonews.com/nacionales/urgente-40-privados-de-libertad-del-reten-de-cabimas-fueron-diagnosticados-con-tuberculosis/
6,CONSPIRACY/JUNKSCI,5,globalresearch.ca,China's Coronavirus: A Shocking Update. Did The Virus Originate in the US? - Global Research,https://www.globalresearch.ca/china-coronavirus-shocking-update/5705196
7,CONSPIRACY/JUNKSCI,4,zerohedge.com,Did China Steal Coronavirus From Canada And Weaponize It?,https://www.zerohedge.com/geopolitical/did-china-steal-coronavirus-canada-and-weaponize-it
8,CONSPIRACY/JUNKSCI,4,iflscience.com,Coronavirus Cultured In Australian Lab For First Time In Step Towards A Vaccine,https://www.iflscience.com/health-and-medicine/coronavirus-cultured-in-australian-lab-for-first-time-in-step-towards-a-vaccine/
9,CONSPIRACY/JUNKSCI,4,zerohedge.com,"Coronavirus Contains ""HIV Insertions"", Stoking Fears Over Artificially Created Bioweapon",https://www.zerohedge.com/geopolitical/coronavirus-contains-hiv-insertions-stoking-fears-over-artificially-created-bioweapon
10,FAKE/HOAX,3,rt.com,US orders charter flight to evacuate citizens and diplomats from virus-stricken Wuhan — report,https://on.rt.com/a9qm
11,FAKE/HOAX,3,gnews.org,,https://gnews.org/89749/
12,CONSPIRACY/JUNKSCI,3,infowars.com,Bill and Melinda Gates Foundation & Others Predicted Up To 65 Million Deaths Via Coronavirus – In Simulation Ran 3 Months Ago!,https://www.infowars.com/bill-and-melinda-gates-foundation-others-predicted-up-to-65-million-deaths-via-coronavirus-in-simulation-ran-3-months-ago/
13,FAKE/HOAX,3,dailymail.co.uk,Did coronavirus originate in Chinese government laboratory?,https://www.dailymail.co.uk/news/article-8009669/did-coronavirus-originate-chinese-government-laboratory.html?ito=amp_twitter_share-top
14,FAKE/HOAX,3,davidharrisjr.com,State Department Employee in Japan Ignored President Trump’s Orders and Allowed Americans with Coronavirus to Fly Back to the US,https://davidharrisjr.com/steven/state-department-employee-in-japan-ignored-president-trumps-orders-and-allowed-americans-with-coronavirus-to-fly-back-to-the-us/
15,FAKE/HOAX,3,ibtimes.sg,North Korea's first confirmed Coronavirus COVID 19 patient shot dead: report,https://www.ibtimes.sg/north-koreas-first-confirmed-coronavirus-covid-19-patient-shot-dead-report-40042?utm_campaign=/north-koreas-first-confirmed-coronavirus-covid-19-patient-shot-dead-report-40042
16,FAKE/HOAX,3,albertonews.com,,https://albertonews.com/ultima-hora/ultima-hora-maduro-pide-credito-de-5-mil-millones-de-dolares-al-fmi-para-enfrentar-la-pandemia-del-coronavirus/
17,FAKE/HOAX,3,breitbart.com,Top Biden Adviser Repeatedly Referred to Coronavirus as 'Wuhan Virus',https://www.breitbart.com/2020-election/2020/03/25/top-biden-adviser-repeatedly-referred-to-coronavirus-as-wuhan-virus/
18,FAKE/HOAX,3,waynedupree.com,[VIDEO] Nurse Addresses COVID-19 Overhype Narrative; People Are Out Here Dropping Like Flies,https://www.waynedupree.com/nurse-warns-coronavirus/
19,FAKE/HOAX,3,n.news.naver.com,김재중 “코로나19 확진→만우절 농담”…도넘은 장난,https://n.news.naver.com/entertain/now/article/018/0004610638
20,CONSPIRACY/JUNKSCI,2,usahitman.com,CORONAVIRUS is a Patented Virus - USAHITMAN Conspiracy News,https://usahitman.com/coronavirus-patented-virus/
