rank,fact_type,count,domain,title,url
1,FAKE/HOAX,14,albertonews.com,Médicos del Hospital Militar de Maracay evalúan a paciente para descartar contagio de coronavirus - AlbertoNews - Periodismo sin censura,https://albertonews.com/nacionales/ultima-hora-reportan-presunto-posible-caso-de-coronavirus-en-maracay-estado-aragua/
2,FAKE/HOAX,12,albertonews.com,,https://albertonews.com/internacionales/ultima-hora-china-llama-a-dialogo-para-solventar-la-crisis-en-venezuela/
3,FAKE/HOAX,5,ibtimes.sg,,https://www.ibtimes.sg/a000apq?utm_source=social&utm_medium=twitter&utm_campaign=/north-koreas-first-confirmed-coronavirus-covid-19-patient-shot-dead-report-40042
4,FAKE/HOAX,5,dailymail.co.uk,Passengers from cruise ship hit by coronavirus board flights to UK,https://www.dailymail.co.uk/news/article-8130201/passengers-cruise-ship-hit-coronavirus-rejoice-cuba-board-flights-britain.html
5,FAKE/HOAX,4,albertonews.com,Médicos chinos hallan anticuerpos capaces de combatir el coronavirus - AlbertoNews - Periodismo sin censura,https://albertonews.com/internacionales/lo-ultimo-medicos-chinos-hallan-anticuerpos-capaces-de-combatir-el-coronavirus/
6,FAKE/HOAX,4,albertonews.com,Hospitales en Venezuela no están aptos para enfrentar el coronavirus (Video) - AlbertoNews - Periodismo sin censura,https://albertonews.com/nacionales/urgente-hospitales-en-venezuela-no-estan-aptos-para-enfrentar-el-coronavirus-video/
7,FAKE/HOAX,3,albertonews.com,Científico de Harvard predice que el coronavirus infectará hasta el 70% de la humanidad - AlbertoNews - Periodismo sin censura,https://albertonews.com/internacionales/ultima-hora-cientifico-de-harvard-predice-que-el-coronavirus-infectara-hasta-el-70-de-la-humanidad/
8,FAKE/HOAX,3,albertonews.com,,https://albertonews.com/internacionales/ultima-hora-el-comite-olimpico-internacional-abre-la-puerta-a-la-cancelacion-de-los-juegos-por-el-coronavirus/
9,FAKE/HOAX,3,ibtimes.sg,North Korea's first confirmed Coronavirus COVID 19 patient shot dead: report,https://www.ibtimes.sg/north-koreas-first-confirmed-coronavirus-covid-19-patient-shot-dead-report-40042
10,CONSPIRACY/JUNKSCI,3,zerohedge.com,North Korea's First Confirmed Coronavirus Patient Shot Dead,https://www.zerohedge.com/geopolitical/north-koreas-first-confirmed-coronavirus-patient-shot-dead
11,FAKE/HOAX,3,albertonews.com,,https://albertonews.com/coronavirus/ultima-hora-faes-detuvo-a-reportera-de-caraota-digital-por-cubrir-cuarentena-en-catia/
12,FAKE/HOAX,2,rt.com,Error 404,http://on.rt.com/a9vh
13,FAKE/HOAX,2,albertonews.com,,https://albertonews.com/internacionales/urgente-el-coronavirus-puede-infectar-desde-una-distancia-de-2-metros-y-a-traves-de-los-ojos/
14,FAKE/HOAX,2,dailymail.co.uk,China's first coronavirus hospital OPENS today,https://www.dailymail.co.uk/news/article-7939075/chinas-coronavirus-hospital-opens-today.html
15,FAKE/HOAX,2,albertonews.com,,https://albertonews.com/nacionales/urgente-40-privados-de-libertad-del-reten-de-cabimas-fueron-diagnosticados-con-tuberculosis/
16,FAKE/HOAX,2,albertonews.com,,https://albertonews.com/internacionales/ultima-hora-oms-declara-que-el-coronavirus-constituye-una-emergencia-de-salud-publica-de-preocupacion-internacional/
17,FAKE/HOAX,2,rt.com,Clucking hell! New outbreak of BIRD FLU sees thousands of chickens culled in coronavirus-stricken China,https://on.rt.com/aa9r
18,FAKE/HOAX,2,albertonews.com,,https://albertonews.com/internacionales/ultima-hora-el-balance-de-muertos-en-china-por-el-coronavirus-aumento-a-560/
19,FAKE/HOAX,2,sputniknews.com,‘March Against Monsanto’ Activists Rally in Cities Around the World (Video),https://sptnkne.ws/bs6s
20,FAKE/HOAX,2,sputniknews.com,"Ankara Needs to 'Turn Moscow From Foe to Friend' Amid Tensions With EU, US",https://sptnkne.ws/bvtu
