rank,fact_type,count,domain,title,url
1,CONSPIRACY/JUNKSCI,6,zerohedge.com,Creator Of US BioWeapons Act Says Coronavirus Is Biological Warfare Weapon,https://www.zerohedge.com/health/creator-bioweapons-act-says-coronavirus-biological-warfare-weapon
2,CONSPIRACY/JUNKSCI,4,zerohedge.com,"Coronavirus Kills Man In Shanghai As China Confirms Nearly 2,000 Cases",https://www.zerohedge.com/political/56-million-chinese-lockdown-virus-spreads-australia-malaysia
3,FAKE/HOAX,4,ibtimes.sg,North Korea's first confirmed Coronavirus COVID 19 patient shot dead: report,https://www.ibtimes.sg/north-koreas-first-confirmed-coronavirus-covid-19-patient-shot-dead-report-40042?utm_campaign=/north-koreas-first-confirmed-coronavirus-covid-19-patient-shot-dead-report-40042
4,FAKE/HOAX,4,mcmnt.com,Vatican confirms Pope Francis and two aides test positive for Coronavirus - MCM,https://mcmnt.com/vatican-confirms-pope-francis-and-two-aides-test-positive-for-coronavirus/
5,FAKE/HOAX,4,tass.com,Russian researchers fully decode COVID-19 genome,https://tass.com/science/1132425
6,CONSPIRACY/JUNKSCI,3,zerohedge.com,"Coronavirus Latest: Over 2,800 Global Cases Resulting in 80 Fatalities",https://www.zerohedge.com/geopolitical/third-us-coronavirus-case-confirmed-orange-county
7,FAKE/HOAX,3,dailymail.co.uk,"China's top virus lab is in Wuhan, the center of the outbreak",https://www.dailymail.co.uk/health/article-7922379/chinas-lab-studying-sars-ebola-wuhan-outbreaks-center.html
8,CONSPIRACY/JUNKSCI,3,zerohedge.com,"Global Stocks Crash As Coronavirus Pandemic Infects 3,000; China, Yuan Plummet",https://www.zerohedge.com/markets/global-stocks-crash-coronavirus-pandemic-infects-3000-china-yuan-plummet
9,FAKE/HOAX,3,gnews.org,,http://gnews.org
10,CONSPIRACY/JUNKSCI,3,zerohedge.com,"Coronavirus Contains ""HIV Insertions"", Stoking Fears Over Artificially Created Bioweapon",https://www.zerohedge.com/geopolitical/coronavirus-contains-hiv-insertions-stoking-fears-over-artificially-created-bioweapon
11,FAKE/HOAX,3,ibtimes.sg,,https://www.ibtimes.sg/a000apq?utm_source=social&utm_medium=twitter&utm_campaign=/north-koreas-first-confirmed-coronavirus-covid-19-patient-shot-dead-report-40042
12,CONSPIRACY/JUNKSCI,3,zerohedge.com,Putin Says 'The Rich Must Pay' For The COVID-19 Chaos,https://www.zerohedge.com/geopolitical/putin-says-rich-must-pay-covid-19-chaos
13,FAKE/HOAX,3,n.news.naver.com,김재중 “코로나19 확진→만우절 농담”…도넘은 장난,https://n.news.naver.com/entertain/now/article/018/0004610638
14,CONSPIRACY/JUNKSCI,2,zerohedge.com,China Quarantines City Of 11 Million As Hong Kong Confirms Second Case Of Coronavirus,https://www.zerohedge.com/geopolitical/coronavirus-infections-climb-473-china-hong-kong-confirms-first-case
15,FAKE/HOAX,2,summit.news,Professor Warns New Coronavirus Has Same Kill Rate as the Spanish Flu,https://summit.news/2020/01/22/professor-warns-new-coronavirus-has-same-kill-rate-as-the-spanish-flu/
16,FAKE/HOAX,2,dailystar.co.uk,,https://www.dailystar.co.uk/news/world-news/scientists-blame-coronavirus-bats-pics-21337997
17,CONSPIRACY/JUNKSCI,2,zerohedge.com,"The Real Umbrella Corp: Wuhan Ultra Biohazard Lab Was Studying ""The World's Most Dangerous Pathogens""",https://www.zerohedge.com/economics/real-umbrella-corp-wuhan-ultra-biohazard-lab-was-studying-worlds-most-dangerous-pathogens
18,FAKE/HOAX,2,dailymail.co.uk,Killer coronavirus could be spread through the EYES,https://www.dailymail.co.uk/health/article-7926243/killer-coronavirus-spread-eyes.html?ito=amp_whatsapp_share-top
19,FAKE/HOAX,2,n.news.naver.com,"[단독] 트와이스, 2월 예정 일본 팬사인회 취소 '신종 코로나 바이러스 여파'",https://n.news.naver.com/entertain/now/article/117/0003328924
20,CONSPIRACY/JUNKSCI,2,zerohedge.com,"2nd Coronavirus Case Confirmed In San Diego As China Sends 2,600 Army ""Medical Staff"" To Wuhan",https://www.zerohedge.com/geopolitical/uk-hospital-admits-worker-who-tested-positive-coronavirus-treated-small-number
