rank,fact_type,count,domain,title,url
1,CONSPIRACY/JUNKSCI,134,peta.org,"New Coronavirus Linked to Animal Flesh, Sources Warn | PETA",http://peta.vg/2ran
2,FAKE/HOAX,93,mcmnt.com,Vatican confirms Pope Francis and two aides test positive for Coronavirus - MCM,https://mcmnt.com/vatican-confirms-pope-francis-and-two-aides-test-positive-for-coronavirus/
3,CONSPIRACY/JUNKSCI,86,zerohedge.com,"Coronavirus Contains ""HIV Insertions"", Stoking Fears Over Artificially Created Bioweapon",https://www.zerohedge.com/geopolitical/coronavirus-contains-hiv-insertions-stoking-fears-over-artificially-created-bioweapon
4,CONSPIRACY/JUNKSCI,57,zerohedge.com,Did China Steal Coronavirus From Canada And Weaponize It?,https://www.zerohedge.com/geopolitical/did-china-steal-coronavirus-canada-and-weaponize-it
5,FAKE/HOAX,57,n.news.naver.com,김재중 “코로나19 확진→만우절 농담”…도넘은 장난,https://n.news.naver.com/entertain/now/article/018/0004610638
6,FAKE/HOAX,47,ibtimes.sg,North Korea's first confirmed Coronavirus COVID 19 patient shot dead: report,https://www.ibtimes.sg/north-koreas-first-confirmed-coronavirus-covid-19-patient-shot-dead-report-40042
7,CONSPIRACY/JUNKSCI,41,zerohedge.com,North Korea's First Confirmed Coronavirus Patient Shot Dead,https://www.zerohedge.com/geopolitical/north-koreas-first-confirmed-coronavirus-patient-shot-dead
8,FAKE/HOAX,40,ibtimes.sg,North Korea's first confirmed Coronavirus COVID 19 patient shot dead: report,https://www.ibtimes.sg/north-koreas-first-confirmed-coronavirus-covid-19-patient-shot-dead-report-40042?utm_campaign=/north-koreas-first-confirmed-coronavirus-covid-19-patient-shot-dead-report-40042
9,FAKE/HOAX,38,dailymail.co.uk,Killer coronavirus could be spread through the EYES,https://www.dailymail.co.uk/health/article-7926243/killer-coronavirus-spread-eyes.html?ito=amp_whatsapp_share-top
10,FAKE/HOAX,36,n.news.naver.com,"[단독] 트와이스, 2월 예정 일본 팬사인회 취소 '신종 코로나 바이러스 여파'",https://n.news.naver.com/entertain/now/article/117/0003328924
11,CONSPIRACY/JUNKSCI,34,zerohedge.com,Is This The Man Behind The Global Coronavirus Pandemic?,https://www.zerohedge.com/health/man-behind-global-coronavirus-pandemic
12,FAKE/HOAX,28,dailymail.co.uk,"China's top virus lab is in Wuhan, the center of the outbreak",https://www.dailymail.co.uk/health/article-7922379/chinas-lab-studying-sars-ebola-wuhan-outbreaks-center.html
13,CONSPIRACY/JUNKSCI,26,zerohedge.com,Creator Of US BioWeapons Act Says Coronavirus Is Biological Warfare Weapon,https://www.zerohedge.com/health/creator-bioweapons-act-says-coronavirus-biological-warfare-weapon
14,FAKE/HOAX,25,ibtimes.sg,,https://www.ibtimes.sg/a000apq?utm_source=social&utm_medium=twitter&utm_campaign=/north-koreas-first-confirmed-coronavirus-covid-19-patient-shot-dead-report-40042
15,FAKE/HOAX,24,gnews.org,,https://gnews.org/89749/
16,FAKE/HOAX,21,n.news.naver.com,"'코로나19' 담당 법무부 공무원, 한강서 숨진 채 발견",https://n.news.naver.com/article/032/0002993787
17,CONSPIRACY/JUNKSCI,18,zerohedge.com,Did China's Tencent Accidentally Leak The True Terrifying Coronavirus Statistics,https://www.zerohedge.com/health/did-chinas-tencent-accidentally-leak-true-terrifying-coronavirus-statistics
18,CONSPIRACY/JUNKSCI,18,zerohedge.com,Hubei Doctors Warn Of Even-Deadlier Coronavirus Reinfection Causing Sudden Heart Attacks,https://www.zerohedge.com/health/hubei-doctors-warn-even-deadlier-coronavirus-reinfection-causing-sudden-heart-attacks
19,FAKE/HOAX,17,n.news.naver.com,CJ ENM 측 “‘KCON 2020 JAPAN’ 코로나 여파로 연기하기로 결정”  [공식],https://n.news.naver.com/entertain/article/382/0000803486
20,FAKE/HOAX,15,summit.news,Virologist Who Visited Wuhan Says Coronavirus is “Out of Control”,https://summit.news/2020/01/24/virologist-who-visited-wuhan-says-coronavirus-is-out-of-control/
