rank,fact_type,count,domain,title,url
1,FAKE/HOAX,2,n.news.naver.com,"'코로나19' 담당 법무부 공무원, 한강서 숨진 채 발견",https://n.news.naver.com/article/032/0002993787
2,FAKE/HOAX,1,dailymail.co.uk,Hospital in China flooded with patients amid coronavirus outbreak,https://www.dailymail.co.uk/news/article-7921709/shocking-footage-shows-hospital-china-flooded-hundreds-patients-amid-coronavirus-outbreak.html?ito=social-facebook
3,FAKE/HOAX,1,reseauinternational.net,Virus 2019-nCoV - La piste de l'arme biologique se précise de plus en plus,https://reseauinternational.net/virus-2019-ncov-la-piste-de-larme-biologique-se-precise-de-plus-en-plus/
4,FAKE/HOAX,1,ibtimes.sg,North Korea's first confirmed Coronavirus COVID 19 patient shot dead: report,https://www.ibtimes.sg/north-koreas-first-confirmed-coronavirus-covid-19-patient-shot-dead-report-40042?utm_campaign=/north-koreas-first-confirmed-coronavirus-covid-19-patient-shot-dead-report-40042
5,FAKE/HOAX,1,ibtimes.sg,North Korea's first confirmed Coronavirus COVID 19 patient shot dead: report,https://www.ibtimes.sg/north-koreas-first-confirmed-coronavirus-covid-19-patient-shot-dead-report-40042
6,FAKE/HOAX,1,n.news.naver.com,CJ ENM 측 “‘KCON 2020 JAPAN’ 코로나 여파로 연기하기로 결정”  [공식],https://n.news.naver.com/entertain/article/382/0000803486
7,FAKE/HOAX,1,presstv.com,Coronavirus was produced in a laboratory: Former CIA intel officer,https://www.presstv.com/detail/2020/03/05/620213/coronavirus-was-produced-in-a-laboratory
8,FAKE/HOAX,1,presstv.com,China does not rule out US role in coronavirus outbreak,https://www.presstv.com/detail/2020/03/13/620769/china-geng-shuang-coronavirus-outbreak-us
9,FAKE/HOAX,1,firstpost.com,"Coronavirus Outbreak: China must pay for its cover-ups over spread of Covid-19, and its bullying - Firstpost",https://www.firstpost.com/health/coronavirus-outbreak-china-must-pay-for-its-cover-ups-over-spread-of-covid-19-and-its-bullying-8189191.html
10,FAKE/HOAX,1,rt.com,"World reaches another grim Covid-19 milestone as global cases surpass 800,000",https://on.rt.com/adwd
