rank,fact_type,count,domain,title,url
1,FAKE/HOAX,104,mcmnt.com,Vatican confirms Pope Francis and two aides test positive for Coronavirus - MCM,https://mcmnt.com/vatican-confirms-pope-francis-and-two-aides-test-positive-for-coronavirus/
2,FAKE/HOAX,93,ikerjimenez.com,Milenio Live – Covid-19: La noche de los doctores Mayol y Candel,https://www.ikerjimenez.com/milenio-live-2x28-covid-19-la-noche-de-los-doctores-mayol-y-candel/
3,CONSPIRACY/JUNKSCI,89,peta.org,"New Coronavirus Linked to Animal Flesh, Sources Warn | PETA",http://peta.vg/2ran
4,FAKE/HOAX,89,ikerjimenez.com,Milenio Live – Covid-19: Crisis sin precedentes,https://www.ikerjimenez.com/milenio-live-2x29-covid-19-crisis-sin-precedentes/
5,FAKE/HOAX,72,albertonews.com,,https://albertonews.com/internacionales/ultima-hora-china-llama-a-dialogo-para-solventar-la-crisis-en-venezuela/
6,CONSPIRACY/JUNKSCI,71,zerohedge.com,"Coronavirus Contains ""HIV Insertions"", Stoking Fears Over Artificially Created Bioweapon",https://www.zerohedge.com/geopolitical/coronavirus-contains-hiv-insertions-stoking-fears-over-artificially-created-bioweapon
7,FAKE/HOAX,57,ikerjimenez.com,Milenio Live – Coronavirus: Dossier especial,https://www.ikerjimenez.com/milenio-live-2x24-coronavirus-dossier-especial/
8,FAKE/HOAX,56,albertonews.com,Médicos del Hospital Militar de Maracay evalúan a paciente para descartar contagio de coronavirus - AlbertoNews - Periodismo sin censura,https://albertonews.com/nacionales/ultima-hora-reportan-presunto-posible-caso-de-coronavirus-en-maracay-estado-aragua/
9,CONSPIRACY/JUNKSCI,49,forbiddenknowledgetv.net,,https://forbiddenknowledgetv.net/coronavirus-caused-by-5g/?fbclid=iwar29xi3zu71vtotzjehwn4z-spbckjqg7c0x2wlysqulux9e6z4uznfwqu4
10,FAKE/HOAX,42,albertonews.com,Hospitales en Venezuela no están aptos para enfrentar el coronavirus (Video) - AlbertoNews - Periodismo sin censura,https://albertonews.com/nacionales/urgente-hospitales-en-venezuela-no-estan-aptos-para-enfrentar-el-coronavirus-video/
11,CONSPIRACY/JUNKSCI,40,zerohedge.com,Did China Steal Coronavirus From Canada And Weaponize It?,https://www.zerohedge.com/geopolitical/did-china-steal-coronavirus-canada-and-weaponize-it
12,FAKE/HOAX,39,ibtimes.sg,North Korea's first confirmed Coronavirus COVID 19 patient shot dead: report,https://www.ibtimes.sg/north-koreas-first-confirmed-coronavirus-covid-19-patient-shot-dead-report-40042
13,FAKE/HOAX,33,ikerjimenez.com,Milenio Live – Covid-19: El mundo que viene,https://www.ikerjimenez.com/milenio-live-2x30-covid-19-el-mundo-que-viene/
14,FAKE/HOAX,32,ikerjimenez.com,Milenio Live – Covid-19: Estado de alarma,https://www.ikerjimenez.com/milenio-live-covid-19-estado-de-alarma/
15,CONSPIRACY/JUNKSCI,31,zerohedge.com,North Korea's First Confirmed Coronavirus Patient Shot Dead,https://www.zerohedge.com/geopolitical/north-koreas-first-confirmed-coronavirus-patient-shot-dead
16,FAKE/HOAX,30,albertonews.com,Científico de Harvard predice que el coronavirus infectará hasta el 70% de la humanidad - AlbertoNews - Periodismo sin censura,https://albertonews.com/internacionales/ultima-hora-cientifico-de-harvard-predice-que-el-coronavirus-infectara-hasta-el-70-de-la-humanidad/
17,FAKE/HOAX,21,dailymail.co.uk,Killer coronavirus could be spread through the EYES,https://www.dailymail.co.uk/health/article-7926243/killer-coronavirus-spread-eyes.html?ito=amp_whatsapp_share-top
18,CONSPIRACY/JUNKSCI,19,zerohedge.com,Is This The Man Behind The Global Coronavirus Pandemic?,https://www.zerohedge.com/health/man-behind-global-coronavirus-pandemic
19,FAKE/HOAX,19,ikerjimenez.com,Milenio Live – Coronavirus: lo que no se cuenta,https://www.ikerjimenez.com/milenio-live-2x21-coronavirus-lo-que-no-se-cuenta/
20,FAKE/HOAX,19,ibtimes.sg,,https://www.ibtimes.sg/a000apq?utm_source=social&utm_medium=twitter&utm_campaign=/north-koreas-first-confirmed-coronavirus-covid-19-patient-shot-dead-report-40042
