rank,fact_type,count,domain,title,url
1,FAKE/HOAX,8,n.news.naver.com,"[단독] 트와이스, 2월 예정 일본 팬사인회 취소 '신종 코로나 바이러스 여파'",https://n.news.naver.com/entertain/now/article/117/0003328924
2,FAKE/HOAX,5,n.news.naver.com,CJ ENM 측 “‘KCON 2020 JAPAN’ 코로나 여파로 연기하기로 결정”  [공식],https://n.news.naver.com/entertain/article/382/0000803486
3,FAKE/HOAX,4,n.news.naver.com,"슈퍼주니어 컴백쇼, 중국 우한 폐렴 여파로 비공개 진행(전문)",https://n.news.naver.com/entertain/now/article/410/0000664132
4,FAKE/HOAX,4,ibtimes.sg,North Korea's first confirmed Coronavirus COVID 19 patient shot dead: report,https://www.ibtimes.sg/north-koreas-first-confirmed-coronavirus-covid-19-patient-shot-dead-report-40042
5,CONSPIRACY/JUNKSCI,4,peta.org,"New Coronavirus Linked to Animal Flesh, Sources Warn | PETA",http://peta.vg/2ran
6,FAKE/HOAX,3,gnews.org,,https://gnews.org/89749/
7,CONSPIRACY/JUNKSCI,3,zerohedge.com,"Coronavirus Contains ""HIV Insertions"", Stoking Fears Over Artificially Created Bioweapon",https://www.zerohedge.com/geopolitical/coronavirus-contains-hiv-insertions-stoking-fears-over-artificially-created-bioweapon
8,FAKE/HOAX,3,ibtimes.sg,North Korea's first confirmed Coronavirus COVID 19 patient shot dead: report,https://www.ibtimes.sg/north-koreas-first-confirmed-coronavirus-covid-19-patient-shot-dead-report-40042?utm_campaign=/north-koreas-first-confirmed-coronavirus-covid-19-patient-shot-dead-report-40042
9,FAKE/HOAX,3,n.news.naver.com,김재중 “코로나19 확진→만우절 농담”…도넘은 장난,https://n.news.naver.com/entertain/now/article/018/0004610638
10,FAKE/HOAX,2,dailymail.co.uk,"China's top virus lab is in Wuhan, the center of the outbreak",https://www.dailymail.co.uk/health/article-7922379/chinas-lab-studying-sars-ebola-wuhan-outbreaks-center.html
11,FAKE/HOAX,2,dailymail.co.uk,Killer coronavirus could be spread through the EYES,https://www.dailymail.co.uk/health/article-7926243/killer-coronavirus-spread-eyes.html?ito=amp_whatsapp_share-top
12,CONSPIRACY/JUNKSCI,2,zerohedge.com,North Korea's First Confirmed Coronavirus Patient Shot Dead,https://www.zerohedge.com/geopolitical/north-koreas-first-confirmed-coronavirus-patient-shot-dead
13,FAKE/HOAX,2,dailymail.co.uk,The Pope says he has asked God to stop the coronavirus epidemic,https://www.dailymail.co.uk/news/article-8125507/the-pope-says-asked-god-stop-coronavirus-epidemic.html
14,FAKE/HOAX,1,dailymail.co.uk,British tourisy feared to be first western victim of new Chinese virus,https://www.dailymail.co.uk/health/article-7906281/sars-like-virus-spreads-china-nearly-140-new-cases.html
15,FAKE/HOAX,1,dailymail.co.uk,Deadly Chinese coronavirus 'can spread through coughs and sneezes',https://www.dailymail.co.uk/health/article-7919847/shocking-footage-shows-chaos-wuhans-streets-chinese-city-lockdown.html?ito=social-twitter_mailonline
16,FAKE/HOAX,1,summit.news,Videos Show Chinese People Eating Bats As Experts Link Animal to Coronavirus Outbreak,https://summit.news/2020/01/23/videos-show-chinese-people-eating-bats-as-experts-link-animal-to-coronavirus-outbreak/
17,FAKE/HOAX,1,summit.news,Chinese Lab That Studies “World’s Most Dangerous Pathogens” is Based in Wuhan,https://summit.news/2020/01/23/chinese-lab-that-studies-worlds-most-dangerous-pathogens-is-based-in-wuhan/
18,FAKE/HOAX,1,dailymail.co.uk,China spent crucial few days of coronavirus outbreak ARRESTING people,https://www.dailymail.co.uk/news/article-7924241/amp/china-spent-crucial-days-coronavirus-outbreak-arresting-people.html?__twitter_impression=true
19,FAKE/HOAX,1,dailymail.co.uk,Wuhan doctor dies nine days after contracting deadly coronavirus,https://www.dailymail.co.uk/health/article-7928063/wuhan-doctor-dies-nine-days-contracting-deadly-coronavirus-battled-save-patients.html
20,FAKE/HOAX,1,dailymail.co.uk,"Nurse treating coronavirus in China claims 90,000 people are infected",https://www.dailymail.co.uk/news/article-7929657/nurse-treating-coronavirus-sufferers-china-claims-90-000-people-infected.html
