rank,fact_type,count,domain,title,url
1,FAKE/HOAX,278,dailymail.co.uk,US health experts hosted fictional coronavirus simulation 3 months ago,https://www.dailymail.co.uk/health/article-7925475/us-health-experts-predicted-coronavirus-kill-65million-people-year-three-months-ago.html
2,CONSPIRACY/JUNKSCI,145,zerohedge.com,North Korea's First Confirmed Coronavirus Patient Shot Dead,https://www.zerohedge.com/geopolitical/north-koreas-first-confirmed-coronavirus-patient-shot-dead
3,CONSPIRACY/JUNKSCI,107,peta.org,"New Coronavirus Linked to Animal Flesh, Sources Warn | PETA",http://peta.vg/2ran
4,FAKE/HOAX,105,dailymail.co.uk,Malaria drug hydroxychloroquine 'best coronavirus treatment available',https://www.dailymail.co.uk/news/article-8184259/malaria-drug-hydroxychloroquine-effective-coronavirus-treatment-currently-available.html
5,CONSPIRACY/JUNKSCI,87,zerohedge.com,"Coronavirus Contains ""HIV Insertions"", Stoking Fears Over Artificially Created Bioweapon",https://www.zerohedge.com/geopolitical/coronavirus-contains-hiv-insertions-stoking-fears-over-artificially-created-bioweapon
6,FAKE/HOAX,66,rt.com,Chinese authorities announce first CURED coronavirus patient discharged from hospital in Shanghai,https://on.rt.com/a9ok
7,CONSPIRACY/JUNKSCI,62,zerohedge.com,Did China Steal Coronavirus From Canada And Weaponize It?,https://www.zerohedge.com/geopolitical/did-china-steal-coronavirus-canada-and-weaponize-it
8,FAKE/HOAX,58,mcmnt.com,Vatican confirms Pope Francis and two aides test positive for Coronavirus - MCM,https://mcmnt.com/vatican-confirms-pope-francis-and-two-aides-test-positive-for-coronavirus/
9,FAKE/HOAX,48,sputniknews.com,What a Dump! Sweden's West Coast Littered With Foreign Garbage,https://sptnkne.ws/beea
10,FAKE/HOAX,48,lesobservateurs.ch,Italie. Coronavirus : l’argent des soins de santé a été dépensé pour l’accueil des migrants,https://lesobservateurs.ch/2020/03/05/italie-coronavirus-largent-des-soins-de-sante-a-ete-depense-pour-laccueil-des-migrants/
11,FAKE/HOAX,47,dailymail.co.uk,Killer coronavirus could be spread through the EYES,https://www.dailymail.co.uk/health/article-7926243/killer-coronavirus-spread-eyes.html?ito=amp_whatsapp_share-top
12,FAKE/HOAX,45,ibtimes.sg,North Korea's first confirmed Coronavirus COVID 19 patient shot dead: report,https://www.ibtimes.sg/north-koreas-first-confirmed-coronavirus-covid-19-patient-shot-dead-report-40042
13,FAKE/HOAX,43,n.news.naver.com,김재중 “코로나19 확진→만우절 농담”…도넘은 장난,https://n.news.naver.com/entertain/now/article/018/0004610638
14,FAKE/HOAX,40,dreuz.info,"#Coronavirus : au péril pour sa sécurité, un Chinois brave la censure et poste une vidéo sur la situation réelle (sous-titres français)",https://www.dreuz.info/2020/01/26/coronavirus-au-peril-pour-sa-securite-un-chinois-brave-la-censure-et-poste-une-video-sur-la-situation-reelle/
15,FAKE/HOAX,36,dailymail.co.uk,Coronavirus fears in Scotland as two Chinese patients in hospital,https://www.dailymail.co.uk/health/article-7920907/coronavirus-fears-scotland-two-chinese-patients-rushed-hospital.html
16,FAKE/HOAX,34,n.news.naver.com,"[단독] 트와이스, 2월 예정 일본 팬사인회 취소 '신종 코로나 바이러스 여파'",https://n.news.naver.com/entertain/now/article/117/0003328924
17,FAKE/HOAX,34,ibtimes.sg,North Korea's first confirmed Coronavirus COVID 19 patient shot dead: report,https://www.ibtimes.sg/north-koreas-first-confirmed-coronavirus-covid-19-patient-shot-dead-report-40042?utm_campaign=/north-koreas-first-confirmed-coronavirus-covid-19-patient-shot-dead-report-40042
18,FAKE/HOAX,30,ibtimes.sg,,https://www.ibtimes.sg/a000apq?utm_source=social&utm_medium=twitter&utm_campaign=/north-koreas-first-confirmed-coronavirus-covid-19-patient-shot-dead-report-40042
19,FAKE/HOAX,28,express.co.uk,"Latest UK and World News, Sport and Comment | Express.co.uk",https://www.express.co.uk/news/world/1233644/coronavirus-china-virus-vaccine-treatment-cure-symptoms/
20,CONSPIRACY/JUNKSCI,28,zerohedge.com,Is This The Man Behind The Global Coronavirus Pandemic?,https://www.zerohedge.com/health/man-behind-global-coronavirus-pandemic
