rank,fact_type,count,domain,title,url
1,FAKE/HOAX,3,mcmnt.com,Vatican confirms Pope Francis and two aides test positive for Coronavirus - MCM,https://mcmnt.com/vatican-confirms-pope-francis-and-two-aides-test-positive-for-coronavirus/
2,CONSPIRACY/JUNKSCI,1,zerohedge.com,Did China Steal Coronavirus From Canada And Weaponize It?,https://www.zerohedge.com/geopolitical/did-china-steal-coronavirus-canada-and-weaponize-it
3,FAKE/HOAX,1,rt.com,Infection-free taxi: Hazmat-suit-wearing cab driver helps passengers to laugh off coronavirus hysteria (VIDEO),https://www.rt.com/russia/480447-taxi-hazmat-suit-coronavirus/
4,FAKE/HOAX,1,rt.com,Sick joke: Blogger arrested after brutal coronavirus prank on Moscow subway (VIDEO),https://www.rt.com/russia/480518-coronavirus-prank-moscow-metro/
5,CONSPIRACY/JUNKSCI,1,peta.org,"New Coronavirus Linked to Animal Flesh, Sources Warn | PETA",http://peta.vg/2ran
6,FAKE/HOAX,1,rt.com,Putin offers to send medical personnel & equipment to help Italy contain coronavirus outbreak,https://on.rt.com/ad9b
7,FAKE/HOAX,1,rt.com,White Helmets use Covid-19 crisis to further US Coalition regime change agenda in Syria,https://on.rt.com/adll
