rank,fact_type,count,domain,title,url
1,FAKE/HOAX,1,dailymail.co.uk,US coronavirus patient 'had contact with at least 16 people',https://www.dailymail.co.uk/health/article-7919851/washington-coronavirus-patient-contact-16-people-us.html
2,FAKE/HOAX,1,dailymail.co.uk,Killer coronavirus could be spread through the EYES,https://www.dailymail.co.uk/health/article-7926243/killer-coronavirus-spread-eyes.html?ito=amp_whatsapp_share-top
3,FAKE/HOAX,1,dailymail.co.uk,Did coronavirus originate in Chinese government laboratory?,https://www.dailymail.co.uk/news/article-8009669/did-coronavirus-originate-chinese-government-laboratory.html?ito=social-twitter_mailonline
4,FAKE/HOAX,1,express.co.uk,Macron SNUBBED: French leader's desperate coronavirus plea ignored by thousands of smurfs,https://www.express.co.uk/news/world/1252816/coronavirus-france-latest-news-emmanuel-macron-smurfs-world-record-video
5,FAKE/HOAX,1,albertonews.com,Un hombre contrae coronavirus en un viaje secreto a Italia con su amante y ahora está aislado con su esposa - AlbertoNews - Periodismo sin censura,https://albertonews.com/otras-noticias/un-hombre-contrae-coronavirus-en-un-viaje-secreto-a-italia-con-su-amante-y-ahora-esta-aislado-con-su-esposa/
6,CONSPIRACY/JUNKSCI,1,zerohedge.com,COVID-19 - Evidence Over Hysteria,https://www.zerohedge.com/health/covid-19-evidence-over-hysteria
7,FAKE/HOAX,1,breitbart.com,Pelosi Slips Amnesty for DACA Illegal Aliens into Latest Coronavirus Plan,https://www.breitbart.com/politics/2020/03/24/pelosi-coronavirus-plan-daca-amnesty/
8,FAKE/HOAX,1,breitbart.com,New York Times Blames Evangelical Christians for Coronavirus,https://www.breitbart.com/faith/2020/03/27/new-york-times-blames-evangelical-christians-for-coronavirus-pandemic/
9,FAKE/HOAX,1,breitbart.com,Twitter Forces Laura Ingraham to Delete Post on Chloroquine Helping Coronavirus Patients,https://www.breitbart.com/tech/2020/03/30/twitter-forces-laura-ingraham-to-remove-tweet-about-chinese-virus-treatment/
10,FAKE/HOAX,1,pjmedia.com,TIMELINE: The Trump Administration's Decisive Actions To Combat the Coronavirus Pandemic,https://pjmedia.com/trending/timeline-the-trump-administrations-decisive-actions-to-combat-the-coronavirus-pandemic/
