rank,fact_type,count,domain,title,url
1,FAKE/HOAX,30,mcmnt.com,Vatican confirms Pope Francis and two aides test positive for Coronavirus - MCM,https://mcmnt.com/vatican-confirms-pope-francis-and-two-aides-test-positive-for-coronavirus/
2,FAKE/HOAX,16,dailymail.co.uk,Killer coronavirus could be spread through the EYES,https://www.dailymail.co.uk/health/article-7926243/killer-coronavirus-spread-eyes.html?ito=amp_whatsapp_share-top
3,CONSPIRACY/JUNKSCI,12,zerohedge.com,"Coronavirus Contains ""HIV Insertions"", Stoking Fears Over Artificially Created Bioweapon",https://www.zerohedge.com/geopolitical/coronavirus-contains-hiv-insertions-stoking-fears-over-artificially-created-bioweapon
4,FAKE/HOAX,12,ibtimes.sg,North Korea's first confirmed Coronavirus COVID 19 patient shot dead: report,https://www.ibtimes.sg/north-koreas-first-confirmed-coronavirus-covid-19-patient-shot-dead-report-40042
5,FAKE/HOAX,12,n.news.naver.com,김재중 “코로나19 확진→만우절 농담”…도넘은 장난,https://n.news.naver.com/entertain/now/article/018/0004610638
6,CONSPIRACY/JUNKSCI,9,zerohedge.com,North Korea's First Confirmed Coronavirus Patient Shot Dead,https://www.zerohedge.com/geopolitical/north-koreas-first-confirmed-coronavirus-patient-shot-dead
7,CONSPIRACY/JUNKSCI,8,peta.org,"New Coronavirus Linked to Animal Flesh, Sources Warn | PETA",http://peta.vg/2ran
8,FAKE/HOAX,8,worldnewsdailyreport.com,COVID-19: Chinese health authorities confirm patient zero 'had sex with bats',https://worldnewsdailyreport.com/covid-19-chinese-health-authorities-confirm-patient-zero-had-sex-with-bats/
9,CONSPIRACY/JUNKSCI,6,zerohedge.com,Is This The Man Behind The Global Coronavirus Pandemic?,https://www.zerohedge.com/health/man-behind-global-coronavirus-pandemic
10,FAKE/HOAX,6,ibtimes.sg,,https://www.ibtimes.sg/a000apq?utm_source=social&utm_medium=twitter&utm_campaign=/north-koreas-first-confirmed-coronavirus-covid-19-patient-shot-dead-report-40042
11,FAKE/HOAX,5,summit.news,Videos Show Chinese People Eating Bats As Experts Link Animal to Coronavirus Outbreak,https://summit.news/2020/01/23/videos-show-chinese-people-eating-bats-as-experts-link-animal-to-coronavirus-outbreak/
12,CONSPIRACY/JUNKSCI,5,zerohedge.com,Hubei Doctors Warn Of Even-Deadlier Coronavirus Reinfection Causing Sudden Heart Attacks,https://www.zerohedge.com/health/hubei-doctors-warn-even-deadlier-coronavirus-reinfection-causing-sudden-heart-attacks
13,CONSPIRACY/JUNKSCI,4,zerohedge.com,This Is How China Is Hiding The True Number Of Coronavirus Deaths,https://www.zerohedge.com/economics/how-china-hiding-true-number-coronavirus-deaths
14,CONSPIRACY/JUNKSCI,4,zerohedge.com,"China Virus Cases Almost Double Overnight, Deaths Top 100 As North Korea Closes Border",https://www.zerohedge.com/geopolitical/wuhan-mayor-offers-resign-coronavirus-death-toll-accelerates-supply-shortages
15,CONSPIRACY/JUNKSCI,4,infowars.com,Bill and Melinda Gates Foundation & Others Predicted Up To 65 Million Deaths Via Coronavirus – In Simulation Ran 3 Months Ago!,https://www.infowars.com/bill-and-melinda-gates-foundation-others-predicted-up-to-65-million-deaths-via-coronavirus-in-simulation-ran-3-months-ago/
16,FAKE/HOAX,4,rt.com,"First two cases of coronavirus confirmed in Russia, both Chinese citizens",https://on.rt.com/aa5v
17,FAKE/HOAX,4,rt.com,,https://on.rt.com/aa8s
18,CONSPIRACY/JUNKSCI,4,zerohedge.com,Creator Of US BioWeapons Act Says Coronavirus Is Biological Warfare Weapon,https://www.zerohedge.com/health/creator-bioweapons-act-says-coronavirus-biological-warfare-weapon
19,CONSPIRACY/JUNKSCI,4,thetruthaboutcancer.com,"CORONAVIRUS: 'The Good, the Bad, and the Answers!'",https://thetruthaboutcancer.com/coronavirus-good-bad-answers/
20,CONSPIRACY/JUNKSCI,4,off-guardian.org,,https://off-guardian.org/2020/03/24/12-experts-questioning-the-coronavirus-panic/
