rank,fact_type,count,domain,title,url
1,FAKE/HOAX,8,sputniknews.com,Get Some Fresh Air! Scientist Reveal Deadly Effects of Indoor Pollution,https://sptnkne.ws/benk
2,CONSPIRACY/JUNKSCI,7,zerohedge.com,Did China Steal Coronavirus From Canada And Weaponize It?,https://www.zerohedge.com/geopolitical/did-china-steal-coronavirus-canada-and-weaponize-it
3,FAKE/HOAX,5,dailymail.co.uk,Malaria drug hydroxychloroquine 'best coronavirus treatment available',https://www.dailymail.co.uk/news/article-8184259/malaria-drug-hydroxychloroquine-effective-coronavirus-treatment-currently-available.html
4,CONSPIRACY/JUNKSCI,3,zerohedge.com,"Coronavirus Contains ""HIV Insertions"", Stoking Fears Over Artificially Created Bioweapon",https://www.zerohedge.com/geopolitical/coronavirus-contains-hiv-insertions-stoking-fears-over-artificially-created-bioweapon
5,FAKE/HOAX,3,mcmnt.com,Vatican confirms Pope Francis and two aides test positive for Coronavirus - MCM,https://mcmnt.com/vatican-confirms-pope-francis-and-two-aides-test-positive-for-coronavirus/
6,FAKE/HOAX,3,breitbart.com,WHO Faces Calls for Leader to Resign over Coronavirus Failure,https://www.breitbart.com/national-security/2020/03/26/world-health-organization-faces-calls-for-leader-to-resign-over-coronavirus-failure/
7,CONSPIRACY/JUNKSCI,2,zerohedge.com,"China Virus Cases Almost Double Overnight, Deaths Top 100 As North Korea Closes Border",https://www.zerohedge.com/geopolitical/wuhan-mayor-offers-resign-coronavirus-death-toll-accelerates-supply-shortages
8,FAKE/HOAX,2,dailymail.co.uk,"7,000 trapped off Italian coast on cruise ship over coronavirus fears",https://www.dailymail.co.uk/news/article-7947003/6-000-trapped-cruise-ship-italy-two-people-board-tested-coronavirus.html
9,CONSPIRACY/JUNKSCI,2,zerohedge.com,Did China's Tencent Accidentally Leak The True Terrifying Coronavirus Statistics,https://www.zerohedge.com/health/did-chinas-tencent-accidentally-leak-true-terrifying-coronavirus-statistics
10,FAKE/HOAX,2,albertonews.com,Médicos del Hospital Militar de Maracay evalúan a paciente para descartar contagio de coronavirus - AlbertoNews - Periodismo sin censura,https://albertonews.com/nacionales/ultima-hora-reportan-presunto-posible-caso-de-coronavirus-en-maracay-estado-aragua/
11,FAKE/HOAX,2,breitbart.com,AP Confirms: Democrats Are Lying to the Public About Coronavirus Readiness,https://www.breitbart.com/health/2020/02/27/ap-confirms-democrats-are-lying-to-the-public-about-coronavirus/
12,FAKE/HOAX,2,ibtimes.sg,,https://www.ibtimes.sg/a000apq?utm_source=social&utm_medium=twitter&utm_campaign=/north-koreas-first-confirmed-coronavirus-covid-19-patient-shot-dead-report-40042
13,CONSPIRACY/JUNKSCI,2,zerohedge.com,North Korea's First Confirmed Coronavirus Patient Shot Dead,https://www.zerohedge.com/geopolitical/north-koreas-first-confirmed-coronavirus-patient-shot-dead
14,FAKE/HOAX,2,100percentfedup.com,,https://100percentfedup.com/house-republicans-walk-out-of-coronavirus-briefing-after-dem-delauro-gets-political-with-the-crisis/
15,FAKE/HOAX,2,breitbart.com,Pollak: Democrats Pushed Impeachment While Coronavirus Spread,https://www.breitbart.com/politics/2020/03/13/pollak-democrats-pushed-impeachment-while-coronavirus-spread/
16,FAKE/HOAX,2,albertonews.com,"Colectivos paramilitares asesinan a tres personas por ""no acatar la cuarentena"" en el 23 de enero de Caracas - AlbertoNews - Periodismo sin censura",https://albertonews.com/principales/ultima-hora-asesinan-a-tres-hombres-por-incumplir-la-cuarentena-en-el-23-de-enero-de-caracas-fotos-y-video/
17,FAKE/HOAX,2,breitbart.com,Pelosi Slips Amnesty for DACA Illegal Aliens into Latest Coronavirus Plan,https://www.breitbart.com/politics/2020/03/24/pelosi-coronavirus-plan-daca-amnesty/
18,FAKE/HOAX,2,waynedupree.com,Report: Kathy Griffin Caught Red-Handed Trying to Pretend She Had Coronavirus,https://www.waynedupree.com/kathy-griffin-abdominal-infection-covid/
19,FAKE/HOAX,2,rt.com,First baby dies in the US after coronavirus diagnosis,https://on.rt.com/adrb
20,FAKE/HOAX,2,breitbart.com,Coronavirus Jailbreak: Eight Sex Offenders Freed in Cuomo's New York,https://www.breitbart.com/politics/2020/03/29/coronavirus-jailbreak-eight-freed-cuomo-ny/
