rank,fact_type,count,domain,title,url
1,FAKE/HOAX,3,dailymail.co.uk,Did coronavirus originate in Chinese government laboratory?,https://www.dailymail.co.uk/news/article-8009669/did-coronavirus-originate-chinese-government-laboratory.html?ito=social-twitter_mailonline
2,FAKE/HOAX,3,dailymail.co.uk,Coronavirus outbreak is '52 TIMES worse in one Chinese province',https://www.dailymail.co.uk/news/article-8047793/coronavirus-outbreak-52-times-worse-one-chinese-province-officials-admit-report-claims.html
3,FAKE/HOAX,3,ibtimes.sg,North Korea's first confirmed Coronavirus COVID 19 patient shot dead: report,https://www.ibtimes.sg/north-koreas-first-confirmed-coronavirus-covid-19-patient-shot-dead-report-40042
4,CONSPIRACY/JUNKSCI,2,zerohedge.com,Did China Steal Coronavirus From Canada And Weaponize It?,https://www.zerohedge.com/geopolitical/did-china-steal-coronavirus-canada-and-weaponize-it
5,CONSPIRACY/JUNKSCI,2,zerohedge.com,"China Virus Cases Almost Double Overnight, Deaths Top 100 As North Korea Closes Border",https://www.zerohedge.com/geopolitical/wuhan-mayor-offers-resign-coronavirus-death-toll-accelerates-supply-shortages
6,CONSPIRACY/JUNKSCI,2,beholdisrael.org,Israel & the White House Considering Suspension of Flights to China Amid Coronavirus Outbreak - Behold Israel,https://beholdisrael.org/israel-the-white-house-considering-suspension-of-all-us-flights-to-china-amid-coronavirus-outbreak/
7,CONSPIRACY/JUNKSCI,2,zerohedge.com,,http://zerohedge.com
8,CONSPIRACY/JUNKSCI,2,zerohedge.com,"Coronavirus Contains ""HIV Insertions"", Stoking Fears Over Artificially Created Bioweapon",https://www.zerohedge.com/geopolitical/coronavirus-contains-hiv-insertions-stoking-fears-over-artificially-created-bioweapon
9,CONSPIRACY/JUNKSCI,2,beholdisrael.org,Chinese Official Announces that Coronavirus is Airborne - Behold Israel,https://beholdisrael.org/chinese-government-announces-that-coronavirus-is-airborne/
10,FAKE/HOAX,2,rt.com,,https://on.rt.com/ab8t
11,CONSPIRACY/JUNKSCI,2,zerohedge.com,North Korea's First Confirmed Coronavirus Patient Shot Dead,https://www.zerohedge.com/geopolitical/north-koreas-first-confirmed-coronavirus-patient-shot-dead
12,FAKE/HOAX,2,mcmnt.com,Vatican confirms Pope Francis and two aides test positive for Coronavirus - MCM,https://mcmnt.com/vatican-confirms-pope-francis-and-two-aides-test-positive-for-coronavirus/
13,FAKE/HOAX,2,breitbart.com,"Mike Lee Rewrites Giveaway Bill, Helps India's Outsourcing Companies",https://www.breitbart.com/immigration/2020/03/03/mike-lee-rewrites-s-386-giveaway-bill-helps-indias-outsourcing-companies/
14,FAKE/HOAX,2,dailymail.co.uk,The Pope says he has asked God to stop the coronavirus epidemic,https://www.dailymail.co.uk/news/article-8125507/the-pope-says-asked-god-stop-coronavirus-epidemic.html
15,CONSPIRACY/JUNKSCI,2,peta.org,"New Coronavirus Linked to Animal Flesh, Sources Warn | PETA",http://peta.vg/2ran
16,FAKE/HOAX,2,rt.com,Run for the hills! Pentagon sends teams into MOUNTAIN BUNKERS as pandemic preparations go into full swing,https://www.rt.com/usa/484389-military-underground-bunkers-coronavirus/
17,FAKE/HOAX,2,rt.com,"Covid-19 crisis could trigger global food shortage, UN warns",https://www.rt.com/business/484276-global-food-shortage-coronavirus/
18,FAKE/HOAX,2,n.news.naver.com,김재중 “코로나19 확진→만우절 농담”…도넘은 장난,https://n.news.naver.com/entertain/now/article/018/0004610638
19,CONSPIRACY/JUNKSCI,1,infowars.com,Videos Show Chinese People Eating Bats As Experts Link Animal to Coronavirus Outbreak,https://www.infowars.com/videos-show-chinese-people-eating-bats-as-experts-link-animal-to-coronavirus-outbreak/
20,CONSPIRACY/JUNKSCI,1,iflscience.com,China’s Deadly Coronavirus Likely Jumped From Snakes To Humans,https://www.iflscience.com/health-and-medicine/china-s-deadly-coronavirus-likely-jumped-from-snakes-to-humans/
