rank,fact_type,count,domain,title,url
1,FAKE/HOAX,2,voiceofeurope.com,Former UK Prime Minister Gordon Brown calls for world government to combat COVID-19,https://voiceofeurope.com/2020/03/former-uk-prime-minister-gordon-brown-calls-for-world-government-to-combat-covid-19/
2,FAKE/HOAX,1,summit.news,Videos Show Chinese People Eating Bats As Experts Link Animal to Coronavirus Outbreak,https://summit.news/2020/01/23/videos-show-chinese-people-eating-bats-as-experts-link-animal-to-coronavirus-outbreak/
3,FAKE/HOAX,1,dailymail.co.uk,US health experts hosted fictional coronavirus simulation 3 months ago,https://www.dailymail.co.uk/health/article-7925475/us-health-experts-predicted-coronavirus-kill-65million-people-year-three-months-ago.html
4,CONSPIRACY/JUNKSCI,1,zerohedge.com,Did China Steal Coronavirus From Canada And Weaponize It?,https://www.zerohedge.com/geopolitical/did-china-steal-coronavirus-canada-and-weaponize-it
5,CONSPIRACY/JUNKSCI,1,zerohedge.com,"Saudis Scramble As Aramco Hits Post-IPO Lows, Talk Down ""Psychological"" Coronavirus Fears",https://www.zerohedge.com/markets/aramco-nears-ipo-lows-oil-plummets-amid-coronavirus-fears
6,FAKE/HOAX,1,express.co.uk,Euro crisis: Markets sink just two weeks after Brexit as key industry marker plunges,https://www.express.co.uk/news/world/1241752/euro-to-pound-exchange-rate-dollar-gbp-sterling-brexit-coronavirus
7,FAKE/HOAX,1,express.co.uk,Coronavirus to pose 'larger threat' to world – fears incubation period longer than thought,https://www.express.co.uk/news/world/1243873/coronavirus-latest-news-covid-19-symptoms-death-toll-china-virus-warning
8,CONSPIRACY/JUNKSCI,1,zerohedge.com,Hubei Doctors Warn Of Even-Deadlier Coronavirus Reinfection Causing Sudden Heart Attacks,https://www.zerohedge.com/health/hubei-doctors-warn-even-deadlier-coronavirus-reinfection-causing-sudden-heart-attacks
9,FAKE/HOAX,1,express.co.uk,Channel 4's Jon Snow in coronavirus ISOLATION and will be missing from TV for TWO WEEKS,https://www.express.co.uk/news/uk/1247257/channel-4-jon-snow-coronavirus-uk-latest-isolation-iran-outbreak-covid19-update
10,FAKE/HOAX,1,ibtimes.sg,North Korea's first confirmed Coronavirus COVID 19 patient shot dead: report,https://www.ibtimes.sg/north-koreas-first-confirmed-coronavirus-covid-19-patient-shot-dead-report-40042?utm_campaign=/north-koreas-first-confirmed-coronavirus-covid-19-patient-shot-dead-report-40042
11,FAKE/HOAX,1,ladbible.com,James Bond No Time To Die Release Delayed Due To Coronavirus ,https://www.ladbible.com/entertainment/tv-and-film-james-bond-no-time-to-die-release-delayed-due-to-coronavirus-20200304?c=1583342230857?source=twitter
12,FAKE/HOAX,1,express.co.uk,Phillip Schofield fury: 'We're not stupid' Host demands answers from PM over coronavirus,https://www.express.co.uk/showbiz/tv-radio/1251240/phillip-schofield-fury-coronavirus-boris-johnson-this-morning-interview-covid-19-latest
13,FAKE/HOAX,1,dailymail.co.uk,Coronavirus outbreak could peak in the UK at Easter,https://www.dailymail.co.uk/news/article-8085837/coronavirus-outbreak-peak-uk-easter-six-months.html
14,FAKE/HOAX,1,dailymail.co.uk,Hotel in China holding coronavirus victims in quarantine collapses,https://www.dailymail.co.uk/news/article-8086077/hotel-china-holding-coronavirus-victims-quarantine-collapses.html
15,FAKE/HOAX,1,dailymail.co.uk,Incubation period of new coronavirus 'can be as long as 24 DAYS',https://www.dailymail.co.uk/news/article-7986663/incubation-period-new-coronavirus-long-24-days-expert-claims.html?ito=amp_twitter_share-top
16,FAKE/HOAX,1,express.co.uk,Jet2 flights cancelled: All flights to Spain cancelled as coronavirus fears grow,https://www.express.co.uk/travel/articles/1255159/jet2-cancelled-flights-spain-coronavirus-latest-news-uk
17,FAKE/HOAX,1,dailymail.co.uk,Idris Elba met with Sophie Trudeau shortly before getting coronavirus,https://www.dailymail.co.uk/tvshowbiz/article-8122725/idris-elba-met-justin-trudeaus-wife-sophie-tested-positive-coronavirus.html?ito=push-notification&ci=10654&si=2492258
18,FAKE/HOAX,1,dailymail.co.uk,The Queen is to self-isolate at Windsor Castle amid coronavirus fears,https://www.dailymail.co.uk/news/article-8121783/the-queen-self-isolate-windsor-castle-amid-coronavirus-fears.html
19,FAKE/HOAX,1,rt.com,,https://www.rt.com/news/483414-eurovision-song-contest-canceled-coronavirus/
20,FAKE/HOAX,1,express.co.uk,Chelsea owner Roman Abramavich offers hotel to NHS to house staff between shifts,https://www.express.co.uk/sport/football/1256775/chelsea-roman-abramovich-coronavirus-nhs-staff
