rank,fact_type,count,domain,title,url
1,FAKE/HOAX,2,thegatewaypundit.com,‘If I do get the Coronavirus I’m attending every MAGA rally I can’ - Denver Communist Official Says She Will Use Deadly Virus as Bio Weapon Against Trump Supporters,https://www.thegatewaypundit.com/2020/03/if-i-do-get-the-coronavirus-im-attending-every-maga-rally-i-can-denver-communist-official-says-she-will-use-deadly-virus-as-bio-weapon-against-trump-supporters/
2,FAKE/HOAX,1,dailystar.co.uk,,https://www.dailystar.co.uk/news/world-news/scientists-blame-coronavirus-bats-pics-21337997
3,FAKE/HOAX,1,summit.news,UK Schools Warned to Watch Out For “Xenophobia” as Coronavirus Spreads,https://summit.news/2020/01/28/uk-schools-warned-to-watch-out-for-xenophobia-as-coronavirus-spreads/
4,CONSPIRACY/JUNKSCI,1,zerohedge.com,Creator Of US BioWeapons Act Says Coronavirus Is Biological Warfare Weapon,https://www.zerohedge.com/health/creator-bioweapons-act-says-coronavirus-biological-warfare-weapon
5,FAKE/HOAX,1,rt.com,Trump admin blames China for 2 months lost in coronavirus prep as experts warn flaws in US  health system doom its readiness,https://on.rt.com/acky
6,FAKE/HOAX,1,theblaze.com,Report: Pelosi attempted to sneak taxpayer-funded abortions into the coronavirus relief bill,https://www.theblaze.com/news/report-pelosi-attempted-to-sneak-taxpayer-funded-abortions-into-the-coronavirus-relief-bill
7,FAKE/HOAX,1,rt.com,Canada is closed: PM Trudeau locks down country to foreign citizens except US nationals over coronavirus,https://on.rt.com/acw2
8,FAKE/HOAX,1,breitbart.com,Gavin Newsom Allows Voting by Mail to Protect Californians from Virus,https://www.breitbart.com/health/2020/03/21/gavin-newsom-allows-voting-by-mail-to-protect-californians-from-coronavirus/
