rank,fact_type,count,domain,title,url
1,FAKE/HOAX,58,dailymail.co.uk,Killer coronavirus could be spread through the EYES,https://www.dailymail.co.uk/health/article-7926243/killer-coronavirus-spread-eyes.html?ito=amp_whatsapp_share-top
2,FAKE/HOAX,57,n.news.naver.com,김재중 “코로나19 확진→만우절 농담”…도넘은 장난,https://n.news.naver.com/entertain/now/article/018/0004610638
3,FAKE/HOAX,48,ibtimes.sg,North Korea's first confirmed Coronavirus COVID 19 patient shot dead: report,https://www.ibtimes.sg/north-koreas-first-confirmed-coronavirus-covid-19-patient-shot-dead-report-40042?utm_campaign=/north-koreas-first-confirmed-coronavirus-covid-19-patient-shot-dead-report-40042
4,FAKE/HOAX,45,ibtimes.sg,North Korea's first confirmed Coronavirus COVID 19 patient shot dead: report,https://www.ibtimes.sg/north-koreas-first-confirmed-coronavirus-covid-19-patient-shot-dead-report-40042
5,FAKE/HOAX,40,n.news.naver.com,"슈퍼주니어 컴백쇼, 중국 우한 폐렴 여파로 비공개 진행(전문)",https://n.news.naver.com/entertain/now/article/410/0000664132
6,FAKE/HOAX,37,n.news.naver.com,"[단독] 트와이스, 2월 예정 일본 팬사인회 취소 '신종 코로나 바이러스 여파'",https://n.news.naver.com/entertain/now/article/117/0003328924
7,FAKE/HOAX,33,dailymail.co.uk,Woman brutally bashed by thugs who accused her of having coronavirus,https://www.dailymail.co.uk/news/article-8149901/south-korean-woman-27-brutally-bashed-racist-thugs-accused-having-coronavirus.html
8,FAKE/HOAX,21,n.news.naver.com,CJ ENM 측 “‘KCON 2020 JAPAN’ 코로나 여파로 연기하기로 결정”  [공식],https://n.news.naver.com/entertain/article/382/0000803486
9,CONSPIRACY/JUNKSCI,19,zerohedge.com,Did China Steal Coronavirus From Canada And Weaponize It?,https://www.zerohedge.com/geopolitical/did-china-steal-coronavirus-canada-and-weaponize-it
10,FAKE/HOAX,19,mcmnt.com,Vatican confirms Pope Francis and two aides test positive for Coronavirus - MCM,https://mcmnt.com/vatican-confirms-pope-francis-and-two-aides-test-positive-for-coronavirus/
11,FAKE/HOAX,17,n.news.naver.com,"2PM 준호, 군복무 중 코로나19 확산 방지 위해 3천만원 기부",https://n.news.naver.com/entertain/now/article/609/0000253824
12,FAKE/HOAX,16,n.news.naver.com,"'코로나19' 담당 법무부 공무원, 한강서 숨진 채 발견",https://n.news.naver.com/article/032/0002993787
13,FAKE/HOAX,12,mcmnt.com,Vatican confirms Pope Francis and two aides test positive for Coronavirus - MCM,https://mcmnt.com/vatican-confirms-pope-francis-and-two-aides-test-positive-for-coronavirus/?from=groupmessage&isappinstalled=0
14,FAKE/HOAX,9,dailymail.co.uk,"China's top virus lab is in Wuhan, the center of the outbreak",https://www.dailymail.co.uk/health/article-7922379/chinas-lab-studying-sars-ebola-wuhan-outbreaks-center.html
15,FAKE/HOAX,9,presstv.com,Coronavirus was produced in a laboratory: Former CIA intel officer,https://www.presstv.com/detail/2020/03/05/620213/coronavirus-was-produced-in-a-laboratory
16,CONSPIRACY/JUNKSCI,8,zerohedge.com,"Coronavirus Contains ""HIV Insertions"", Stoking Fears Over Artificially Created Bioweapon",https://www.zerohedge.com/geopolitical/coronavirus-contains-hiv-insertions-stoking-fears-over-artificially-created-bioweapon
17,FAKE/HOAX,8,n.news.naver.com,"[단독] 슈퍼주니어 은혁, 코로나19 성금 1억 원 기부 ""의료진에 도움되길""",https://n.news.naver.com/entertain/article/052/0001407888
18,FAKE/HOAX,7,n.news.naver.com,"‘또또또 선행’ 위너 김진우, 코로나19에 1천만원 기부(공식)",https://n.news.naver.com/entertain/article/609/0000253852
19,FAKE/HOAX,6,dailymail.co.uk,Chinese city will 'build a dedicated coronavirus hospital in SIX DAYS',https://www.dailymail.co.uk/news/article-7920937/chinese-city-build-dedicated-coronavirus-hospital-six-days.html
20,FAKE/HOAX,6,dailymail.co.uk,Chinese put swastika on Danish flag over coronavirus flag row,https://www.dailymail.co.uk/news/article-7948913/chinese-swastika-danish-flag-pm-refuses-apologise-coronavirus-china-flag.html
