rank,fact_type,count,domain,title,url
1,FAKE/HOAX,6,ibtimes.sg,North Korea's first confirmed Coronavirus COVID 19 patient shot dead: report,https://www.ibtimes.sg/north-koreas-first-confirmed-coronavirus-covid-19-patient-shot-dead-report-40042?utm_campaign=/north-koreas-first-confirmed-coronavirus-covid-19-patient-shot-dead-report-40042
2,FAKE/HOAX,3,n.news.naver.com,"'코로나19' 담당 법무부 공무원, 한강서 숨진 채 발견",https://n.news.naver.com/article/032/0002993787
3,CONSPIRACY/JUNKSCI,3,zerohedge.com,North Korea's First Confirmed Coronavirus Patient Shot Dead,https://www.zerohedge.com/geopolitical/north-koreas-first-confirmed-coronavirus-patient-shot-dead
4,FAKE/HOAX,2,rt.com,"Coronavirus death toll surpasses 1,000 in China with over 43,000 infected worldwide",https://on.rt.com/aasa
5,FAKE/HOAX,2,n.news.naver.com,"[단독] 슈퍼주니어 은혁, 코로나19 성금 1억 원 기부 ""의료진에 도움되길""",https://n.news.naver.com/entertain/article/052/0001407888
6,FAKE/HOAX,2,n.news.naver.com,"2PM 준호, 군복무 중 코로나19 확산 방지 위해 3천만원 기부",https://n.news.naver.com/entertain/now/article/609/0000253824
7,FAKE/HOAX,2,n.news.naver.com,CJ ENM 측 “‘KCON 2020 JAPAN’ 코로나 여파로 연기하기로 결정”  [공식],https://n.news.naver.com/entertain/article/382/0000803486
8,CONSPIRACY/JUNKSCI,2,peta.org,"New Coronavirus Linked to Animal Flesh, Sources Warn | PETA",http://peta.vg/2ran
9,FAKE/HOAX,2,n.news.naver.com,김재중 “코로나19 확진→만우절 농담”…도넘은 장난,https://n.news.naver.com/entertain/now/article/018/0004610638
10,FAKE/HOAX,1,rt.com,Singapore confirms first case of deadly Chinese coronavirus – reports,https://on.rt.com/a9lf
11,FAKE/HOAX,1,rt.com,McDonald's shuts down restaurants in five Chinese cities as coronavirus spreads,https://on.rt.com/a9nw
12,FAKE/HOAX,1,summit.news,Virologist Who Visited Wuhan Says Coronavirus is “Out of Control”,https://summit.news/2020/01/24/virologist-who-visited-wuhan-says-coronavirus-is-out-of-control/
13,CONSPIRACY/JUNKSCI,1,nationalfile.com,,https://nationalfile.com/china-live-koalas-wolf-pups-peacocks-and-porcupines-sold-at-market-at-center-of-coronavirus-outbreak/
14,FAKE/HOAX,1,rt.com,38 infected coronavirus patients CURED in China as epidemic rages on,https://www.rt.com/news/479148-coronavirus-patients-cured-china/
15,FAKE/HOAX,1,ikerjimenez.com,Milenio Live – Coronavirus: miedo global,https://www.ikerjimenez.com/milenio-live-2x19-coronavirus-miedo-global/
16,FAKE/HOAX,1,rt.com,"Chinese health chiefs warn coronavirus is growing ‘stronger’, MUTATION closely monitored by scientists",https://on.rt.com/a9rf
17,FAKE/HOAX,1,dailymail.co.uk,Killer coronavirus could be spread through the EYES,https://www.dailymail.co.uk/health/article-7926243/killer-coronavirus-spread-eyes.html?ito=amp_whatsapp_share-top
18,FAKE/HOAX,1,rt.com,"1st ‘presumed case’ of coronavirus confirmed in Austria, number of infected in France rises to 3",https://on.rt.com/a9ry
19,FAKE/HOAX,1,breitbart.com,Canada Confirms First Case of Wuhan Coronavirus,https://www.breitbart.com/europe/2020/01/26/canada-confirms-first-case-of-wuhan-coronavirus/
20,FAKE/HOAX,1,rt.com,"Dozens of drugs available to treat ‘coronavirus,’ but global pandemic possible by March – Moscow experts",https://on.rt.com/a9tp
