rank,fact_type,count,domain,title,url
1,FAKE/HOAX,1,dailystar.co.uk,,https://www.dailystar.co.uk/news/world-news/scientists-blame-coronavirus-bats-pics-21337997
2,CONSPIRACY/JUNKSCI,1,zerohedge.com,Philippines To Deport 500 Chinese People To Prevent Spread Of Coronavirus,https://www.zerohedge.com/geopolitical/philippines-deport-500-chinese-people-prevent-spread-coronavirus
3,FAKE/HOAX,1,summit.news,Coronavirus Model Predicts 183 Million Infections Before the End of February,https://summit.news/2020/01/30/coronavirus-model-predicts-183-million-infections-before-the-end-of-february/
4,CONSPIRACY/JUNKSCI,1,zerohedge.com,"Hong Kong Confirms 2nd Non-Mainland China Coronavirus Death As Hospital Workers Strike, Over 200,000 'Under Observation'",https://www.zerohedge.com/geopolitical/i-cant-let-my-mom-die-home-desperate-patients-swarm-wuhan-hospital-hong-kong-closes
5,FAKE/HOAX,1,davidharrisjr.com,Associated Press Has Confirmed That The Democrats Are Lying About Coronavirus Readiness,https://davidharrisjr.com/rich/associated-press-has-confirmed-that-the-democrats-are-lying-about-coronavirus-readiness/
6,FAKE/HOAX,1,dailystar.co.uk,,https://www.dailystar.co.uk/news/world-news/locust-plague-reaches-coronavirus-hit-21513111
7,FAKE/HOAX,1,dailymail.co.uk,Malaria drug hydroxychloroquine 'best coronavirus treatment available',https://www.dailymail.co.uk/news/article-8184259/malaria-drug-hydroxychloroquine-effective-coronavirus-treatment-currently-available.html
