rank,fact_type,count,domain,title,url
1,CONSPIRACY/JUNKSCI,7,naturalnews.com,NaturalNews.com,http://naturalnews.com
2,CONSPIRACY/JUNKSCI,6,zerohedge.com,"Coronavirus Contains ""HIV Insertions"", Stoking Fears Over Artificially Created Bioweapon",https://www.zerohedge.com/geopolitical/coronavirus-contains-hiv-insertions-stoking-fears-over-artificially-created-bioweapon
3,FAKE/HOAX,4,albertonews.com,,https://albertonews.com/internacionales/ultima-hora-china-llama-a-dialogo-para-solventar-la-crisis-en-venezuela/
4,FAKE/HOAX,4,rt.com,"Bless me father, for I may be DRUNK! Russian church will DOUBLE communion wine servings to kill coronavirus",https://on.rt.com/acxi
5,FAKE/HOAX,3,dailystar.co.uk,,https://www.dailystar.co.uk/news/world-news/scientists-blame-coronavirus-bats-pics-21337997
6,CONSPIRACY/JUNKSCI,3,zerohedge.com,White House Asks Scientists To Investigate Whether 2019-nCoV Was Bio-Engineered,https://www.zerohedge.com/health/white-house-asks-scientists-investigate-whether-2019-ncov-was-bio-engineered
7,FAKE/HOAX,3,albertonews.com,Médicos del Hospital Militar de Maracay evalúan a paciente para descartar contagio de coronavirus - AlbertoNews - Periodismo sin censura,https://albertonews.com/nacionales/ultima-hora-reportan-presunto-posible-caso-de-coronavirus-en-maracay-estado-aragua/
8,CONSPIRACY/JUNKSCI,3,zerohedge.com,North Korea's First Confirmed Coronavirus Patient Shot Dead,https://www.zerohedge.com/geopolitical/north-koreas-first-confirmed-coronavirus-patient-shot-dead
9,FAKE/HOAX,3,mcmnt.com,Vatican confirms Pope Francis and two aides test positive for Coronavirus - MCM,https://mcmnt.com/vatican-confirms-pope-francis-and-two-aides-test-positive-for-coronavirus/
10,FAKE/HOAX,3,breitbart.com,Chloroquine Known as Effective Against Coronavirus Since 2005,https://www.breitbart.com/politics/2020/03/19/chloroquine-known-as-effective-against-coronavirus-since-2005/
11,FAKE/HOAX,2,dailymail.co.uk,Chinese city will 'build a dedicated coronavirus hospital in SIX DAYS',https://www.dailymail.co.uk/news/article-7920937/chinese-city-build-dedicated-coronavirus-hospital-six-days.html
12,FAKE/HOAX,2,albertonews.com,"""Sería un holocausto de la salud"", FMV alerta que Venezuela no está preparada para afrontar el coronavirus - AlbertoNews - Periodismo sin censura",https://albertonews.com/nacionales/fmv-alerta-que-venezuela-no-esta-preparada-para-afrontar-una-crisis-epidemiologica-como-el-coronavirus/
13,FAKE/HOAX,2,albertonews.com,,https://albertonews.com/nacionales/urgente-40-privados-de-libertad-del-reten-de-cabimas-fueron-diagnosticados-con-tuberculosis/
14,FAKE/HOAX,2,n.news.naver.com,"[단독] 트와이스, 2월 예정 일본 팬사인회 취소 '신종 코로나 바이러스 여파'",https://n.news.naver.com/entertain/now/article/117/0003328924
15,FAKE/HOAX,2,express.co.uk,Coronavirus cure: Silver solution ‘kills’ deadly infection in 12 hours - shock claim,https://www.express.co.uk/news/world/1242600/coronavirus-cure-news-china-wuhan-silver-solution-vaccine-latest-update
16,CONSPIRACY/JUNKSCI,2,naturalnews.com,New study says novel coronavirus (CoVid-19) likely has R0 value as high as 6.6,https://www.naturalnews.com/2020-02-17-new-study-novel-coronavirus-r0-value-high.html
17,FAKE/HOAX,2,albertonews.com,Hospitales en Venezuela no están aptos para enfrentar el coronavirus (Video) - AlbertoNews - Periodismo sin censura,https://albertonews.com/nacionales/urgente-hospitales-en-venezuela-no-estan-aptos-para-enfrentar-el-coronavirus-video/
18,CONSPIRACY/JUNKSCI,2,zerohedge.com,Merkel Expects 60-70% Of Germans To Be Infected With Coronavirus,https://www.zerohedge.com/health/merkel-expects-60-70-germans-be-infected-coronavirus
19,FAKE/HOAX,2,albertonews.com,,https://albertonews.com/ultima-hora/ultima-hora-maduro-pide-credito-de-5-mil-millones-de-dolares-al-fmi-para-enfrentar-la-pandemia-del-coronavirus/
20,CONSPIRACY/JUNKSCI,1,zerohedge.com,China Quarantines City Of 11 Million As Hong Kong Confirms Second Case Of Coronavirus,https://www.zerohedge.com/geopolitical/coronavirus-infections-climb-473-china-hong-kong-confirms-first-case
