rank,fact_type,count,domain,title,url
1,FAKE/HOAX,2,ibtimes.sg,North Korea's first confirmed Coronavirus COVID 19 patient shot dead: report,https://www.ibtimes.sg/north-koreas-first-confirmed-coronavirus-covid-19-patient-shot-dead-report-40042
2,FAKE/HOAX,1,dailymail.co.uk,Expert tips for how to travel safe during the coronavirus outbreak,https://www.dailymail.co.uk/health/article-7927017/how-travel-safe-coronavirus-outbreak-according-expert.html
3,CONSPIRACY/JUNKSCI,1,zerohedge.com,"Coronavirus Kills Man In Shanghai As China Confirms Nearly 2,000 Cases",https://www.zerohedge.com/political/56-million-chinese-lockdown-virus-spreads-australia-malaysia
4,FAKE/HOAX,1,express.co.uk,Coronavirus: Global pandemic inevitable - infected to hit 6 figures next week warns expert,https://www.express.co.uk/news/world/1234762/coronavirus-spread-risk-pandemic-infected-number-latest-wuhan-outbreak-china
5,FAKE/HOAX,1,breaking911.com,Sen. Ted Cruz Will Remain Home This Week After Coming In Contact With a Coronavirus Patient - Breaking911,https://breaking911.com/just-in-sen-ted-cruz-will-remain-home-this-week-after-coming-in-contact-with-a-coronavirus-patient/
6,FAKE/HOAX,1,newspunch.com,Soros Caught Pouring Millions into Anti-Trump Coronavirus Ad Campaigns,https://newspunch.com/soros-pouring-millions-anti-trump-coronavirus-ad-campaigns/
