rank,fact_type,count,domain,title,url
1,CONSPIRACY/JUNKSCI,45,zerohedge.com,"Coronavirus Contains ""HIV Insertions"", Stoking Fears Over Artificially Created Bioweapon",https://www.zerohedge.com/geopolitical/coronavirus-contains-hiv-insertions-stoking-fears-over-artificially-created-bioweapon
2,FAKE/HOAX,44,n.news.naver.com,김재중 “코로나19 확진→만우절 농담”…도넘은 장난,https://n.news.naver.com/entertain/now/article/018/0004610638
3,FAKE/HOAX,41,n.news.naver.com,"슈퍼주니어 컴백쇼, 중국 우한 폐렴 여파로 비공개 진행(전문)",https://n.news.naver.com/entertain/now/article/410/0000664132
4,CONSPIRACY/JUNKSCI,38,peta.org,"New Coronavirus Linked to Animal Flesh, Sources Warn | PETA",http://peta.vg/2ran
5,FAKE/HOAX,36,albertonews.com,Médicos del Hospital Militar de Maracay evalúan a paciente para descartar contagio de coronavirus - AlbertoNews - Periodismo sin censura,https://albertonews.com/nacionales/ultima-hora-reportan-presunto-posible-caso-de-coronavirus-en-maracay-estado-aragua/
6,FAKE/HOAX,35,mcmnt.com,Vatican confirms Pope Francis and two aides test positive for Coronavirus - MCM,https://mcmnt.com/vatican-confirms-pope-francis-and-two-aides-test-positive-for-coronavirus/
7,FAKE/HOAX,33,dailymail.co.uk,Killer coronavirus could be spread through the EYES,https://www.dailymail.co.uk/health/article-7926243/killer-coronavirus-spread-eyes.html?ito=amp_whatsapp_share-top
8,FAKE/HOAX,30,ibtimes.sg,North Korea's first confirmed Coronavirus COVID 19 patient shot dead: report,https://www.ibtimes.sg/north-koreas-first-confirmed-coronavirus-covid-19-patient-shot-dead-report-40042
9,FAKE/HOAX,27,albertonews.com,,https://albertonews.com/internacionales/ultima-hora-china-llama-a-dialogo-para-solventar-la-crisis-en-venezuela/
10,CONSPIRACY/JUNKSCI,21,zerohedge.com,Is This The Man Behind The Global Coronavirus Pandemic?,https://www.zerohedge.com/health/man-behind-global-coronavirus-pandemic
11,CONSPIRACY/JUNKSCI,19,zerohedge.com,Did China Steal Coronavirus From Canada And Weaponize It?,https://www.zerohedge.com/geopolitical/did-china-steal-coronavirus-canada-and-weaponize-it
12,FAKE/HOAX,19,albertonews.com,Hospitales en Venezuela no están aptos para enfrentar el coronavirus (Video) - AlbertoNews - Periodismo sin censura,https://albertonews.com/nacionales/urgente-hospitales-en-venezuela-no-estan-aptos-para-enfrentar-el-coronavirus-video/
13,FAKE/HOAX,19,albertonews.com,Científico de Harvard predice que el coronavirus infectará hasta el 70% de la humanidad - AlbertoNews - Periodismo sin censura,https://albertonews.com/internacionales/ultima-hora-cientifico-de-harvard-predice-que-el-coronavirus-infectara-hasta-el-70-de-la-humanidad/
14,FAKE/HOAX,19,n.news.naver.com,"[단독] 슈퍼주니어 은혁, 코로나19 성금 1억 원 기부 ""의료진에 도움되길""",https://n.news.naver.com/entertain/article/052/0001407888
15,FAKE/HOAX,18,n.news.naver.com,"[단독] 트와이스, 2월 예정 일본 팬사인회 취소 '신종 코로나 바이러스 여파'",https://n.news.naver.com/entertain/now/article/117/0003328924
16,CONSPIRACY/JUNKSCI,17,zerohedge.com,North Korea's First Confirmed Coronavirus Patient Shot Dead,https://www.zerohedge.com/geopolitical/north-koreas-first-confirmed-coronavirus-patient-shot-dead
17,FAKE/HOAX,16,rt.com,Chinese authorities announce first CURED coronavirus patient discharged from hospital in Shanghai,https://on.rt.com/a9ok
18,FAKE/HOAX,16,ibtimes.sg,North Korea's first confirmed Coronavirus COVID 19 patient shot dead: report,https://www.ibtimes.sg/north-koreas-first-confirmed-coronavirus-covid-19-patient-shot-dead-report-40042?utm_campaign=/north-koreas-first-confirmed-coronavirus-covid-19-patient-shot-dead-report-40042
19,FAKE/HOAX,16,ibtimes.sg,,https://www.ibtimes.sg/a000apq?utm_source=social&utm_medium=twitter&utm_campaign=/north-koreas-first-confirmed-coronavirus-covid-19-patient-shot-dead-report-40042
20,CONSPIRACY/JUNKSCI,15,globalresearch.ca,China's New Coronavirus: An Examination of the Facts - Global Research,https://www.globalresearch.ca/chinas-new-coronavirus-an-examination-of-the-facts/5701662
