rank,fact_type,count,domain,title,url
1,FAKE/HOAX,106,dailymail.co.uk,Killer coronavirus could be spread through the EYES,https://www.dailymail.co.uk/health/article-7926243/killer-coronavirus-spread-eyes.html?ito=amp_whatsapp_share-top
2,CONSPIRACY/JUNKSCI,92,zerohedge.com,North Korea's First Confirmed Coronavirus Patient Shot Dead,https://www.zerohedge.com/geopolitical/north-koreas-first-confirmed-coronavirus-patient-shot-dead
3,FAKE/HOAX,76,dailymail.co.uk,"China's top virus lab is in Wuhan, the center of the outbreak",https://www.dailymail.co.uk/health/article-7922379/chinas-lab-studying-sars-ebola-wuhan-outbreaks-center.html
4,FAKE/HOAX,63,dailystar.co.uk,,https://www.dailystar.co.uk/news/world-news/scientists-blame-coronavirus-bats-pics-21337997
5,FAKE/HOAX,63,n.news.naver.com,김재중 “코로나19 확진→만우절 농담”…도넘은 장난,https://n.news.naver.com/entertain/now/article/018/0004610638
6,FAKE/HOAX,43,rt.com,Chinese authorities announce first CURED coronavirus patient discharged from hospital in Shanghai,https://on.rt.com/a9ok
7,CONSPIRACY/JUNKSCI,40,peta.org,"New Coronavirus Linked to Animal Flesh, Sources Warn | PETA",http://peta.vg/2ran
8,FAKE/HOAX,38,n.news.naver.com,"슈퍼주니어 컴백쇼, 중국 우한 폐렴 여파로 비공개 진행(전문)",https://n.news.naver.com/entertain/now/article/410/0000664132
9,FAKE/HOAX,38,n.news.naver.com,"[단독] 트와이스, 2월 예정 일본 팬사인회 취소 '신종 코로나 바이러스 여파'",https://n.news.naver.com/entertain/now/article/117/0003328924
10,FAKE/HOAX,26,n.news.naver.com,"‘또또또 선행’ 위너 김진우, 코로나19에 1천만원 기부(공식)",https://n.news.naver.com/entertain/article/609/0000253852
11,CONSPIRACY/JUNKSCI,23,zerohedge.com,Did China Steal Coronavirus From Canada And Weaponize It?,https://www.zerohedge.com/geopolitical/did-china-steal-coronavirus-canada-and-weaponize-it
12,FAKE/HOAX,19,summit.news,Chinese Lab That Studies “World’s Most Dangerous Pathogens” is Based in Wuhan,https://summit.news/2020/01/23/chinese-lab-that-studies-worlds-most-dangerous-pathogens-is-based-in-wuhan/
13,FAKE/HOAX,19,n.news.naver.com,"2PM 준호, 군복무 중 코로나19 확산 방지 위해 3천만원 기부",https://n.news.naver.com/entertain/now/article/609/0000253824
14,FAKE/HOAX,18,mcmnt.com,Vatican confirms Pope Francis and two aides test positive for Coronavirus - MCM,https://mcmnt.com/vatican-confirms-pope-francis-and-two-aides-test-positive-for-coronavirus/
15,FAKE/HOAX,18,summit.news,Islamic Scholar Who Said Coronavirus Was “Allah’s Punishment” Gets Coronavirus,https://summit.news/2020/03/11/islamic-scholar-who-said-coronavirus-was-allahs-punishment-gets-coronavirus/
16,FAKE/HOAX,17,dailystar.co.uk,,https://www.dailystar.co.uk/news/world-news/scientists-blame-coronavirus-bats-pics-21337997?utm_source=twitter.com&utm_medium=social&utm_campaign=sharebar
17,FAKE/HOAX,17,ibtimes.sg,North Korea's first confirmed Coronavirus COVID 19 patient shot dead: report,https://www.ibtimes.sg/north-koreas-first-confirmed-coronavirus-covid-19-patient-shot-dead-report-40042
18,FAKE/HOAX,17,n.news.naver.com,CJ ENM 측 “‘KCON 2020 JAPAN’ 코로나 여파로 연기하기로 결정”  [공식],https://n.news.naver.com/entertain/article/382/0000803486
19,FAKE/HOAX,14,dailystar.co.uk,,https://www.dailystar.co.uk/news/world-news/china-coronavirus-spread-through-eyes-21351718
20,CONSPIRACY/JUNKSCI,13,zerohedge.com,"The Real Umbrella Corp: Wuhan Ultra Biohazard Lab Was Studying ""The World's Most Dangerous Pathogens""",https://www.zerohedge.com/economics/real-umbrella-corp-wuhan-ultra-biohazard-lab-was-studying-worlds-most-dangerous-pathogens
