rank,fact_type,count,domain,title,url
1,FAKE/HOAX,21,ibtimes.sg,North Korea's first confirmed Coronavirus COVID 19 patient shot dead: report,https://www.ibtimes.sg/north-koreas-first-confirmed-coronavirus-covid-19-patient-shot-dead-report-40042
2,CONSPIRACY/JUNKSCI,14,peta.org,"New Coronavirus Linked to Animal Flesh, Sources Warn | PETA",http://peta.vg/2ran
3,CONSPIRACY/JUNKSCI,13,zerohedge.com,"Coronavirus Contains ""HIV Insertions"", Stoking Fears Over Artificially Created Bioweapon",https://www.zerohedge.com/geopolitical/coronavirus-contains-hiv-insertions-stoking-fears-over-artificially-created-bioweapon
4,CONSPIRACY/JUNKSCI,13,zerohedge.com,North Korea's First Confirmed Coronavirus Patient Shot Dead,https://www.zerohedge.com/geopolitical/north-koreas-first-confirmed-coronavirus-patient-shot-dead
5,FAKE/HOAX,12,dailymail.co.uk,Killer coronavirus could be spread through the EYES,https://www.dailymail.co.uk/health/article-7926243/killer-coronavirus-spread-eyes.html?ito=amp_whatsapp_share-top
6,FAKE/HOAX,10,mcmnt.com,Vatican confirms Pope Francis and two aides test positive for Coronavirus - MCM,https://mcmnt.com/vatican-confirms-pope-francis-and-two-aides-test-positive-for-coronavirus/
7,FAKE/HOAX,10,n.news.naver.com,김재중 “코로나19 확진→만우절 농담”…도넘은 장난,https://n.news.naver.com/entertain/now/article/018/0004610638
8,FAKE/HOAX,8,dailystar.co.uk,,https://www.dailystar.co.uk/news/world-news/scientists-blame-coronavirus-bats-pics-21337997
9,FAKE/HOAX,8,n.news.naver.com,"슈퍼주니어 컴백쇼, 중국 우한 폐렴 여파로 비공개 진행(전문)",https://n.news.naver.com/entertain/now/article/410/0000664132
10,FAKE/HOAX,8,ibtimes.sg,,https://www.ibtimes.sg/a000apq?utm_source=social&utm_medium=twitter&utm_campaign=/north-koreas-first-confirmed-coronavirus-covid-19-patient-shot-dead-report-40042
11,FAKE/HOAX,7,n.news.naver.com,"[단독] 트와이스, 2월 예정 일본 팬사인회 취소 '신종 코로나 바이러스 여파'",https://n.news.naver.com/entertain/now/article/117/0003328924
12,FAKE/HOAX,7,ibtimes.sg,North Korea's first confirmed Coronavirus COVID 19 patient shot dead: report,https://www.ibtimes.sg/north-koreas-first-confirmed-coronavirus-covid-19-patient-shot-dead-report-40042?utm_campaign=/north-koreas-first-confirmed-coronavirus-covid-19-patient-shot-dead-report-40042
13,FAKE/HOAX,6,dailymail.co.uk,Did coronavirus originate in Chinese government laboratory?,https://www.dailymail.co.uk/news/article-8009669/did-coronavirus-originate-chinese-government-laboratory.html
14,FAKE/HOAX,6,n.news.naver.com,"2PM 준호, 군복무 중 코로나19 확산 방지 위해 3천만원 기부",https://n.news.naver.com/entertain/now/article/609/0000253824
15,FAKE/HOAX,6,dailymail.co.uk,The Pope says he has asked God to stop the coronavirus epidemic,https://www.dailymail.co.uk/news/article-8125507/the-pope-says-asked-god-stop-coronavirus-epidemic.html
16,CONSPIRACY/JUNKSCI,5,zerohedge.com,Did China Steal Coronavirus From Canada And Weaponize It?,https://www.zerohedge.com/geopolitical/did-china-steal-coronavirus-canada-and-weaponize-it
17,FAKE/HOAX,5,n.news.naver.com,"'코로나19' 담당 법무부 공무원, 한강서 숨진 채 발견",https://n.news.naver.com/article/032/0002993787
18,FAKE/HOAX,5,theblaze.com,Report: Pelosi attempted to sneak taxpayer-funded abortions into the coronavirus relief bill,https://www.theblaze.com/news/report-pelosi-attempted-to-sneak-taxpayer-funded-abortions-into-the-coronavirus-relief-bill
19,CONSPIRACY/JUNKSCI,4,activistpost.com,,https://www.activistpost.com/2020/01/did-bill-gates-world-economic-forum-predict-coronavirus-outbreak-an-inside-look-may-shock-you.html
20,FAKE/HOAX,4,gnews.org,,https://gnews.org/89749/
