rank,fact_type,count,domain,title,url
1,FAKE/HOAX,6,dailymail.co.uk,Killer coronavirus could be spread through the EYES,https://www.dailymail.co.uk/health/article-7926243/killer-coronavirus-spread-eyes.html?ito=amp_whatsapp_share-top
2,CONSPIRACY/JUNKSCI,5,zerohedge.com,"Coronavirus Contains ""HIV Insertions"", Stoking Fears Over Artificially Created Bioweapon",https://www.zerohedge.com/geopolitical/coronavirus-contains-hiv-insertions-stoking-fears-over-artificially-created-bioweapon
3,FAKE/HOAX,5,ibtimes.sg,North Korea's first confirmed Coronavirus COVID 19 patient shot dead: report,https://www.ibtimes.sg/north-koreas-first-confirmed-coronavirus-covid-19-patient-shot-dead-report-40042
4,FAKE/HOAX,4,n.news.naver.com,"[단독] 트와이스, 2월 예정 일본 팬사인회 취소 '신종 코로나 바이러스 여파'",https://n.news.naver.com/entertain/now/article/117/0003328924
5,FAKE/HOAX,4,dailymail.co.uk,Man who travelled to Nepal is Spain's first coronavirus death,https://www.dailymail.co.uk/news/article-8071139/spains-coronavirus-death-man-travelled-nepal-died-virus-month.html
6,FAKE/HOAX,4,dailymail.co.uk,The Pope says he has asked God to stop the coronavirus epidemic,https://www.dailymail.co.uk/news/article-8125507/the-pope-says-asked-god-stop-coronavirus-epidemic.html
7,CONSPIRACY/JUNKSCI,3,zerohedge.com,Did China Steal Coronavirus From Canada And Weaponize It?,https://www.zerohedge.com/geopolitical/did-china-steal-coronavirus-canada-and-weaponize-it
8,FAKE/HOAX,3,dailystar.co.uk,,https://www.dailystar.co.uk/news/world-news/china-deploys-40-incinerators-wuhan-21529067
9,FAKE/HOAX,3,n.news.naver.com,CJ ENM 측 “‘KCON 2020 JAPAN’ 코로나 여파로 연기하기로 결정”  [공식],https://n.news.naver.com/entertain/article/382/0000803486
10,CONSPIRACY/JUNKSCI,3,globalresearch.ca,China's Coronavirus: A Shocking Update. Did The Virus Originate in the US? - Global Research,https://www.globalresearch.ca/china-coronavirus-shocking-update/5705196
11,CONSPIRACY/JUNKSCI,3,neonnettle.com,Sheriff Clarke: George Soros is 'Involved' in Coronavirus Outbreak 'Panic',https://neonnettle.com/news/10643-sheriff-clarke-george-soros-is-involved-in-coronavirus-outbreak-panic-
12,FAKE/HOAX,2,summit.news,Professor Warns New Coronavirus Has Same Kill Rate as the Spanish Flu,https://summit.news/2020/01/22/professor-warns-new-coronavirus-has-same-kill-rate-as-the-spanish-flu/
13,CONSPIRACY/JUNKSCI,2,zerohedge.com,China Quarantines City Of 11 Million As Hong Kong Confirms Second Case Of Coronavirus,https://www.zerohedge.com/geopolitical/coronavirus-infections-climb-473-china-hong-kong-confirms-first-case
14,FAKE/HOAX,2,rt.com,IMAGES of Chinese quarantine flood social media amid coronavirus outbreak,https://on.rt.com/a9le
15,FAKE/HOAX,2,rt.com,Singapore confirms first case of deadly Chinese coronavirus – reports,https://on.rt.com/a9lf
16,FAKE/HOAX,2,rt.com,Dozens of Indian students TRAPPED in Wuhan as China scrambles to stop spread of deadly coronavirus,https://on.rt.com/a9mm
17,CONSPIRACY/JUNKSCI,2,zerohedge.com,Coronavirus Pandemic Simulation Run 3 Months Ago Predicts 65 Million People Could Die,https://www.zerohedge.com/health/coronavirus-pandemic-simulation-run-3-months-ago-predicts-65-million-people-could-die
18,FAKE/HOAX,2,dailymail.co.uk,"China's top virus lab is in Wuhan, the center of the outbreak",https://www.dailymail.co.uk/health/article-7922379/amp/chinas-lab-studying-sars-ebola-wuhan-outbreaks-center.html?__twitter_impression=true
19,FAKE/HOAX,2,rt.com,Chinese authorities announce first CURED coronavirus patient discharged from hospital in Shanghai,https://on.rt.com/a9ok
20,FAKE/HOAX,2,rt.com,US orders charter flight to evacuate citizens and diplomats from virus-stricken Wuhan — report,https://on.rt.com/a9qm
