rank,fact_type,count,domain,title,url
1,FAKE/HOAX,1,dailymail.co.uk,Coronavirus: Videos claim to show people collapsing in Wuhan,https://www.dailymail.co.uk/news/article-7923981/coronavirus-disturbing-videos-claim-people-collapsing-wuhan.html
2,CONSPIRACY/JUNKSCI,1,zerohedge.com,Japan Will Use HIV Drugs To Treat Coronavirus,https://www.zerohedge.com/health/japan-will-use-hiv-drugs-treat-coronavirus
3,FAKE/HOAX,1,mcmnt.com,Vatican confirms Pope Francis and two aides test positive for Coronavirus - MCM,https://mcmnt.com/vatican-confirms-pope-francis-and-two-aides-test-positive-for-coronavirus/
4,FAKE/HOAX,1,n.news.naver.com,CJ ENM 측 “‘KCON 2020 JAPAN’ 코로나 여파로 연기하기로 결정”  [공식],https://n.news.naver.com/entertain/article/382/0000803486
5,FAKE/HOAX,1,n.news.naver.com,김재중 “코로나19 확진→만우절 농담”…도넘은 장난,https://n.news.naver.com/entertain/now/article/018/0004610638
