rank,fact_type,count,domain,title,url
1,CONSPIRACY/JUNKSCI,20,zerohedge.com,"Coronavirus Contains ""HIV Insertions"", Stoking Fears Over Artificially Created Bioweapon",https://www.zerohedge.com/geopolitical/coronavirus-contains-hiv-insertions-stoking-fears-over-artificially-created-bioweapon
2,CONSPIRACY/JUNKSCI,16,zerohedge.com,Did China Steal Coronavirus From Canada And Weaponize It?,https://www.zerohedge.com/geopolitical/did-china-steal-coronavirus-canada-and-weaponize-it
3,CONSPIRACY/JUNKSCI,15,zerohedge.com,Creator Of US BioWeapons Act Says Coronavirus Is Biological Warfare Weapon,https://www.zerohedge.com/health/creator-bioweapons-act-says-coronavirus-biological-warfare-weapon
4,FAKE/HOAX,14,mcmnt.com,Vatican confirms Pope Francis and two aides test positive for Coronavirus - MCM,https://mcmnt.com/vatican-confirms-pope-francis-and-two-aides-test-positive-for-coronavirus/
5,FAKE/HOAX,12,politicalflare.com,Trump Supporter Says She Doesn't Think Coronavirus Exists Because She 'Doesn't Believe Anything the Democrats Say',https://www.politicalflare.com/2020/03/trump-supporter-says-she-doesnt-think-coronavirus-exists-because-she-doesnt-believe-anything-the-democrats-say/
6,CONSPIRACY/JUNKSCI,11,zerohedge.com,Is This The Man Behind The Global Coronavirus Pandemic?,https://www.zerohedge.com/health/man-behind-global-coronavirus-pandemic
7,FAKE/HOAX,10,gnews.org,,https://gnews.org/89737/
8,FAKE/HOAX,10,gnews.org,,https://gnews.org/89749
9,FAKE/HOAX,10,ibtimes.sg,,https://www.ibtimes.sg/a000apq?utm_source=social&utm_medium=twitter&utm_campaign=/north-koreas-first-confirmed-coronavirus-covid-19-patient-shot-dead-report-40042
10,FAKE/HOAX,8,davidharrisjr.com,State Department Employee in Japan Ignored President Trump’s Orders and Allowed Americans with Coronavirus to Fly Back to the US,https://davidharrisjr.com/steven/state-department-employee-in-japan-ignored-president-trumps-orders-and-allowed-americans-with-coronavirus-to-fly-back-to-the-us/
11,FAKE/HOAX,7,dailymail.co.uk,"China's top virus lab is in Wuhan, the center of the outbreak",https://www.dailymail.co.uk/health/article-7922379/chinas-lab-studying-sars-ebola-wuhan-outbreaks-center.html
12,CONSPIRACY/JUNKSCI,7,zerohedge.com,"China Virus Cases Almost Double Overnight, Deaths Top 100 As North Korea Closes Border",https://www.zerohedge.com/geopolitical/wuhan-mayor-offers-resign-coronavirus-death-toll-accelerates-supply-shortages
13,FAKE/HOAX,7,gnews.org,,https://gnews.org/89749/
14,CONSPIRACY/JUNKSCI,7,zerohedge.com,North Korea's First Confirmed Coronavirus Patient Shot Dead,https://www.zerohedge.com/geopolitical/north-koreas-first-confirmed-coronavirus-patient-shot-dead
15,CONSPIRACY/JUNKSCI,7,greenpeace.org,11 simple ways to care for each other during the COVID-19 Coronavirus pandemic - Greenpeace New Zealand,https://www.greenpeace.org/new-zealand/story/11-simple-ways-to-care-for-each-other-during-the-covid-19-coronavirus-pandemic/
16,CONSPIRACY/JUNKSCI,6,off-guardian.org,,https://off-guardian.org/2020/01/24/reality-check-coronavirus-fear-porn/
17,CONSPIRACY/JUNKSCI,6,zerohedge.com,Did China's Tencent Accidentally Leak The True Terrifying Coronavirus Statistics,https://www.zerohedge.com/health/did-chinas-tencent-accidentally-leak-true-terrifying-coronavirus-statistics
18,CONSPIRACY/JUNKSCI,6,zerohedge.com,White House Asks Scientists To Investigate Whether 2019-nCoV Was Bio-Engineered,https://www.zerohedge.com/health/white-house-asks-scientists-investigate-whether-2019-ncov-was-bio-engineered
19,FAKE/HOAX,6,dailymail.co.uk,Did coronavirus originate in Chinese government laboratory?,https://www.dailymail.co.uk/news/article-8009669/did-coronavirus-originate-chinese-government-laboratory.html
20,CONSPIRACY/JUNKSCI,6,globalresearch.ca,China's Coronavirus: A Shocking Update. Did The Virus Originate in the US? - Global Research,https://www.globalresearch.ca/china-coronavirus-shocking-update/5705196
