rank,fact_type,count,domain,title,url
1,FAKE/HOAX,26,albertonews.com,China dice haber desarrollado “con éxito” la vacuna contra el coronavirus y se prepara para su producción a gran escala - AlbertoNews - Periodismo sin censura,https://albertonews.com/ultima-hora/ultima-hora-china-dice-haber-desarrollado-con-exito-la-vacuna-contra-el-coronavirus/
2,CONSPIRACY/JUNKSCI,6,zerohedge.com,"Coronavirus Contains ""HIV Insertions"", Stoking Fears Over Artificially Created Bioweapon",https://www.zerohedge.com/geopolitical/coronavirus-contains-hiv-insertions-stoking-fears-over-artificially-created-bioweapon
3,FAKE/HOAX,6,albertonews.com,,https://albertonews.com/internacionales/ultima-hora-china-llama-a-dialogo-para-solventar-la-crisis-en-venezuela/
4,FAKE/HOAX,6,ibtimes.sg,,https://www.ibtimes.sg/a000apq?utm_source=social&utm_medium=twitter&utm_campaign=/north-koreas-first-confirmed-coronavirus-covid-19-patient-shot-dead-report-40042
5,FAKE/HOAX,6,mcmnt.com,Vatican confirms Pope Francis and two aides test positive for Coronavirus - MCM,https://mcmnt.com/vatican-confirms-pope-francis-and-two-aides-test-positive-for-coronavirus/
6,CONSPIRACY/JUNKSCI,5,zerohedge.com,"100,000 Chinese ""Under Observation"" As Coronavirus Deaths Soar; State Dept Issues ""Do Not Travel"" To China"" Advisory",https://www.zerohedge.com/geopolitical/6000-quarantined-italian-cruise-ship-due-virus-scare-russia-closes-border-china
7,CONSPIRACY/JUNKSCI,5,wattsupwiththat.com,Diamond Princess Mysteries,https://wattsupwiththat.com/2020/03/16/diamond-princess-mysteries/
8,CONSPIRACY/JUNKSCI,4,zerohedge.com,"Coronavirus Death Toll Hits 257 As Confirmed Cases Top 10,000",https://www.zerohedge.com/geopolitical/uk-confirms-first-cases-coronavirus-countries-ignore-who
9,FAKE/HOAX,4,albertonews.com,,https://albertonews.com/internacionales/ultima-hora-se-confirma-primer-caso-de-colombiano-con-coronavirus/
10,CONSPIRACY/JUNKSCI,4,peta.org,"New Coronavirus Linked to Animal Flesh, Sources Warn | PETA",http://peta.vg/2ran
11,FAKE/HOAX,4,waynedupree.com,"Social Media Pokes Major Holes in Kathy Griffin's ""ICU/Coronavirus"" Story, Claim Things Don't  ""Add Up"" ",https://www.waynedupree.com/kathy-griffin-coronavirus-test/
12,FAKE/HOAX,3,dailymail.co.uk,Revolting footage shows Chinese woman eating a bat,https://www.dailymail.co.uk/news/article-7920573/revolting-footage-shows-chinese-woman-eating-bat-scientists-link-coronavirus-animal.html
13,FAKE/HOAX,3,dailymail.co.uk,Wuhan coronavirus: China shuts DISNEYLAND and 14 cities,https://www.dailymail.co.uk/health/article-7923913/shanghai-disney-closed-saturday-help-prevent-spread-virus.html
14,CONSPIRACY/JUNKSCI,3,sgtreport.com,LISTEN: The Coronavirus Is WORSE Than You've Been Told: Scientist Explains - SGT Report,https://www.sgtreport.com/2020/01/listen-the-coronavirus-is-worse-than-youve-been-told-scientist-explains/
15,FAKE/HOAX,3,dailymail.co.uk,Killer coronavirus could be spread through the EYES,https://www.dailymail.co.uk/health/article-7926243/killer-coronavirus-spread-eyes.html?ito=amp_whatsapp_share-top
16,CONSPIRACY/JUNKSCI,3,infowars.com,WHO’s Ex-Emergency Response Director Dies Suddenly Amid Coronavirus Outbreak,https://www.infowars.com/whos-ex-emergency-response-director-dies-suddenly-amid-coronavirus-outbreak/
17,FAKE/HOAX,3,gnews.org,,https://gnews.org/100720/
18,FAKE/HOAX,3,dailymail.co.uk,Did coronavirus originate in Chinese government laboratory?,https://www.dailymail.co.uk/news/article-8009669/did-coronavirus-originate-chinese-government-laboratory.html
19,FAKE/HOAX,3,breitbart.com,"Kudlow: Socialism, Not Coronavirus Will Sink the American Economy",https://www.breitbart.com/politics/2020/02/28/larry-kudlow-at-cpac-socialism-not-coronavirus-will-sink-the-american-economy/
20,FAKE/HOAX,3,pjmedia.com,"Joe Biden Blasts Trump’s Coronavirus Response, Then Plagiarizes Trump’s Plan",https://pjmedia.com/trending/joe-biden-blasts-trumps-coronavirus-response-then-plagiarizes-trumps-plan/
