rank,fact_type,count,domain,title,url
1,FAKE/HOAX,37,albertonews.com,Médicos del Hospital Militar de Maracay evalúan a paciente para descartar contagio de coronavirus - AlbertoNews - Periodismo sin censura,https://albertonews.com/nacionales/ultima-hora-reportan-presunto-posible-caso-de-coronavirus-en-maracay-estado-aragua/
2,FAKE/HOAX,31,albertonews.com,,https://albertonews.com/internacionales/ultima-hora-china-llama-a-dialogo-para-solventar-la-crisis-en-venezuela/
3,FAKE/HOAX,23,albertonews.com,Hospitales en Venezuela no están aptos para enfrentar el coronavirus (Video) - AlbertoNews - Periodismo sin censura,https://albertonews.com/nacionales/urgente-hospitales-en-venezuela-no-estan-aptos-para-enfrentar-el-coronavirus-video/
4,CONSPIRACY/JUNKSCI,21,zerohedge.com,"Coronavirus Contains ""HIV Insertions"", Stoking Fears Over Artificially Created Bioweapon",https://www.zerohedge.com/geopolitical/coronavirus-contains-hiv-insertions-stoking-fears-over-artificially-created-bioweapon
5,FAKE/HOAX,19,albertonews.com,Científico de Harvard predice que el coronavirus infectará hasta el 70% de la humanidad - AlbertoNews - Periodismo sin censura,https://albertonews.com/internacionales/ultima-hora-cientifico-de-harvard-predice-que-el-coronavirus-infectara-hasta-el-70-de-la-humanidad/
6,CONSPIRACY/JUNKSCI,15,informationclearinghouse.info,,http://www.informationclearinghouse.info/52988.htm
7,CONSPIRACY/JUNKSCI,14,peta.org,"New Coronavirus Linked to Animal Flesh, Sources Warn | PETA",http://peta.vg/2ran
8,FAKE/HOAX,11,mcmnt.com,Vatican confirms Pope Francis and two aides test positive for Coronavirus - MCM,https://mcmnt.com/vatican-confirms-pope-francis-and-two-aides-test-positive-for-coronavirus/
9,FAKE/HOAX,9,albertonews.com,,https://albertonews.com/internacionales/ultima-hora-trump-pedira-al-congreso-2-500-millones-de-dolares-para-luchar-contra-el-coronavirus/
10,FAKE/HOAX,9,n.news.naver.com,"[단독] 슈퍼주니어 은혁, 코로나19 성금 1억 원 기부 ""의료진에 도움되길""",https://n.news.naver.com/entertain/article/052/0001407888
11,FAKE/HOAX,8,albertonews.com,,https://albertonews.com/internacionales/infectados-con-coronavirus-intentan-propagar-virus-escupiendo-a-doctores-y-enfermeras-en-china/
12,FAKE/HOAX,8,albertonews.com,,https://albertonews.com/nacionales/urgente-40-privados-de-libertad-del-reten-de-cabimas-fueron-diagnosticados-con-tuberculosis/
13,FAKE/HOAX,8,albertonews.com,,https://albertonews.com/internacionales/ultima-hora-se-confirma-primer-caso-de-colombiano-con-coronavirus/
14,FAKE/HOAX,8,albertonews.com,,https://albertonews.com/internacionales/lo-ultimo-aislan-a-260-personas-por-sospecha-de-coronavirus-en-chile/
15,FAKE/HOAX,7,dailymail.co.uk,Killer coronavirus could be spread through the EYES,https://www.dailymail.co.uk/health/article-7926243/killer-coronavirus-spread-eyes.html?ito=amp_whatsapp_share-top
16,CONSPIRACY/JUNKSCI,6,zerohedge.com,Did China Steal Coronavirus From Canada And Weaponize It?,https://www.zerohedge.com/geopolitical/did-china-steal-coronavirus-canada-and-weaponize-it
17,FAKE/HOAX,6,albertonews.com,,https://albertonews.com/internacionales/urgente-el-coronavirus-puede-infectar-desde-una-distancia-de-2-metros-y-a-traves-de-los-ojos/
18,FAKE/HOAX,6,n.news.naver.com,"[단독] 트와이스, 2월 예정 일본 팬사인회 취소 '신종 코로나 바이러스 여파'",https://n.news.naver.com/entertain/now/article/117/0003328924
19,FAKE/HOAX,6,albertonews.com,Médicos chinos hallan anticuerpos capaces de combatir el coronavirus - AlbertoNews - Periodismo sin censura,https://albertonews.com/internacionales/lo-ultimo-medicos-chinos-hallan-anticuerpos-capaces-de-combatir-el-coronavirus/
20,FAKE/HOAX,6,albertonews.com,,https://albertonews.com/internacionales/ultima-hora-ministerio-de-salud-de-peru-analiza-tres-casos-sospechosos-de-coronavirus/
