rank,fact_type,count,domain,title,url
1,FAKE/HOAX,24,express.co.uk,Coronavirus CURE? China says new treatment tested on nurses 'successful',https://www.express.co.uk/news/world/1233644/coronavirus-china-virus-vaccine-treatment-cure-symptoms
2,FAKE/HOAX,10,dailymail.co.uk,Bird flu breaks out in Chinese provinces near coronavirus's epicentre,https://www.dailymail.co.uk/news/article-7987009/bird-flu-breaks-two-chinese-provinces-near-coronaviruss-epicentre.html
3,CONSPIRACY/JUNKSCI,10,peta.org,"New Coronavirus Linked to Animal Flesh, Sources Warn | PETA",http://peta.vg/2ran
4,FAKE/HOAX,7,albertonews.com,Científico de Harvard predice que el coronavirus infectará hasta el 70% de la humanidad - AlbertoNews - Periodismo sin censura,https://albertonews.com/internacionales/ultima-hora-cientifico-de-harvard-predice-que-el-coronavirus-infectara-hasta-el-70-de-la-humanidad/
5,FAKE/HOAX,6,rt.com,Chinese authorities announce first CURED coronavirus patient discharged from hospital in Shanghai,https://on.rt.com/a9ok
6,FAKE/HOAX,6,dailymail.co.uk,"China's top virus lab is in Wuhan, the center of the outbreak",https://www.dailymail.co.uk/health/article-7922379/chinas-lab-studying-sars-ebola-wuhan-outbreaks-center.html
7,FAKE/HOAX,6,albertonews.com,Médicos del Hospital Militar de Maracay evalúan a paciente para descartar contagio de coronavirus - AlbertoNews - Periodismo sin censura,https://albertonews.com/nacionales/ultima-hora-reportan-presunto-posible-caso-de-coronavirus-en-maracay-estado-aragua/
8,FAKE/HOAX,5,breaking911.com,Suspected Case Of Novel Coronavirus Being Investigated In Texas; Patient Being Isolated In Home - Breaking911,https://breaking911.com/breaking-suspected-case-of-novel-coronavirus-being-investigated-in-texas-patient-being-isolated-in-home/
9,FAKE/HOAX,5,davidharrisjr.com,State Department Employee in Japan Ignored President Trump’s Orders and Allowed Americans with Coronavirus to Fly Back to the US,https://davidharrisjr.com/steven/state-department-employee-in-japan-ignored-president-trumps-orders-and-allowed-americans-with-coronavirus-to-fly-back-to-the-us/
10,FAKE/HOAX,5,politicususa.com,,https://www.politicususa.com/2020/02/27/rachel-maddow-destroys-trumps-coronavirus-lies-in-90-seconds.html
11,FAKE/HOAX,5,mcmnt.com,Vatican confirms Pope Francis and two aides test positive for Coronavirus - MCM,https://mcmnt.com/vatican-confirms-pope-francis-and-two-aides-test-positive-for-coronavirus/
12,FAKE/HOAX,4,dailymail.co.uk,"China's top virus lab is in Wuhan, the center of the outbreak",https://www.dailymail.co.uk/health/article-7922379/amp/chinas-lab-studying-sars-ebola-wuhan-outbreaks-center.html?__twitter_impression=true
13,CONSPIRACY/JUNKSCI,4,zerohedge.com,Did China Steal Coronavirus From Canada And Weaponize It?,https://www.zerohedge.com/geopolitical/did-china-steal-coronavirus-canada-and-weaponize-it
14,CONSPIRACY/JUNKSCI,4,zerohedge.com,Is This The Man Behind The Global Coronavirus Pandemic?,https://www.zerohedge.com/health/man-behind-global-coronavirus-pandemic
15,FAKE/HOAX,4,dailymail.co.uk,Around 58 MILLION Germans will be infected with coronavirus,https://www.dailymail.co.uk/news/article-8096955/around-58-million-germans-infected-coronavirus-angela-merkel-warns.html
16,FAKE/HOAX,3,summit.news,Chinese Lab That Studies “World’s Most Dangerous Pathogens” is Based in Wuhan,https://summit.news/2020/01/23/chinese-lab-that-studies-worlds-most-dangerous-pathogens-is-based-in-wuhan/
17,FAKE/HOAX,3,dailymail.co.uk,Wuhan coronavirus: China shuts DISNEYLAND and 14 cities,https://www.dailymail.co.uk/health/article-7923913/shanghai-disney-closed-saturday-help-prevent-spread-virus.html
18,FAKE/HOAX,3,breaking911.com,"Los Angeles County Confirms First Case of Deadly Coronavirus, Fourth Case Confirmed In U.S. - Breaking911",https://breaking911.com/breaking-los-angeles-county-confirms-first-case-of-deadly-coronavirus-fourth-case-confirmed-in-u-s/
19,CONSPIRACY/JUNKSCI,3,zerohedge.com,"Coronavirus Contains ""HIV Insertions"", Stoking Fears Over Artificially Created Bioweapon",https://www.zerohedge.com/geopolitical/coronavirus-contains-hiv-insertions-stoking-fears-over-artificially-created-bioweapon
20,CONSPIRACY/JUNKSCI,3,zerohedge.com,White House Asks Scientists To Investigate Whether 2019-nCoV Was Bio-Engineered,https://www.zerohedge.com/health/white-house-asks-scientists-investigate-whether-2019-ncov-was-bio-engineered
