rank,fact_type,count,domain,title,url
1,FAKE/HOAX,21,ibtimes.sg,,https://www.ibtimes.sg/a000apq?utm_source=social&utm_medium=twitter&utm_campaign=/north-koreas-first-confirmed-coronavirus-covid-19-patient-shot-dead-report-40042
2,CONSPIRACY/JUNKSCI,19,zerohedge.com,"Coronavirus Contains ""HIV Insertions"", Stoking Fears Over Artificially Created Bioweapon",https://www.zerohedge.com/geopolitical/coronavirus-contains-hiv-insertions-stoking-fears-over-artificially-created-bioweapon
3,FAKE/HOAX,18,ibtimes.sg,North Korea's first confirmed Coronavirus COVID 19 patient shot dead: report,https://www.ibtimes.sg/north-koreas-first-confirmed-coronavirus-covid-19-patient-shot-dead-report-40042
4,CONSPIRACY/JUNKSCI,12,peta.org,"New Coronavirus Linked to Animal Flesh, Sources Warn | PETA",http://peta.vg/2ran
5,FAKE/HOAX,11,albertonews.com,,https://albertonews.com/coronavirus/aterriza-en-maiquetia-un-avion-de-turkish-airlines-pese-a-la-prohibicion-dictada-por-el-inac/
6,FAKE/HOAX,10,albertonews.com,Hospitales en Venezuela no están aptos para enfrentar el coronavirus (Video) - AlbertoNews - Periodismo sin censura,https://albertonews.com/nacionales/urgente-hospitales-en-venezuela-no-estan-aptos-para-enfrentar-el-coronavirus-video/
7,FAKE/HOAX,6,gnews.org,,https://gnews.org/89749/
8,FAKE/HOAX,6,albertonews.com,Médicos del Hospital Militar de Maracay evalúan a paciente para descartar contagio de coronavirus - AlbertoNews - Periodismo sin censura,https://albertonews.com/nacionales/ultima-hora-reportan-presunto-posible-caso-de-coronavirus-en-maracay-estado-aragua/
9,CONSPIRACY/JUNKSCI,6,zerohedge.com,North Korea's First Confirmed Coronavirus Patient Shot Dead,https://www.zerohedge.com/geopolitical/north-koreas-first-confirmed-coronavirus-patient-shot-dead
10,FAKE/HOAX,6,mcmnt.com,Vatican confirms Pope Francis and two aides test positive for Coronavirus - MCM,https://mcmnt.com/vatican-confirms-pope-francis-and-two-aides-test-positive-for-coronavirus/
11,FAKE/HOAX,5,rt.com,,https://www.rt.com/news/479989-kagami-mirror-porn-giveaway-coronavirus/
12,FAKE/HOAX,5,dailymail.co.uk,Woman is diagnosed with coronavirus after testing negative EIGHT TIMES,https://www.dailymail.co.uk/news/article-8042535/amp/woman-diagnosed-coronavirus-testing-negative-eight-times-quarantine.html?__twitter_impression=true
13,CONSPIRACY/JUNKSCI,4,zerohedge.com,Did China Steal Coronavirus From Canada And Weaponize It?,https://www.zerohedge.com/geopolitical/did-china-steal-coronavirus-canada-and-weaponize-it
14,CONSPIRACY/JUNKSCI,4,zerohedge.com,Is This The Man Behind The Global Coronavirus Pandemic?,https://www.zerohedge.com/health/man-behind-global-coronavirus-pandemic
15,CONSPIRACY/JUNKSCI,4,naturalnews.com,NaturalNews.com,https://www.naturalnews.com
16,FAKE/HOAX,4,dailymail.co.uk,Shocking clip shows suspected coronavirus carriers dragged from homes,https://www.dailymail.co.uk/news/article-7980883/video-shows-officials-protective-suits-dragging-suspected-coronavirus-carriers-homes.html
17,FAKE/HOAX,4,express.co.uk,"Portugal: Low crime, no coronavirus & cheap flights - why it might be the top holiday spot",https://www.express.co.uk/travel/articles/1247663/portugal-holidays-travel-2020-safe-coronavirus-crime-cheap-flight
18,FAKE/HOAX,4,amp.ibtimes.sg,North Korea's first confirmed Coronavirus COVID 19 patient shot dead: report,https://amp.ibtimes.sg/north-koreas-first-confirmed-coronavirus-covid-19-patient-shot-dead-report-40042?utm_source=social&utm_medium=twitter&utm_campaign=%2fnorth-koreas-first-confirmed-coronavirus-covid-19-patient-shot-dead-report-40042&__twitter_impression=true
19,FAKE/HOAX,4,politicususa.com,,https://www.politicususa.com/2020/03/07/trump-exposed-to-coronavirus.html
20,FAKE/HOAX,4,rt.com,"Coronavirus death toll in Italy rises to 366 from 233 in one day, most cases in Lombardy",https://on.rt.com/ace6
