rank,fact_type,count,domain,title,url
1,FAKE/HOAX,15,dailymail.co.uk,Killer coronavirus could be spread through the EYES,https://www.dailymail.co.uk/health/article-7926243/killer-coronavirus-spread-eyes.html?ito=amp_whatsapp_share-top
2,FAKE/HOAX,8,dailymail.co.uk,US health experts hosted fictional coronavirus simulation 3 months ago,https://www.dailymail.co.uk/health/article-7925475/us-health-experts-predicted-coronavirus-kill-65million-people-year-three-months-ago.html
3,FAKE/HOAX,8,mcmnt.com,Vatican confirms Pope Francis and two aides test positive for Coronavirus - MCM,https://mcmnt.com/vatican-confirms-pope-francis-and-two-aides-test-positive-for-coronavirus/
4,FAKE/HOAX,8,worldnewsdailyreport.com,COVID-19: Chinese health authorities confirm patient zero 'had sex with bats',https://worldnewsdailyreport.com/covid-19-chinese-health-authorities-confirm-patient-zero-had-sex-with-bats/
5,FAKE/HOAX,7,n.news.naver.com,김재중 “코로나19 확진→만우절 농담”…도넘은 장난,https://n.news.naver.com/entertain/now/article/018/0004610638
6,CONSPIRACY/JUNKSCI,6,zerohedge.com,North Korea's First Confirmed Coronavirus Patient Shot Dead,https://www.zerohedge.com/geopolitical/north-koreas-first-confirmed-coronavirus-patient-shot-dead
7,FAKE/HOAX,5,express.co.uk,Coronavirus: Two kids ‘abandoned’ by parents at airport after son stopped from boarding,https://www.express.co.uk/news/world/1233142/coronavirus-latest-news-china-children-abandoned-parents-airport-screening-us-uk-update
8,CONSPIRACY/JUNKSCI,5,zerohedge.com,Creator Of US BioWeapons Act Says Coronavirus Is Biological Warfare Weapon,https://www.zerohedge.com/health/creator-bioweapons-act-says-coronavirus-biological-warfare-weapon
9,FAKE/HOAX,4,rt.com,Chinese authorities announce first CURED coronavirus patient discharged from hospital in Shanghai,https://on.rt.com/a9ok
10,FAKE/HOAX,4,dailymail.co.uk,US health experts hosted fictional coronavirus simulation 3 months ago,https://www.dailymail.co.uk/health/article-7925475/amp/us-health-experts-predicted-coronavirus-kill-65million-people-year-three-months-ago.html?__twitter_impression=true
11,CONSPIRACY/JUNKSCI,4,zerohedge.com,"Coronavirus Contains ""HIV Insertions"", Stoking Fears Over Artificially Created Bioweapon",https://www.zerohedge.com/geopolitical/coronavirus-contains-hiv-insertions-stoking-fears-over-artificially-created-bioweapon
12,FAKE/HOAX,4,politicususa.com,,https://www.politicususa.com/2020/02/26/trump-blindsided-his-hhs-secretary-with-pence-replacement-on-coronavirus.html
13,FAKE/HOAX,4,rt.com,Italian army’s chief of staff tests positive for coronavirus,https://www.rt.com/news/482623-italy-coronavirus-chief-of-staff/
14,FAKE/HOAX,3,dailymail.co.uk,US health experts hosted fictional coronavirus simulation 3 months ago,https://www.dailymail.co.uk/health/article-7925475/us-health-experts-predicted-coronavirus-kill-65million-people-year-three-months-ago.html?ito=amp_twitter_share-top
15,FAKE/HOAX,3,dailymail.co.uk,"China's top virus lab is in Wuhan, the center of the outbreak",https://www.dailymail.co.uk/health/article-7922379/chinas-lab-studying-sars-ebola-wuhan-outbreaks-center.html
16,FAKE/HOAX,3,dailymail.co.uk,Wuhan doctor dies nine days after contracting deadly coronavirus,https://www.dailymail.co.uk/health/article-7928063/amp/wuhan-doctor-dies-nine-days-contracting-deadly-coronavirus-battled-save-patients.html?__twitter_impression=true
17,FAKE/HOAX,3,rt.com,"Chinese health chiefs warn coronavirus is growing ‘stronger’, MUTATION closely monitored by scientists",https://on.rt.com/a9rf
18,CONSPIRACY/JUNKSCI,3,zerohedge.com,Is This The Man Behind The Global Coronavirus Pandemic?,https://www.zerohedge.com/health/man-behind-global-coronavirus-pandemic
19,FAKE/HOAX,3,dailymail.co.uk,China's first coronavirus hospital OPENS today,https://www.dailymail.co.uk/news/article-7939075/chinas-coronavirus-hospital-opens-today.html
20,FAKE/HOAX,3,n.news.naver.com,"[단독] 트와이스, 2월 예정 일본 팬사인회 취소 '신종 코로나 바이러스 여파'",https://n.news.naver.com/entertain/now/article/117/0003328924
