rank,fact_type,count,domain,title,url
1,FAKE/HOAX,24,mcmnt.com,Vatican confirms Pope Francis and two aides test positive for Coronavirus - MCM,https://mcmnt.com/vatican-confirms-pope-francis-and-two-aides-test-positive-for-coronavirus/
2,FAKE/HOAX,5,worldnewsdailyreport.com,COVID-19: Chinese health authorities confirm patient zero 'had sex with bats',https://worldnewsdailyreport.com/covid-19-chinese-health-authorities-confirm-patient-zero-had-sex-with-bats/
3,FAKE/HOAX,4,amp.ibtimes.sg,North Korea's first confirmed Coronavirus COVID 19 patient shot dead: report,https://amp.ibtimes.sg/north-koreas-first-confirmed-coronavirus-covid-19-patient-shot-dead-report-40042?utm_source=social&utm_medium=twitter&utm_campaign=%2fnorth-koreas-first-confirmed-coronavirus-covid-19-patient-shot-dead-report-40042&__twitter_impression=true
4,FAKE/HOAX,3,dailystar.co.uk,,https://www.dailystar.co.uk/news/world-news/scientists-blame-coronavirus-bats-pics-21337997
5,CONSPIRACY/JUNKSCI,3,zerohedge.com,North Korea's First Confirmed Coronavirus Patient Shot Dead,https://www.zerohedge.com/geopolitical/north-koreas-first-confirmed-coronavirus-patient-shot-dead
6,FAKE/HOAX,2,dailymail.co.uk,US health experts hosted fictional coronavirus simulation 3 months ago,https://www.dailymail.co.uk/health/article-7925475/us-health-experts-predicted-coronavirus-kill-65million-people-year-three-months-ago.html
7,FAKE/HOAX,2,express.co.uk,Coronavirus: Two kids ‘abandoned’ by parents at airport after son stopped from boarding,https://www.express.co.uk/news/world/1233142/coronavirus-latest-news-china-children-abandoned-parents-airport-screening-us-uk-update
8,FAKE/HOAX,2,express.co.uk,Coronavirus protection: Do N95 masks work? Should I wear a face mask amid outbreak?,https://www.express.co.uk/life-style/health/1233451/coronavirus-protection-do-n95-masks-work-who-should-wear-n95-mask-china-france-uk-usa
9,FAKE/HOAX,1,dailymail.co.uk,US health experts hosted fictional coronavirus simulation 3 months ago,https://www.dailymail.co.uk/health/article-7925475/us-health-experts-predicted-coronavirus-kill-65million-people-year-three-months-ago.html?ito=amp_twitter_share-top
10,CONSPIRACY/JUNKSCI,1,zerohedge.com,"UK Researcher Predicts Over 250,000 Chinese Will Have Coronavirus In Ten Days",https://www.zerohedge.com/geopolitical/uk-researcher-predicts-over-250000-people-china-will-have-coronavirus-ten-days
11,FAKE/HOAX,1,dailymail.co.uk,"China's top virus lab is in Wuhan, the center of the outbreak",https://www.dailymail.co.uk/health/article-7922379/amp/chinas-lab-studying-sars-ebola-wuhan-outbreaks-center.html?__twitter_impression=true
12,FAKE/HOAX,1,rt.com,38 infected coronavirus patients CURED in China as epidemic rages on,https://www.rt.com/news/479148-coronavirus-patients-cured-china/
13,CONSPIRACY/JUNKSCI,1,zerohedge.com,Did China Steal Coronavirus From Canada And Weaponize It?,https://www.zerohedge.com/geopolitical/did-china-steal-coronavirus-canada-and-weaponize-it
14,CONSPIRACY/JUNKSCI,1,zerohedge.com,New Research Casts Doubt Coronavirus Epidemic Started At Wuhan Food Market,https://www.zerohedge.com/geopolitical/no-bat-soup-new-research-casts-doubt-links-shady-seafood-market
15,FAKE/HOAX,1,dailymail.co.uk,Wuhan doctor dies nine days after contracting deadly coronavirus,https://www.dailymail.co.uk/health/article-7928063/amp/wuhan-doctor-dies-nine-days-contracting-deadly-coronavirus-battled-save-patients.html?__twitter_impression=true
16,CONSPIRACY/JUNKSCI,1,zerohedge.com,"China Virus Cases Almost Double Overnight, Deaths Top 100 As North Korea Closes Border",https://www.zerohedge.com/geopolitical/wuhan-mayor-offers-resign-coronavirus-death-toll-accelerates-supply-shortages
17,CONSPIRACY/JUNKSCI,1,activistpost.com,,https://www.activistpost.com/2020/01/did-bill-gates-world-economic-forum-predict-coronavirus-outbreak-an-inside-look-may-shock-you.html
18,CONSPIRACY/JUNKSCI,1,zerohedge.com,Number Of Coronavirus Cases Surpasses SARS As China Holds 60k Under 'Observation',https://www.zerohedge.com/geopolitical/china-curbs-travel-hong-kong-sends-6000-medics-hubei-death-toll-soars
19,CONSPIRACY/JUNKSCI,1,naturalnews.com,"Bill Gates funded the PIRBRIGHT institute, which owns the patent on coronavirus",https://www.naturalnews.com/2020-01-27-bill-gates-funded-pirbright-institute-owns-coronavirus-patent.html
20,FAKE/HOAX,1,dailymail.co.uk,Reports of Britain's third coronavirus case turn out to be FALSE ALARM,https://www.dailymail.co.uk/news/article-7957757/fears-britains-coronavirus-case-dashed-false-alarm.html
