rank,fact_type,count,domain,title,url
1,FAKE/HOAX,5,breitbart.com,Nolte: All the Establishment Media's Dangerous Coronavirus Lies,https://www.breitbart.com/the-media/2020/03/17/nolte-all-the-establishment-medias-dangerous-coronavirus-lies/
2,CONSPIRACY/JUNKSCI,4,zerohedge.com,North Korea's First Confirmed Coronavirus Patient Shot Dead,https://www.zerohedge.com/geopolitical/north-koreas-first-confirmed-coronavirus-patient-shot-dead
3,FAKE/HOAX,4,ibtimes.sg,North Korea's first confirmed Coronavirus COVID 19 patient shot dead: report,https://www.ibtimes.sg/north-koreas-first-confirmed-coronavirus-covid-19-patient-shot-dead-report-40042?utm_campaign=/north-koreas-first-confirmed-coronavirus-covid-19-patient-shot-dead-report-40042
4,FAKE/HOAX,4,ibtimes.sg,,https://www.ibtimes.sg/a000apq?utm_source=social&utm_medium=twitter&utm_campaign=/north-koreas-first-confirmed-coronavirus-covid-19-patient-shot-dead-report-40042
5,FAKE/HOAX,3,thelastamericanvagabond.com,"Bats, Gene Editing and Bioweapons: Recent DARPA Experiments Raise Concerns Amid Coronavirus Outbreak",https://www.thelastamericanvagabond.com/top-news/bats-gene-editing-bioweapons-recent-darpa-experiments-raise-concerns-amid-coronavirus-outbreak/
6,FAKE/HOAX,3,mcmnt.com,Vatican confirms Pope Francis and two aides test positive for Coronavirus - MCM,https://mcmnt.com/vatican-confirms-pope-francis-and-two-aides-test-positive-for-coronavirus/
7,CONSPIRACY/JUNKSCI,3,globalresearch.ca,China's Coronavirus: A Shocking Update. Did The Virus Originate in the US? - Global Research,https://www.globalresearch.ca/china-coronavirus-shocking-update/5705196
8,FAKE/HOAX,2,summit.news,Virologist Who Visited Wuhan Says Coronavirus is “Out of Control”,https://summit.news/2020/01/24/virologist-who-visited-wuhan-says-coronavirus-is-out-of-control/
9,FAKE/HOAX,2,dailymail.co.uk,Killer coronavirus could be spread through the EYES,https://www.dailymail.co.uk/health/article-7926243/killer-coronavirus-spread-eyes.html?ito=amp_whatsapp_share-top
10,CONSPIRACY/JUNKSCI,2,zerohedge.com,"Coronavirus Contains ""HIV Insertions"", Stoking Fears Over Artificially Created Bioweapon",https://www.zerohedge.com/geopolitical/coronavirus-contains-hiv-insertions-stoking-fears-over-artificially-created-bioweapon
11,FAKE/HOAX,2,ibtimes.sg,North Korea's first confirmed Coronavirus COVID 19 patient shot dead: report,https://www.ibtimes.sg/north-koreas-first-confirmed-coronavirus-covid-19-patient-shot-dead-report-40042
12,CONSPIRACY/JUNKSCI,2,truepundit.com,North Korea's First Confirmed Coronavirus Patient Shot Dead – True Pundit,https://truepundit.com/north-koreas-first-confirmed-coronavirus-patient-shot-dead/
13,FAKE/HOAX,2,waynedupree.com,Opinion: Chelsea Clinton Get's Instantly Destroyed When She Tries to Lecture Trump on the Coronavirus,https://www.waynedupree.com/chelsea-clinton-coronavirus/
14,FAKE/HOAX,2,n.news.naver.com,CJ ENM 측 “‘KCON 2020 JAPAN’ 코로나 여파로 연기하기로 결정”  [공식],https://n.news.naver.com/entertain/article/382/0000803486
15,FAKE/HOAX,2,breitbart.com,Twitter Forces Laura Ingraham to Delete Post on Chloroquine Helping Coronavirus Patients,https://www.breitbart.com/tech/2020/03/30/twitter-forces-laura-ingraham-to-remove-tweet-about-chinese-virus-treatment/
16,CONSPIRACY/JUNKSCI,1,scenarieconomici.it,,https://scenarieconomici.it/cina-oltre-400-casi-di-coronavirus-fanno-tremare-il-mondo-anche-quello-economico/
17,FAKE/HOAX,1,summit.news,Videos Show Chinese People Eating Bats As Experts Link Animal to Coronavirus Outbreak,https://summit.news/2020/01/23/videos-show-chinese-people-eating-bats-as-experts-link-animal-to-coronavirus-outbreak/
18,FAKE/HOAX,1,dailymail.co.uk,Chinese city will 'build a dedicated coronavirus hospital in SIX DAYS',https://www.dailymail.co.uk/news/article-7920937/chinese-city-build-dedicated-coronavirus-hospital-six-days.html
19,FAKE/HOAX,1,dailymail.co.uk,'Nurse' claims dead bodies are left unattended at a Wuhan hospital,https://www.dailymail.co.uk/news/article-7924805/chinese-nurse-claims-dead-bodies-left-unattended-wuhan-hospital.html
20,FAKE/HOAX,1,dailymail.co.uk,Hospital in China flooded with patients amid coronavirus outbreak,https://www.dailymail.co.uk/news/article-7921709/shocking-footage-shows-hospital-china-flooded-hundreds-patients-amid-coronavirus-outbreak.html?ito=social-facebook
