rank,fact_type,count,domain,title,url
1,FAKE/HOAX,3,dailymail.co.uk,US health experts hosted fictional coronavirus simulation 3 months ago,https://www.dailymail.co.uk/health/article-7925475/us-health-experts-predicted-coronavirus-kill-65million-people-year-three-months-ago.html
2,CONSPIRACY/JUNKSCI,3,zerohedge.com,North Korea's First Confirmed Coronavirus Patient Shot Dead,https://www.zerohedge.com/geopolitical/north-koreas-first-confirmed-coronavirus-patient-shot-dead
3,FAKE/HOAX,1,dailystar.co.uk,,https://www.dailystar.co.uk/news/world-news/scientists-blame-coronavirus-bats-pics-21337997
4,CONSPIRACY/JUNKSCI,1,zerohedge.com,Harvard Professor Says 40-70% Of People Worldwide Will Be Infected With Covid-19,https://www.zerohedge.com/geopolitical/harvard-professor-says-40-70-people-worldwide-will-be-infected-covid-19
5,CONSPIRACY/JUNKSCI,1,imolaoggi.it,"Coronavirus, moschea Mestre: non rispetta ordinanza, denunciato imam - Imola Oggi",http://www.imolaoggi.it/2020/02/29/coronavirus-moschea-mestre-non-rispetta-ordinanza-denunciato-imam/
6,FAKE/HOAX,1,dailymail.co.uk,Recovered coronavirus patient dies of the virus five days later,https://www.dailymail.co.uk/news/article-8077987/amp/recovered-coronavirus-patient-dies-disease-five-days-discharged-hospital.html?__twitter_impression=true
7,CONSPIRACY/JUNKSCI,1,peta.org,"New Coronavirus Linked to Animal Flesh, Sources Warn | PETA",http://peta.vg/2ran
