rank,fact_type,count,domain,title,url
1,FAKE/HOAX,54,mcmnt.com,Vatican confirms Pope Francis and two aides test positive for Coronavirus - MCM,https://mcmnt.com/vatican-confirms-pope-francis-and-two-aides-test-positive-for-coronavirus/
2,FAKE/HOAX,44,breitbart.com,Sweden to Stop Publishing 'Not Important' Coronavirus Numbers,https://www.breitbart.com/europe/2020/03/14/sweden-to-stop-publishing-coronavirus-numbers-deems-them-not-important/
3,FAKE/HOAX,26,ibtimes.sg,North Korea's first confirmed Coronavirus COVID 19 patient shot dead: report,https://www.ibtimes.sg/north-koreas-first-confirmed-coronavirus-covid-19-patient-shot-dead-report-40042
4,FAKE/HOAX,26,ikerjimenez.com,Milenio Live – Covid-19: Crisis sin precedentes,https://www.ikerjimenez.com/milenio-live-2x29-covid-19-crisis-sin-precedentes/
5,CONSPIRACY/JUNKSCI,25,zerohedge.com,"Coronavirus Contains ""HIV Insertions"", Stoking Fears Over Artificially Created Bioweapon",https://www.zerohedge.com/geopolitical/coronavirus-contains-hiv-insertions-stoking-fears-over-artificially-created-bioweapon
6,FAKE/HOAX,21,dailymail.co.uk,Swedish people disregard Covid-19 lockdown and go for a pint,https://www.dailymail.co.uk/news/article-8151111/swedish-people-disregarding-covid-19-lockdown-going-pint.html
7,CONSPIRACY/JUNKSCI,20,zerohedge.com,Did China's Tencent Accidentally Leak The True Terrifying Coronavirus Statistics,https://www.zerohedge.com/health/did-chinas-tencent-accidentally-leak-true-terrifying-coronavirus-statistics
8,FAKE/HOAX,20,n.news.naver.com,김재중 “코로나19 확진→만우절 농담”…도넘은 장난,https://n.news.naver.com/entertain/now/article/018/0004610638
9,FAKE/HOAX,19,ibtimes.sg,North Korea's first confirmed Coronavirus COVID 19 patient shot dead: report,https://www.ibtimes.sg/north-koreas-first-confirmed-coronavirus-covid-19-patient-shot-dead-report-40042?utm_campaign=/north-koreas-first-confirmed-coronavirus-covid-19-patient-shot-dead-report-40042
10,FAKE/HOAX,18,ibtimes.sg,,https://www.ibtimes.sg/a000apq?utm_source=social&utm_medium=twitter&utm_campaign=/north-koreas-first-confirmed-coronavirus-covid-19-patient-shot-dead-report-40042
11,FAKE/HOAX,18,ikerjimenez.com,Milenio Live – Covid-19: La noche de los doctores Mayol y Candel,https://www.ikerjimenez.com/milenio-live-2x28-covid-19-la-noche-de-los-doctores-mayol-y-candel/
12,FAKE/HOAX,16,dailymail.co.uk,Killer coronavirus could be spread through the EYES,https://www.dailymail.co.uk/health/article-7926243/killer-coronavirus-spread-eyes.html?ito=amp_whatsapp_share-top
13,FAKE/HOAX,15,albertonews.com,Médicos del Hospital Militar de Maracay evalúan a paciente para descartar contagio de coronavirus - AlbertoNews - Periodismo sin censura,https://albertonews.com/nacionales/ultima-hora-reportan-presunto-posible-caso-de-coronavirus-en-maracay-estado-aragua/
14,FAKE/HOAX,15,n.news.naver.com,"'코로나19' 담당 법무부 공무원, 한강서 숨진 채 발견",https://n.news.naver.com/article/032/0002993787
15,CONSPIRACY/JUNKSCI,15,peta.org,"New Coronavirus Linked to Animal Flesh, Sources Warn | PETA",http://peta.vg/2ran
16,CONSPIRACY/JUNKSCI,14,zerohedge.com,Did China Steal Coronavirus From Canada And Weaponize It?,https://www.zerohedge.com/geopolitical/did-china-steal-coronavirus-canada-and-weaponize-it
17,FAKE/HOAX,13,albertonews.com,,https://albertonews.com/internacionales/ultima-hora-china-llama-a-dialogo-para-solventar-la-crisis-en-venezuela/
18,FAKE/HOAX,12,dailymail.co.uk,Thousands of Britons face mass coronavirus testing,https://www.dailymail.co.uk/health/article-8045003/thousands-britons-face-mass-coronavirus-testing.html
19,FAKE/HOAX,12,ikerjimenez.com,Milenio Live – Coronavirus: Dossier especial,https://www.ikerjimenez.com/milenio-live-2x24-coronavirus-dossier-especial/
20,CONSPIRACY/JUNKSCI,9,zerohedge.com,Is This The Man Behind The Global Coronavirus Pandemic?,https://www.zerohedge.com/health/man-behind-global-coronavirus-pandemic
