rank,fact_type,count,domain,title,url
1,FAKE/HOAX,2,mcmnt.com,Vatican confirms Pope Francis and two aides test positive for Coronavirus - MCM,https://mcmnt.com/vatican-confirms-pope-francis-and-two-aides-test-positive-for-coronavirus/
2,FAKE/HOAX,1,dailystar.co.uk,,https://www.dailystar.co.uk/news/world-news/scientists-blame-coronavirus-bats-pics-21337997
3,FAKE/HOAX,1,sputniknews.com,First Russia-NATO Council Since June 2014 Kicks Off in Brussels,https://sptnkne.ws/bebv
4,FAKE/HOAX,1,sputniknews.com,What a Dump! Sweden's West Coast Littered With Foreign Garbage,https://sptnkne.ws/beea
5,FAKE/HOAX,1,rt.com,Error 404,http://on.rt.com/a9vh
6,FAKE/HOAX,1,ibtimes.sg,,https://www.ibtimes.sg/a000apq?utm_source=social&utm_medium=twitter&utm_campaign=/north-koreas-first-confirmed-coronavirus-covid-19-patient-shot-dead-report-40042
7,FAKE/HOAX,1,sputniknews.com,The Big One: New Evidence Shows Massive Earthquake Coming to California,https://sptnkne.ws/b7pe
8,FAKE/HOAX,1,dailymail.co.uk,New York coronavirus cases rise to 11 as death toll increases,https://www.dailymail.co.uk/news/article-8072159/amazon-employee-companys-seattle-headquarters-tests-positive-coronavirus.html
9,FAKE/HOAX,1,dreuz.info,"J’ai voulu savoir si la chloroquine évite le coronavirus chinois. J’ai enquêté, j’ai la réponse",https://www.dreuz.info/2020/03/24/jai-voulu-savoir-si-la-chloroquine-evite-le-coronavirus-chinois-jai-enquete-jai-la-reponse/
