rank,fact_type,count,domain,title,url
1,FAKE/HOAX,2,dailystar.co.uk,,https://www.dailystar.co.uk/news/world-news/china-coronavirus-spread-through-eyes-21351718
2,FAKE/HOAX,1,gnews.org,,https://gnews.org/89749/
3,FAKE/HOAX,1,ibtimes.sg,North Korea's first confirmed Coronavirus COVID 19 patient shot dead: report,https://www.ibtimes.sg/north-koreas-first-confirmed-coronavirus-covid-19-patient-shot-dead-report-40042
4,FAKE/HOAX,1,breitbart.com,"Coronavirus: Trump Closes Southern, Northern Borders to Non-Essential Travel",https://www.breitbart.com/politics/2020/03/20/trump-closes-southern-northern-borders-to-non-essential-travel-to-fight-coronavirus/
5,CONSPIRACY/JUNKSCI,1,peta.org,"New Coronavirus Linked to Animal Flesh, Sources Warn | PETA",http://peta.vg/2ran
