rank,fact_type,count,domain,title,url
1,CONSPIRACY/JUNKSCI,4,zerohedge.com,"Coronavirus Contains ""HIV Insertions"", Stoking Fears Over Artificially Created Bioweapon",https://www.zerohedge.com/geopolitical/coronavirus-contains-hiv-insertions-stoking-fears-over-artificially-created-bioweapon
2,FAKE/HOAX,4,dcdirtylaundry.com,U.S. military preparing to implement medical martial law due to coronavirus pandemic - DC Dirty Laundry,https://dcdirtylaundry.com/u-s-military-preparing-to-implement-medical-martial-law-due-to-coronavirus-pandemic/
3,CONSPIRACY/JUNKSCI,3,zerohedge.com,Did China Steal Coronavirus From Canada And Weaponize It?,https://www.zerohedge.com/geopolitical/did-china-steal-coronavirus-canada-and-weaponize-it
4,CONSPIRACY/JUNKSCI,3,naturalnews.com,CDC coronavirus test kits distributed all across America found to produce false negatives due to failed test kit reagents,https://www.naturalnews.com/2020-02-12-cdc-coronavirus-test-kits-found-to-produce-false-negative.html
5,FAKE/HOAX,3,redstate.com,WATCH: MSNBC Host Nicole Wallace Hopes Coronavirus Tanks Trump’s Presidency,https://www.redstate.com/jeffc/2020/03/09/795886/?utm_source=twitter&utm_medium=social&utm_term=795886&utm_content=0&utm_campaign=postpromoterpro
6,FAKE/HOAX,3,worldnewsdailyreport.com,COVID-19: Chinese health authorities confirm patient zero 'had sex with bats',https://worldnewsdailyreport.com/covid-19-chinese-health-authorities-confirm-patient-zero-had-sex-with-bats/
7,CONSPIRACY/JUNKSCI,2,zerohedge.com,Coronavirus Death Toll Hits 25 As Beijing Confirms 830 Patients Infected,https://www.zerohedge.com/geopolitical/china-quarantines-second-city-experts-warn-its-already-too-late-stop-virus
8,FAKE/HOAX,2,rt.com,Chinese authorities announce first CURED coronavirus patient discharged from hospital in Shanghai,https://on.rt.com/a9ok
9,CONSPIRACY/JUNKSCI,2,zerohedge.com,"Coronavirus Latest: Over 2,800 Global Cases Resulting in 80 Fatalities",https://www.zerohedge.com/geopolitical/third-us-coronavirus-case-confirmed-orange-county
10,FAKE/HOAX,2,dailymail.co.uk,"Nurse treating coronavirus in China claims 90,000 people are infected",https://www.dailymail.co.uk/news/article-7929657/nurse-treating-coronavirus-sufferers-china-claims-90-000-people-infected.html
11,FAKE/HOAX,2,waynedupree.com,"VIDEO: China Cab Driver Fearful Of Coronavirus Spreading, Kicks Coughing Passenger Out Of Vehicle!",https://www.waynedupree.com/china-cab-driver-kicks-out-possible-coronavirus-passenger/
12,FAKE/HOAX,2,dailymail.co.uk,China's first coronavirus hospital OPENS today,https://www.dailymail.co.uk/news/article-7939075/amp/chinas-coronavirus-hospital-opens-today.html?__twitter_impression=true
13,FAKE/HOAX,2,dailymail.co.uk,China's first coronavirus hospital OPENS today,https://www.dailymail.co.uk/news/article-7939075/chinas-coronavirus-hospital-opens-today.html
14,FAKE/HOAX,2,summit.news,Report: Woman in China Shot Dead For Attempting to Break Through Coronavirus Roadblock,https://summit.news/2020/02/04/report-woman-in-china-shot-dead-for-attempting-to-break-through-coronavirus-roadblock/
15,CONSPIRACY/JUNKSCI,2,zerohedge.com,Creator Of US BioWeapons Act Says Coronavirus Is Biological Warfare Weapon,https://www.zerohedge.com/health/creator-bioweapons-act-says-coronavirus-biological-warfare-weapon
16,CONSPIRACY/JUNKSCI,2,zerohedge.com,North Korea's First Confirmed Coronavirus Patient Shot Dead,https://www.zerohedge.com/geopolitical/north-koreas-first-confirmed-coronavirus-patient-shot-dead
17,FAKE/HOAX,2,ibtimes.sg,,https://www.ibtimes.sg/a000apq?utm_source=social&utm_medium=twitter&utm_campaign=/north-koreas-first-confirmed-coronavirus-covid-19-patient-shot-dead-report-40042
18,FAKE/HOAX,2,davidharrisjr.com,Secret Service Notified After Dem Government Official Stands Behind Idea To Attack Trump Supporters With Coronavirus,https://davidharrisjr.com/carmine/secret-service-notified-after-democrat-government-official-stands-behind-idea-to-disgustingly-attack-president-donald-trumps-supporters-with-the-deadly-coronavirus/
19,FAKE/HOAX,2,thenationalpulse.com,,https://thenationalpulse.com/editor/chinese-bots-flood-twitter-virus-theories/
20,FAKE/HOAX,2,breitbart.com,WHO Initially Echoed False Chinese Propaganda on Coronavirus,https://www.breitbart.com/politics/2020/03/22/who-covers-for-china-amid-virus-outbreak-not-contagious-among-humans/
