rank,fact_type,count,domain,title,url
1,CONSPIRACY/JUNKSCI,46,zerohedge.com,Did China Steal Coronavirus From Canada And Weaponize It?,https://www.zerohedge.com/geopolitical/did-china-steal-coronavirus-canada-and-weaponize-it
2,CONSPIRACY/JUNKSCI,40,zerohedge.com,Is This The Man Behind The Global Coronavirus Pandemic?,https://www.zerohedge.com/health/man-behind-global-coronavirus-pandemic
3,FAKE/HOAX,23,dailymail.co.uk,Thailand admits it is 'unable to stop the spread' of the coronavirus,https://www.dailymail.co.uk/health/article-7938887/thailand-admits-unable-stop-spread-chinas-deadly-coronavirus.html
4,FAKE/HOAX,16,gnews.org,,https://gnews.org/89737/
5,CONSPIRACY/JUNKSCI,13,zerohedge.com,White House Asks Scientists To Investigate Whether 2019-nCoV Was Bio-Engineered,https://www.zerohedge.com/health/white-house-asks-scientists-investigate-whether-2019-ncov-was-bio-engineered
6,FAKE/HOAX,12,dailymail.co.uk,Killer coronavirus could be spread through the EYES,https://www.dailymail.co.uk/health/article-7926243/killer-coronavirus-spread-eyes.html?ito=amp_whatsapp_share-top
7,FAKE/HOAX,10,dailystar.co.uk,,https://www.dailystar.co.uk/news/world-news/china-deploys-40-incinerators-wuhan-21529067
8,FAKE/HOAX,10,ibtimes.sg,North Korea's first confirmed Coronavirus COVID 19 patient shot dead: report,https://www.ibtimes.sg/north-koreas-first-confirmed-coronavirus-covid-19-patient-shot-dead-report-40042?utm_campaign=/north-koreas-first-confirmed-coronavirus-covid-19-patient-shot-dead-report-40042
9,CONSPIRACY/JUNKSCI,9,zerohedge.com,Did China's Tencent Accidentally Leak The True Terrifying Coronavirus Statistics,https://www.zerohedge.com/health/did-chinas-tencent-accidentally-leak-true-terrifying-coronavirus-statistics
10,FAKE/HOAX,9,n.news.naver.com,김재중 “코로나19 확진→만우절 농담”…도넘은 장난,https://n.news.naver.com/entertain/now/article/018/0004610638
11,FAKE/HOAX,8,ibtimes.sg,North Korea's first confirmed Coronavirus COVID 19 patient shot dead: report,https://www.ibtimes.sg/north-koreas-first-confirmed-coronavirus-covid-19-patient-shot-dead-report-40042
12,CONSPIRACY/JUNKSCI,7,zerohedge.com,Coronavirus Pandemic Simulation Run 3 Months Ago Predicts 65 Million People Could Die,https://www.zerohedge.com/health/coronavirus-pandemic-simulation-run-3-months-ago-predicts-65-million-people-could-die
13,CONSPIRACY/JUNKSCI,7,zerohedge.com,Iranian General: Coronavirus Is A Manmade Bio-Weapon,https://www.zerohedge.com/health/iranian-general-coronavirus-manmade-bio-weapon
14,FAKE/HOAX,6,n.news.naver.com,"[단독] 트와이스, 2월 예정 일본 팬사인회 취소 '신종 코로나 바이러스 여파'",https://n.news.naver.com/entertain/now/article/117/0003328924
15,CONSPIRACY/JUNKSCI,6,zerohedge.com,North Korea's First Confirmed Coronavirus Patient Shot Dead,https://www.zerohedge.com/geopolitical/north-koreas-first-confirmed-coronavirus-patient-shot-dead
16,FAKE/HOAX,6,thenationalpulse.com,,https://thenationalpulse.com/editor/chinese-bots-flood-twitter-virus-theories/
17,FAKE/HOAX,5,dailymail.co.uk,"China's top virus lab is in Wuhan, the center of the outbreak",https://www.dailymail.co.uk/health/article-7922379/chinas-lab-studying-sars-ebola-wuhan-outbreaks-center.html
18,FAKE/HOAX,5,breitbart.com,China Has Not Accepted U.S. Offers to Send CDC Experts to Aid in Coronavirus Fight,https://www.breitbart.com/asia/2020/01/28/china-has-not-accepted-u-s-offers-to-send-cdc-experts-to-aid-in-coronavirus-fight/
19,FAKE/HOAX,5,n.news.naver.com,"'코로나19' 담당 법무부 공무원, 한강서 숨진 채 발견",https://n.news.naver.com/article/032/0002993787
20,FAKE/HOAX,5,mcmnt.com,Vatican confirms Pope Francis and two aides test positive for Coronavirus - MCM,https://mcmnt.com/vatican-confirms-pope-francis-and-two-aides-test-positive-for-coronavirus/
