rank,fact_type,count,domain,title,url
1,FAKE/HOAX,59,mcmnt.com,Tanzania confirms first case of Coronavirus - MCM,https://mcmnt.com/tanzania-confirms-first-case-of-coronavirus/
2,CONSPIRACY/JUNKSCI,7,zerohedge.com,North Korea's First Confirmed Coronavirus Patient Shot Dead,https://www.zerohedge.com/geopolitical/north-koreas-first-confirmed-coronavirus-patient-shot-dead
3,CONSPIRACY/JUNKSCI,3,zerohedge.com,Did China Steal Coronavirus From Canada And Weaponize It?,https://www.zerohedge.com/geopolitical/did-china-steal-coronavirus-canada-and-weaponize-it
4,FAKE/HOAX,3,ibtimes.sg,North Korea's first confirmed Coronavirus COVID 19 patient shot dead: report,https://www.ibtimes.sg/north-koreas-first-confirmed-coronavirus-covid-19-patient-shot-dead-report-40042?utm_campaign=/north-koreas-first-confirmed-coronavirus-covid-19-patient-shot-dead-report-40042
5,FAKE/HOAX,2,dailymail.co.uk,China's first coronavirus hospital OPENS today,https://www.dailymail.co.uk/news/article-7939075/chinas-coronavirus-hospital-opens-today.html?ito=amp_twitter_share-top
6,FAKE/HOAX,2,dailymail.co.uk,China's first coronavirus hospital OPENS today,https://www.dailymail.co.uk/news/article-7939075/amp/chinas-coronavirus-hospital-opens-today.html?__twitter_impression=true
7,FAKE/HOAX,2,dailymail.co.uk,China's first coronavirus hospital OPENS today,https://www.dailymail.co.uk/news/article-7939075/chinas-coronavirus-hospital-opens-today.html
8,FAKE/HOAX,2,rt.com,"China coronavirus death toll soars to 813 with 37,000+ cases worldwide",https://on.rt.com/aaov
9,CONSPIRACY/JUNKSCI,2,aim4truth.org,"Coronavirus, QinetiQ, and the Rothschild Bombshell",https://aim4truth.org/2020/02/28/coronavirus-qinetiq-and-the-rothschild-bombshell/
10,CONSPIRACY/JUNKSCI,2,intellihub.com,HIV insertions found in 2019-nCoV Coronavirus signify possible release of weaponized strain,https://www.intellihub.com/hiv-insertions-found-in-2019-ncov-coronavirus-signify-possible-releaase-of-weaponized-strain/
11,FAKE/HOAX,2,n.news.naver.com,김재중 “코로나19 확진→만우절 농담”…도넘은 장난,https://n.news.naver.com/entertain/now/article/018/0004610638
12,FAKE/HOAX,1,dailymail.co.uk,Hospital in China flooded with patients amid coronavirus outbreak,https://www.dailymail.co.uk/news/article-7921709/shocking-footage-shows-hospital-china-flooded-hundreds-patients-amid-coronavirus-outbreak.html?ito=social-facebook
13,FAKE/HOAX,1,dailymail.co.uk,Chinese city will 'build a dedicated coronavirus hospital in SIX DAYS',https://www.dailymail.co.uk/news/article-7920937/chinese-city-build-dedicated-coronavirus-hospital-six-days.html
14,FAKE/HOAX,1,dailymail.co.uk,Killer coronavirus could be spread through the EYES,https://www.dailymail.co.uk/health/article-7926243/killer-coronavirus-spread-eyes.html?ito=amp_whatsapp_share-top
15,FAKE/HOAX,1,dcdirtylaundry.com,"Coronavirus “Perfect Storm” Now Exists Thanks to Biosludge, Open Borders, Filthy Liberal Cities - DC Dirty Laundry",https://dcdirtylaundry.com/coronavirus-perfect-storm-now-exists-thanks-to-biosludge-open-borders-filthy-liberal-cities/
16,FAKE/HOAX,1,rt.com,Chinese authorities announce first CURED coronavirus patient discharged from hospital in Shanghai,https://on.rt.com/a9ok
17,FAKE/HOAX,1,dailymail.co.uk,Woman who 'bragged about cheating  coronavirus tests' is tracked down,https://www.dailymail.co.uk/health/article-7924801/amp/chinese-woman-bragged-cheating-airport-coronavirus-screenings-tracked-france.html
18,CONSPIRACY/JUNKSCI,1,neonnettle.com,"Nurse Treating Coronavirus in China Claims 90,000 People Now Infected with Virus",https://neonnettle.com/news/10102-nurse-treating-coronavirus-in-china-claims-90-000-people-now-infected-with-virus
19,CONSPIRACY/JUNKSCI,1,activistpost.com,,https://www.activistpost.com/2020/01/did-bill-gates-world-economic-forum-predict-coronavirus-outbreak-an-inside-look-may-shock-you.html
20,FAKE/HOAX,1,rt.com,,https://on.rt.com/a9t3
