rank,fact_type,count,domain,title,url
1,CONSPIRACY/JUNKSCI,1,thetruthaboutcancer.com,20 Million Quarantined as 'Deadly' Coronavirus Reaches the U.S.,https://thetruthaboutcancer.com/coronavirus-reaches-united-states/
2,CONSPIRACY/JUNKSCI,1,zerohedge.com,"China Virus Cases Almost Double Overnight, Deaths Top 100 As North Korea Closes Border",https://www.zerohedge.com/geopolitical/wuhan-mayor-offers-resign-coronavirus-death-toll-accelerates-supply-shortages
3,CONSPIRACY/JUNKSCI,1,thetruthaboutcancer.com,National Health Emergency Declared,https://thetruthaboutcancer.com/national-health-emergency-coronavirus/
4,FAKE/HOAX,1,dailymail.co.uk,Hindus hold cow urine drinking party to guard against coronavirus,https://www.dailymail.co.uk/news/article-8112169/hundreds-hindus-hold-cow-urine-drinking-party-belief-fight-coronavirus.html
5,FAKE/HOAX,1,worldnewsdailyreport.com,COVID-19: Chinese health authorities confirm patient zero 'had sex with bats',https://worldnewsdailyreport.com/covid-19-chinese-health-authorities-confirm-patient-zero-had-sex-with-bats/
