rank,fact_type,count,domain,title,url
1,FAKE/HOAX,1,express.co.uk,Coronavirus in UK: Fears as five tested for deadly virus in Scottish hospitals,https://www.express.co.uk/news/uk/1232464/coronavirus-uk-scotland-hospital-virus-symptoms-latest-news
2,FAKE/HOAX,1,ladbible.com,Scientists Say Bats Could Be Linked To Coronavirus As Videos Of Bat Soup Appear Online ,https://www.ladbible.com/news/news-scientists-say-bats-could-be-linked-to-coronavirus-20200123?c=1579776255270
3,FAKE/HOAX,1,dailystar.co.uk,,https://www.dailystar.co.uk/news/world-news/coronavirus-outbreak-started-secret-lab-21343995
4,FAKE/HOAX,1,dailystar.co.uk,,https://www.dailystar.co.uk/news/world-news/scientists-blame-coronavirus-bats-pics-21337997
5,CONSPIRACY/JUNKSCI,1,themindunleashed.com,A Simulation for a Fictional Coronavirus Pandemic Was Held Last Year,https://themindunleashed.com/2020/01/coronavirus-pandemic-simulation.html
6,FAKE/HOAX,1,dailymail.co.uk,Mexico wants to close its border s to stop the spread of coronavirus,https://www.dailymail.co.uk/news/article-8110163/mexico-wants-close-border-americans-stop-spread-coronavirus.html?ito=social-twitter_dailymailus&utm_source=share&utm_medium=ios_app&utm_name=iossmf
7,FAKE/HOAX,1,presstv.com,‘Iranian coronavirus diagnostic test kits ready to go to global market’,https://www.presstv.com/detail/2020/03/25/621583/iran-coronavirus-test-kits-
8,FAKE/HOAX,1,dailymail.co.uk,"Italian grandmother, 95, recovers from coronavirus",https://www.dailymail.co.uk/news/article-8140609/italian-grandmother-95-recovers-coronavirus.html?ito=amp_twitter_share-top
