rank,fact_type,count,domain,title,url
1,CONSPIRACY/JUNKSCI,7,zerohedge.com,Did China Steal Coronavirus From Canada And Weaponize It?,https://www.zerohedge.com/geopolitical/did-china-steal-coronavirus-canada-and-weaponize-it
2,FAKE/HOAX,3,mcmnt.com,Vatican confirms Pope Francis and two aides test positive for Coronavirus - MCM,https://mcmnt.com/vatican-confirms-pope-francis-and-two-aides-test-positive-for-coronavirus/
3,CONSPIRACY/JUNKSCI,3,peta.org,"New Coronavirus Linked to Animal Flesh, Sources Warn | PETA",http://peta.vg/2ran
4,FAKE/HOAX,2,rt.com,Singapore confirms first case of deadly Chinese coronavirus – reports,https://on.rt.com/a9lf
5,FAKE/HOAX,2,dailymail.co.uk,Killer coronavirus could be spread through the EYES,https://www.dailymail.co.uk/health/article-7926243/killer-coronavirus-spread-eyes.html?ito=amp_whatsapp_share-top
6,FAKE/HOAX,2,dailymail.co.uk,"China's top virus lab is in Wuhan, the center of the outbreak",https://www.dailymail.co.uk/health/article-7922379/chinas-lab-studying-sars-ebola-wuhan-outbreaks-center.html
7,FAKE/HOAX,2,dailymail.co.uk,SECOND case of coronavirus confirmed in Canada after five in US,https://www.dailymail.co.uk/news/article-7931931/fourth-case-coronavirus-confirmed.html?ico=pushly-notifcation-small
8,FAKE/HOAX,2,dailymail.co.uk,Patients who recover from coronavirus 'can get infected AGAIN',https://www.dailymail.co.uk/health/article-7973905/patients-recovered-killer-coronavirus-infected-again.html
9,CONSPIRACY/JUNKSCI,2,zerohedge.com,North Korea's First Confirmed Coronavirus Patient Shot Dead,https://www.zerohedge.com/geopolitical/north-koreas-first-confirmed-coronavirus-patient-shot-dead
10,FAKE/HOAX,2,breitbart.com,Pollak: Democrats Pushed Impeachment While Coronavirus Spread,https://www.breitbart.com/politics/2020/03/13/pollak-democrats-pushed-impeachment-while-coronavirus-spread/
11,CONSPIRACY/JUNKSCI,2,zerohedge.com,Covid-19 & The Sun: A Lesson From The 1918 Influenza Pandemic,https://www.zerohedge.com/health/covid-19-sun-lesson-1918-influenza-pandemic
12,FAKE/HOAX,2,breitbart.com,Twitter Forces Laura Ingraham to Delete Post on Chloroquine Helping Coronavirus Patients,https://www.breitbart.com/tech/2020/03/30/twitter-forces-laura-ingraham-to-remove-tweet-about-chinese-virus-treatment/
13,FAKE/HOAX,2,n.news.naver.com,김재중 “코로나19 확진→만우절 농담”…도넘은 장난,https://n.news.naver.com/entertain/now/article/018/0004610638
14,FAKE/HOAX,1,dailystar.co.uk,,https://www.dailystar.co.uk/news/world-news/scientists-blame-coronavirus-bats-pics-21337997
15,FAKE/HOAX,1,dailymail.co.uk,Coronavirus: Videos claim to show people collapsing in Wuhan,https://www.dailymail.co.uk/news/article-7923981/coronavirus-disturbing-videos-claim-people-collapsing-wuhan.html
16,FAKE/HOAX,1,rt.com,US orders charter flight to evacuate citizens and diplomats from virus-stricken Wuhan — report,https://on.rt.com/a9qm
17,CONSPIRACY/JUNKSCI,1,off-guardian.org,,https://off-guardian.org/2020/01/24/reality-check-coronavirus-fear-porn/
18,FAKE/HOAX,1,rt.com,38 infected coronavirus patients CURED in China as epidemic rages on,https://on.rt.com/a9po
19,FAKE/HOAX,1,breaking911.com,"Los Angeles County Confirms First Case of Deadly Coronavirus, Fourth Case Confirmed In U.S. - Breaking911",https://breaking911.com/breaking-los-angeles-county-confirms-first-case-of-deadly-coronavirus-fourth-case-confirmed-in-u-s/
20,FAKE/HOAX,1,dailymail.co.uk,US health experts hosted fictional coronavirus simulation 3 months ago,https://www.dailymail.co.uk/health/article-7925475/us-health-experts-hosted-fictional-coronavirus-simulation-three-months-ago.html
