rank,fact_type,count,domain,title,url
1,FAKE/HOAX,1295,dailymail.co.uk,China's first coronavirus hospital OPENS today,https://www.dailymail.co.uk/news/article-7939075/chinas-coronavirus-hospital-opens-today.html
2,CONSPIRACY/JUNKSCI,585,zerohedge.com,North Korea's First Confirmed Coronavirus Patient Shot Dead,https://www.zerohedge.com/geopolitical/north-koreas-first-confirmed-coronavirus-patient-shot-dead
3,FAKE/HOAX,82,ibtimes.sg,North Korea's first confirmed Coronavirus COVID 19 patient shot dead: report,https://www.ibtimes.sg/north-koreas-first-confirmed-coronavirus-covid-19-patient-shot-dead-report-40042
4,FAKE/HOAX,75,ibtimes.sg,,https://www.ibtimes.sg/a000apq?utm_source=social&utm_medium=twitter&utm_campaign=/north-koreas-first-confirmed-coronavirus-covid-19-patient-shot-dead-report-40042
5,CONSPIRACY/JUNKSCI,66,zerohedge.com,"Coronavirus Contains ""HIV Insertions"", Stoking Fears Over Artificially Created Bioweapon",https://www.zerohedge.com/geopolitical/coronavirus-contains-hiv-insertions-stoking-fears-over-artificially-created-bioweapon
6,CONSPIRACY/JUNKSCI,61,peta.org,"New Coronavirus Linked to Animal Flesh, Sources Warn | PETA",http://peta.vg/2ran
7,CONSPIRACY/JUNKSCI,33,newstarget.com,"Bill Gates funded the PIRBRIGHT institute, which owns the patent on coronavirus",https://www.newstarget.com/2020-01-27-bill-gates-funded-pirbright-institute-owns-coronavirus-patent.html
8,CONSPIRACY/JUNKSCI,32,zerohedge.com,Did China Steal Coronavirus From Canada And Weaponize It?,https://www.zerohedge.com/geopolitical/did-china-steal-coronavirus-canada-and-weaponize-it
9,FAKE/HOAX,32,dailymail.co.uk,China's first coronavirus hospital OPENS today,https://www.dailymail.co.uk/news/article-7939075/chinas-coronavirus-hospital-opens-today.html?ito=amp_twitter_share-top
10,FAKE/HOAX,28,mcmnt.com,Vatican confirms Pope Francis and two aides test positive for Coronavirus - MCM,https://mcmnt.com/vatican-confirms-pope-francis-and-two-aides-test-positive-for-coronavirus/
11,FAKE/HOAX,22,dailymail.co.uk,China's first coronavirus hospital OPENS today,https://www.dailymail.co.uk/news/article-7939075/amp/chinas-coronavirus-hospital-opens-today.html?__twitter_impression=true
12,FAKE/HOAX,21,dailymail.co.uk,Killer coronavirus could be spread through the EYES,https://www.dailymail.co.uk/health/article-7926243/killer-coronavirus-spread-eyes.html?ito=amp_whatsapp_share-top
13,FAKE/HOAX,18,n.news.naver.com,김재중 “코로나19 확진→만우절 농담”…도넘은 장난,https://n.news.naver.com/entertain/now/article/018/0004610638
14,CONSPIRACY/JUNKSCI,17,truepundit.com,North Korea's First Confirmed Coronavirus Patient Shot Dead – True Pundit,https://truepundit.com/north-koreas-first-confirmed-coronavirus-patient-shot-dead/
15,CONSPIRACY/JUNKSCI,17,off-guardian.org,,https://off-guardian.org/2020/03/24/12-experts-questioning-the-coronavirus-panic/
16,CONSPIRACY/JUNKSCI,15,zerohedge.com,Creator Of US BioWeapons Act Says Coronavirus Is Biological Warfare Weapon,https://www.zerohedge.com/health/creator-bioweapons-act-says-coronavirus-biological-warfare-weapon
17,FAKE/HOAX,14,rt.com,"Chinese health chiefs warn coronavirus is growing ‘stronger’, MUTATION closely monitored by scientists",https://on.rt.com/a9rf
18,CONSPIRACY/JUNKSCI,14,zerohedge.com,Did China's Tencent Accidentally Leak The True Terrifying Coronavirus Statistics,https://www.zerohedge.com/health/did-chinas-tencent-accidentally-leak-true-terrifying-coronavirus-statistics
19,FAKE/HOAX,14,ibtimes.sg,North Korea's first confirmed Coronavirus COVID 19 patient shot dead: report,https://www.ibtimes.sg/north-koreas-first-confirmed-coronavirus-covid-19-patient-shot-dead-report-40042?utm_campaign=/north-koreas-first-confirmed-coronavirus-covid-19-patient-shot-dead-report-40042
20,FAKE/HOAX,13,summit.news,Virologist Who Visited Wuhan Says Coronavirus is “Out of Control”,https://summit.news/2020/01/24/virologist-who-visited-wuhan-says-coronavirus-is-out-of-control/
