rank,fact_type,count,domain,title,url
1,FAKE/HOAX,32,dailymail.co.uk,China's first coronavirus hospital OPENS today,https://www.dailymail.co.uk/news/article-7939075/chinas-coronavirus-hospital-opens-today.html
2,CONSPIRACY/JUNKSCI,24,zerohedge.com,North Korea's First Confirmed Coronavirus Patient Shot Dead,https://www.zerohedge.com/geopolitical/north-koreas-first-confirmed-coronavirus-patient-shot-dead
3,FAKE/HOAX,5,ibtimes.sg,,https://www.ibtimes.sg/a000apq?utm_source=social&utm_medium=twitter&utm_campaign=/north-koreas-first-confirmed-coronavirus-covid-19-patient-shot-dead-report-40042
4,CONSPIRACY/JUNKSCI,4,zerohedge.com,Did China Steal Coronavirus From Canada And Weaponize It?,https://www.zerohedge.com/geopolitical/did-china-steal-coronavirus-canada-and-weaponize-it
5,FAKE/HOAX,3,dailymail.co.uk,China's first coronavirus hospital OPENS today,https://www.dailymail.co.uk/news/article-7939075/amp/chinas-coronavirus-hospital-opens-today.html?__twitter_impression=true
6,FAKE/HOAX,3,dailymail.co.uk,15-minute coronavirus test is being used in China - but NOT in the UK,https://www.dailymail.co.uk/news/article-8083585/15-minute-coronavirus-blood-test-used-china-italy-japan-not-uk.html
7,FAKE/HOAX,3,worldnewsdailyreport.com,"Mexico: Woman infected with COVID-19 gives birth to twins, names them Corona and Virus",https://worldnewsdailyreport.com/mexico-woman-infected-with-covid-19-gives-birth-to-twins-names-them-corona-and-virus/
8,FAKE/HOAX,2,breaking911.com,Suspected Case Of Novel Coronavirus Being Investigated In Texas; Patient Being Isolated In Home - Breaking911,https://breaking911.com/breaking-suspected-case-of-novel-coronavirus-being-investigated-in-texas-patient-being-isolated-in-home/
9,FAKE/HOAX,2,dailymail.co.uk,"China's top virus lab is in Wuhan, the center of the outbreak",https://www.dailymail.co.uk/health/article-7922379/chinas-lab-studying-sars-ebola-wuhan-outbreaks-center.html
10,FAKE/HOAX,2,dailymail.co.uk,Killer coronavirus could be spread through the EYES,https://www.dailymail.co.uk/health/article-7926243/killer-coronavirus-spread-eyes.html?ito=amp_whatsapp_share-top
11,FAKE/HOAX,2,express.co.uk,Coronavirus CURE? China says new treatment tested on nurses 'successful',https://www.express.co.uk/news/world/1233644/coronavirus-china-virus-vaccine-treatment-cure-symptoms
12,CONSPIRACY/JUNKSCI,2,zerohedge.com,Is This The Man Behind The Global Coronavirus Pandemic?,https://www.zerohedge.com/health/man-behind-global-coronavirus-pandemic
13,FAKE/HOAX,2,dailymail.co.uk,China's first coronavirus hospital OPENS today,https://www.dailymail.co.uk/news/article-7939075/chinas-coronavirus-hospital-opens-today.html?ito=facebook_share_article-top
14,CONSPIRACY/JUNKSCI,2,cbn.com,'This Situation Is so Critical': A Chinese Pastor's Message to Christians From Ground Zero of the Coronavirus,https://www1.cbn.com/cbnnews/cwn/2020/january/this-situation-is-so-critical-a-chinese-pastors-message-to-christians-from-ground-zero-of-the-coronavirus?cid=eu_cwn-20200131-prod_dm38574&bid=841598385&inid=c5db370e-1955-40ed-97e8-e489e9eafa65
15,FAKE/HOAX,2,dailystar.co.uk,,https://www.dailystar.co.uk/news/latest-news/breaking-five-british-nationals-test-21455199
16,FAKE/HOAX,2,ibtimes.sg,North Korea's first confirmed Coronavirus COVID 19 patient shot dead: report,https://www.ibtimes.sg/north-koreas-first-confirmed-coronavirus-covid-19-patient-shot-dead-report-40042
17,FAKE/HOAX,2,rt.com,"Coronavirus death toll in Italy rises to 366 from 233 in one day, most cases in Lombardy",https://on.rt.com/ace6
18,FAKE/HOAX,2,rt.com,,https://on.rt.com/ace7
19,FAKE/HOAX,2,breitbart.com,Pollak: Democrats Pushed Impeachment While Coronavirus Spread,https://www.breitbart.com/politics/2020/03/13/pollak-democrats-pushed-impeachment-while-coronavirus-spread/
20,CONSPIRACY/JUNKSCI,2,peta.org,"New Coronavirus Linked to Animal Flesh, Sources Warn | PETA",http://peta.vg/2ran
