date;EPI_confirmed_cum;EPI_dead_cum;EPI_recovered_cum;ECO_price_open;ECO_price_high;ECO_price_low;ECO_price_close;ECO_market_cap;TWI_num;TWI_num_en;TWI_num_locallangs;TWI_num_unvhum;TWI_num_unvbot;TWI_num_verbot;TWI_num_verhum;TWI_num_unk;TWI_fol_all;TWI_fol_unvhum;TWI_fol_unvbot;TWI_fol_verbot;TWI_fol_verhum;TWI_fol_unk;EMO_Sentiment;EMO_Sentiment_stderr;EMO_VAD_V;EMO_VAD_A;EMO_VAD_D;EMO_VAD_V_stderr;EMO_VAD_A_stderr;EMO_VAD_D_stderr;EMO_Big5_O;EMO_Big5_C;EMO_Big5_E;EMO_Big5_A;EMO_Big5_N;EMO_Big5_O_stderr;EMO_Big5_C_stderr;EMO_Big5_E_stderr;EMO_Big5_A_stderr;EMO_Big5_N_stderr;FAC_num_reliable;FAC_num_unreliable;FAC_num_unknown;FAC_fol_reliable;FAC_fol_unreliable;FAC_fol_unknown;FAC_reliabile_num_local;FAC_reliabile_num_foreign;FAC_unreliabile_num_local;FAC_unreliabile_num_foreign;FAC_reliabile_fol_local;FAC_reliabile_fol_foreign;FAC_unreliabile_fol_local;FAC_unreliabile_fol_foreign;local_languages;FAC_reliabile_num_00;FAC_reliabile_num_01;FAC_reliabile_num_10;FAC_reliabile_num_11;FAC_unreliabile_num_00;FAC_unreliabile_num_01;FAC_unreliabile_num_10;FAC_unreliabile_num_11;FAC_reliabile_fol_00;FAC_reliabile_fol_01;FAC_reliabile_fol_10;FAC_reliabile_fol_11;FAC_unreliabile_fol_00;FAC_unreliabile_fol_01;FAC_unreliabile_fol_10;FAC_unreliabile_fol_11;EMO_Sentiment_min;EMO_Sentiment_max;iso3
2020-01-22;0;0;0;;;;;;5535.0;380.0;5018.0;3492.0;1956.0;;87.0;;145265624.0;8211619.0;35940472.0;;101113533.0;;-0.13089114754098385;0.02964245292449157;5.379365937428097;5.15529405676267;4.177205788680151;0.03894253176703565;0.02797463610828178;0.027202454789927142;-0.0005069581280788178;-0.0002420147783251232;-0.028841276272577977;0.00041172660098522156;0.07909818798065651;0.0003653888256708669;0.0002420147783251232;0.0021550374482233853;0.0004084189822839994;0.0018400253448687613;232.0;745.0;1372.0;381560.0;919425.0;112382745.0;173.0;59.0;705.0;40.0;307631.0;73929.0;880839.0;38586.0;['es'];172.0;59.0;;1.0;468.0;275.0;;2.0;221967.0;107965.0;;51628.0;338598.0;475012.0;;105815.0;-0.16053360046547543;-0.10124869461649229;ECU
2020-01-23;0;0;0;;;;;;7906.0;647.0;6995.0;4841.0;2934.0;1.0;126.0;4.0;158565338.0;11334027.0;36206938.0;6151.0;111018222.0;0.0;-0.19036375968992247;0.01858009299478039;5.2056694336506215;5.035832900948044;4.481292862274907;0.035619713671007885;0.02484879055061797;0.022156722109696655;-0.0005219087078651687;-0.00013800280898876405;-0.014957922518726581;-9.570084269662928e-05;0.07571138642869288;0.0003126795630375347;0.00013800280898876397;0.0014754817861809789;0.0003396280422534345;0.0013046303390846403;258.0;1013.0;1377.0;463552.0;1131653.0;121392821.0;163.0;95.0;938.0;75.0;301278.0;162274.0;1022557.0;109096.0;['es'];169.0;89.0;;;620.0;391.0;;2.0;189912.0;273640.0;;;681190.0;384807.0;;65656.0;-0.20894385268470286;-0.17178366669514208;ECU
2020-01-24;0;0;0;;;;;;9214.0;780.0;8011.0;5769.0;3342.0;3.0;100.0;;161592633.0;16665146.0;34359085.0;12162.0;110556240.0;;-0.048904982206405725;0.022575223019533956;5.3882724131099335;5.275140988590046;4.3682766709438665;0.039623215832740574;0.0267731950379749;0.01877894833452682;-0.0006231726618705036;0.0009251706634692244;-0.02229598772981617;0.00122106554756195;0.06765745280128826;0.000291919239282241;0.00042905127311882786;0.0016321641150224865;0.0004093594481797794;0.0017585258084190894;327.0;1303.0;1468.0;1953388.0;1726294.0;113987617.0;177.0;150.0;1198.0;105.0;1490912.0;462476.0;1567835.0;158459.0;['es'];219.0;105.0;;3.0;823.0;480.0;;;303104.0;965277.0;;685007.0;776155.0;950139.0;;;-0.07148020522593967;-0.02632975918687177;ECU
2020-01-25;0;0;0;;;;;;7179.0;867.0;5802.0;4568.0;2553.0;;58.0;;91431030.0;6206774.0;18053134.0;;67171122.0;;-0.14271884297520634;0.02152922269049225;5.232935320559824;5.155645499577042;4.271471115486083;0.033943480341228044;0.02342755839327297;0.01856937044256348;-0.0018662817073170726;5.337804878048838e-06;-0.02228025272357726;0.0008877965447154465;0.06445972772269729;0.000553418252717499;0.0004973646624230365;0.0017802886090328316;0.0006987978334014716;0.0018909883260866452;356.0;637.0;852.0;1665376.0;693387.0;63097645.0;186.0;170.0;595.0;42.0;1388663.0;276713.0;644908.0;48479.0;['es'];240.0;112.0;;4.0;411.0;225.0;;1.0;289117.0;665227.0;;711032.0;295971.0;318137.0;;79279.0;-0.1642480656656986;-0.1211896202847141;ECU
2020-01-26;0;0;0;;;;;;5686.0;985.0;4297.0;3656.0;1993.0;3.0;34.0;;53443432.0;6008331.0;10904676.0;267785.0;36262640.0;;-0.09853166666666684;0.0207546044770564;5.2330162525762445;5.211592780173541;4.25062749428982;0.02926595673786448;0.0214791675693218;0.017020041458935674;-0.0006000885714285714;-0.0010099723809523806;-0.021875122476190542;0.0007710380952380947;0.06830138205204839;0.00035127840473024347;0.0003136907038271517;0.001438956691042352;0.0004051478702068723;0.0014790177481979595;329.0;400.0;650.0;943274.0;908151.0;37814730.0;174.0;155.0;323.0;77.0;678328.0;264946.0;691917.0;216234.0;['es'];221.0;106.0;;2.0;257.0;143.0;;;340137.0;537515.0;;65622.0;402360.0;505791.0;;;-0.11928627114372324;-0.07777706218961043;ECU
2020-01-27;0;0;0;;;;;;29354.0;1200.0;27027.0;18728.0;10341.0;8.0;277.0;;324942902.0;35771041.0;72031941.0;397028.0;216742892.0;;-0.16127809307604946;0.01860873679106767;5.139464635408685;5.172655153826176;4.3321676821268;0.024365153852275816;0.018515847202154455;0.016289467993542306;-0.0012855225225225225;-0.0022333993993993995;-0.022016947072072177;0.0012130176176176173;0.06973662899419532;0.00033778470371851726;0.0004455375811959038;0.0013092899157709599;0.0003213419632832523;0.0014829215957226714;918.0;1460.0;3234.0;2663183.0;3049794.0;169031941.0;730.0;188.0;1332.0;128.0;2367446.0;295737.0;2483064.0;566730.0;['es'];585.0;326.0;2.0;5.0;909.0;544.0;;7.0;966904.0;895582.0;26504.0;774193.0;916025.0;1082219.0;;1051550.0;-0.17988682986711713;-0.14266935628498179;ECU
2020-01-28;0;0;0;;;;;;24143.0;1091.0;22178.0;15073.0;8814.0;9.0;247.0;;339724087.0;30240934.0;83447046.0;352478.0;225683629.0;;-0.0218470284237726;0.019547472431416187;5.239720635606736;5.227187203504833;4.254486610160127;0.029695768960223436;0.020577452839330882;0.016649165309253974;-0.0015608756345177664;-0.0008293950930626055;-0.022253407440979873;0.002016867759989589;0.07002308702387383;0.00039897578137458367;0.0003451778479118032;0.0014573029872600807;0.0005235747972021341;0.0015233899542445475;627.0;823.0;2297.0;1294544.0;1420293.0;184294963.0;467.0;160.0;729.0;94.0;901536.0;393008.0;1342434.0;77859.0;['es'];415.0;211.0;;1.0;510.0;311.0;;2.0;485984.0;604770.0;;203790.0;483574.0;492820.0;;443899.0;-0.04139450085518879;-0.002299555992356414;ECU
2020-01-29;0;0;0;;;;;;15596.0;802.0;14177.0;9756.0;5602.0;15.0;223.0;;310936333.0;23217407.0;95396150.0;481190.0;191841586.0;;-0.04518606701940037;0.021511330722416483;5.276866858455095;5.208175651146244;4.296299464336236;0.032753834674054766;0.023239693149989398;0.018791585159830454;-0.0005586144067796611;-0.0005037994350282486;-0.024191580979284324;0.0007617437346081412;0.074640066102612;0.0004535180368257572;0.0002987277797010752;0.0017094694485623161;0.00048212833845381555;0.001632554896273552;176.0;390.0;1035.0;484925.0;533984.0;75327807.0;85.0;91.0;353.0;37.0;237809.0;247116.0;473963.0;60021.0;['es'];111.0;64.0;;1.0;243.0;146.0;;1.0;156948.0;195444.0;;132533.0;269607.0;185098.0;;79279.0;-0.06669739774181685;-0.023674736296983884;ECU
2020-01-30;0;0;0;;;;;;19133.0;1261.0;16886.0;11771.0;7099.0;8.0;255.0;;328986878.0;27993918.0;82565439.0;221764.0;218205757.0;;-0.06077730192719489;0.016984750384629772;5.234325139047568;5.176076521726639;4.291634477327507;0.02633963260946497;0.019733531580275254;0.01519987503527716;-0.0006328059360730593;2.8092465753424724e-05;-0.028133769328930303;0.00138028299086758;0.07362579212542057;0.0002713545428956587;0.00023708284945243198;0.0014239780591361914;0.00035735230467720254;0.001321516235518295;415.0;317.0;1736.0;1035933.0;675006.0;112605674.0;260.0;155.0;269.0;48.0;682923.0;353010.0;517734.0;157272.0;['es'];257.0;157.0;;1.0;189.0;128.0;;;422671.0;580451.0;;32811.0;194423.0;480583.0;;;-0.07776205231182466;-0.04379255154256512;ECU
2020-01-31;0;0;0;;;;;;17737.0;1095.0;15956.0;11156.0;6372.0;3.0;206.0;;313773037.0;18011699.0;84157736.0;69959.0;211533643.0;;-0.10805576694411388;0.01809873247259959;5.190563965965521;5.207315116626013;4.316341289408592;0.027928476183939968;0.020270607514454177;0.01659475256334475;-0.0012666676136363635;-0.0010502970328282826;-0.027652022207191058;-8.3244791666667e-05;0.07186693916714139;0.0003860124157624351;0.00032711974133108903;0.0014772292794890058;0.0005082850062139497;0.001495207660705351;324.0;377.0;1709.0;607279.0;713403.0;95739917.0;208.0;116.0;310.0;67.0;374070.0;233209.0;643660.0;69743.0;['es'];220.0;104.0;;;237.0;140.0;;;382240.0;225039.0;;;231481.0;481922.0;;;-0.12615449941671347;-0.08995703447151429;ECU
2020-02-01;0;0;0;;;;;;10548.0;800.0;9439.0;6787.0;3619.0;1.0;141.0;;158879345.0;12967595.0;38786821.0;18561.0;107106368.0;;-0.14569802955665032;0.020449769668960442;5.224456637782769;5.219733228045694;4.29237727350675;0.030214312715098363;0.022045870446868704;0.017430496929597673;-0.0018480774193548387;-0.0015449155145929336;-0.023081866705069155;0.0004985818740399381;0.07261061014463248;0.00048077306163277;0.0004514733086910068;0.00171785384247064;0.0005475899844757251;0.001730969592814449;142.0;256.0;795.0;336242.0;468456.0;40977536.0;61.0;81.0;232.0;24.0;122027.0;214215.0;446018.0;22438.0;['es'];108.0;32.0;;2.0;168.0;87.0;;1.0;164276.0;119557.0;;52409.0;156206.0;232971.0;;79279.0;-0.16614779922561076;-0.12524825988768987;ECU
2020-02-02;0;0;0;;;;;;8978.0;696.0;7914.0;5422.0;3458.0;5.0;93.0;;116770923.0;10698266.0;28771284.0;92805.0;77208568.0;;-0.0914020161290322;0.024393764857467318;5.229060201560992;5.216198452970844;4.321603960137692;0.03574093943688677;0.025155206167373496;0.018264028081933524;-0.0005814972602739727;-0.00013362739726027398;-0.021299648447488544;0.00131233904109589;0.0721409084674232;0.00025987752931398234;0.000133627397260274;0.0018206522522393887;0.0004197615848735474;0.0016800514138599087;149.0;376.0;369.0;229847.0;881906.0;32132363.0;63.0;86.0;318.0;58.0;106737.0;123110.0;790673.0;91233.0;['es'];90.0;59.0;;;212.0;163.0;;1.0;97225.0;132622.0;;;278077.0;356201.0;;247628.0;-0.11579578098649952;-0.06700825127156489;ECU
2020-02-03;0;0;0;;;;;;8843.0;627.0;8001.0;5502.0;3231.0;2.0;108.0;;165973105.0;12731922.0;35301452.0;77466.0;117862265.0;;-0.17228269617706254;0.023168189539451243;5.054284285598887;5.098385362421602;4.372986687637944;0.03614974007276558;0.024909967549453443;0.02050324113454686;-0.0008601604938271606;-0.0010463518518518515;-0.025609443166350075;0.000877280658436214;0.07623215071799548;0.00047416146971189727;0.0004418577787686245;0.0018781501790780227;0.0003985719033343;0.0016243692416165734;157.0;176.0;997.0;262543.0;245217.0;69497016.0;81.0;76.0;157.0;19.0;117161.0;145382.0;233249.0;11968.0;['es'];104.0;53.0;;;102.0;74.0;;;168930.0;93613.0;;;134316.0;110901.0;;;-0.19545088571651378;-0.1491145066376113;ECU
2020-02-04;0;0;0;;;;;;9432.0;601.0;8539.0;5890.0;3368.0;1.0;173.0;;252810623.0;21574033.0;59642196.0;8727.0;171585667.0;;-0.13811914414414414;0.02537906400145986;5.1358127971740295;5.136272840939949;4.340525921252974;0.03935463862095343;0.026268893380974438;0.020860704971080026;-0.0012192765392781315;-0.00035095859872611465;-0.021990226539278096;9.772983014861974e-05;0.07456510077446431;0.00048726648832156806;0.00024953887964358106;0.0018730982325681552;0.0005492751941539215;0.0017027190741790489;118.0;164.0;878.0;219013.0;239534.0;84050739.0;47.0;71.0;138.0;26.0;71159.0;147854.0;210592.0;28942.0;['es'];84.0;33.0;;1.0;101.0;63.0;;;136671.0;49531.0;;32811.0;85266.0;154268.0;;;-0.163498208145604;-0.11274008014268427;ECU
2020-02-05;0;0;0;;;;;;9772.0;702.0;8791.0;6226.0;3419.0;1.0;126.0;;181694023.0;11443627.0;46052634.0;18561.0;124179201.0;;-0.11858080808080808;0.024289323950138192;5.214917558028112;5.188935323035777;4.280619934958009;0.03836877745996695;0.02567643974680409;0.018784205453467536;-0.0020871084280303033;-0.0009861619318181814;-0.025392023674242398;0.000354528409090909;0.07187985424854487;0.000521327287919945;0.00042277534867757533;0.0018838309793609894;0.0005652072899791854;0.0018241119382195509;250.0;133.0;833.0;738207.0;231519.0;48213653.0;176.0;74.0;98.0;35.0;572904.0;165303.0;174293.0;57226.0;['es'];160.0;90.0;;;89.0;44.0;;;242303.0;495904.0;;;88222.0;143297.0;;;-0.14287013203094628;-0.09429148413066989;ECU
2020-02-06;0;0;0;;;;;;8846.0;592.0;7894.0;5563.0;3174.0;;109.0;;163052053.0;14528661.0;39084827.0;;109438565.0;;-0.17063660130718952;0.024603693383355833;5.1343404147622165;5.1410519958219645;4.363433151789727;0.04020743056012134;0.02723400577042798;0.02000088985235211;-0.0008127733585858585;-0.0007684696969696968;-0.023298628309884543;0.0019614611742424237;0.06899396030365887;0.00041294045938150266;0.00038260852990382643;0.0023050029346621172;0.0006677972964079911;0.002324090598548064;199.0;377.0;770.0;500712.0;703917.0;53936139.0;128.0;71.0;352.0;25.0;368602.0;132110.0;665480.0;38437.0;['es'];141.0;58.0;;;233.0;141.0;;3.0;266488.0;234224.0;;;184579.0;327969.0;;191369.0;-0.19524029469054535;-0.1460329079238337;ECU
2020-02-07;0;0;0;;;;;;8660.0;566.0;7805.0;5431.0;3110.0;;119.0;;150230227.0;10235466.0;32145474.0;;107849287.0;;-0.150344675925926;0.02650773986943637;5.166908735242762;5.220888522763263;4.302813325737711;0.03912907487390315;0.02733198752892995;0.02102744720343564;-0.0026377228195937873;-0.002260689366786141;-0.027346463142174385;-0.00021446799466960772;0.07722188337600262;0.0007557924375309094;0.0006335828172154245;0.0020102786010706857;0.0006225989642511852;0.0017615125703377144;219.0;319.0;782.0;432600.0;562890.0;47637274.0;124.0;95.0;302.0;17.0;295481.0;137119.0;541200.0;21690.0;['es'];143.0;76.0;;;200.0;119.0;;;180393.0;252207.0;;;165903.0;396987.0;;;-0.17685241579536237;-0.12383693605648964;ECU
2020-02-08;0;0;0;;;;;;6467.0;609.0;5685.0;4004.0;2354.0;;109.0;;117511670.0;8185561.0;33445188.0;;75880921.0;;-0.1402862831858409;0.0250377404195737;5.079347775961417;5.116427388688753;4.309774096274095;0.044525115539842536;0.031107678128657317;0.020470752955407456;-0.0015584155405405403;-0.0008728547297297296;-0.022239833220720692;-0.00015646069819819842;0.07782000047567854;0.0004627479485407849;0.00038841325159792516;0.001840468436936423;0.0005201161154425311;0.0014968982104697373;223.0;152.0;418.0;626017.0;182134.0;31580827.0;117.0;106.0;139.0;13.0;485682.0;140335.0;155473.0;26661.0;['es'];139.0;81.0;;3.0;95.0;56.0;;1.0;239640.0;61510.0;;324867.0;97199.0;52124.0;;32811.0;-0.16532402360541462;-0.11524854276626721;ECU
2020-02-09;0;0;0;;;;;;5000.0;537.0;4290.0;3081.0;1858.0;1.0;60.0;;74985864.0;3502498.0;12040837.0;18561.0;59423968.0;;-0.11902558685445988;0.02438164884709797;5.074366158334211;5.129050991323571;4.313778100863279;0.04548483637646535;0.032837152145213;0.0222065754299082;-0.0007478981481481483;-0.00022019444444444438;-0.024744932473544947;0.0009521726190476188;0.07691254283799764;0.0003486949803926241;0.00022019444444444433;0.0021302529785331885;0.0004728863573084905;0.0019308826777371191;119.0;147.0;433.0;181973.0;320415.0;38156252.0;46.0;73.0;130.0;17.0;50227.0;131746.0;303690.0;16725.0;['es'];68.0;51.0;;;84.0;62.0;;1.0;108309.0;73664.0;;;44673.0;196463.0;;79279.0;-0.14340723570155786;-0.09464393800736191;ECU
2020-02-10;0;0;0;;;;;;5327.0;461.0;4610.0;3396.0;1865.0;2.0;64.0;;90137738.0;7332267.0;20572418.0;21211.0;62211842.0;;-0.1044898550724636;0.027461911858418654;5.180637210184164;5.188160756000369;4.299919983739518;0.04752917347084326;0.034367173419286905;0.02437281906597316;-0.0003592883333333334;0.000966665;-0.02522287058333333;0.00150201;0.07686205890277786;0.0004420689573119313;0.000479706589252992;0.0023852279061558233;0.0004853360560332703;0.002112459030889771;90.0;196.0;458.0;123223.0;247455.0;34345052.0;50.0;40.0;169.0;27.0;61405.0;61818.0;216736.0;30719.0;['es'];61.0;28.0;1.0;;122.0;74.0;;;83829.0;34651.0;4743.0;;111107.0;136348.0;;;-0.13195176693088226;-0.07702794321404494;ECU
2020-02-11;0;0;0;;;;;;5697.0;548.0;4938.0;3632.0;1995.0;1.0;69.0;;100184702.0;6017065.0;26302921.0;43536.0;67821180.0;;-0.1399290094339622;0.024800615866892004;5.116366202917775;5.150252310561743;4.313525537787776;0.0390172331479437;0.028050749683645324;0.022057873789874;-0.0008250383141762452;-0.00024170689655172404;-0.01871854437567541;0.001536923371647509;0.07320083386243377;0.00036724900055111004;0.00044094380336068533;0.002237080664596065;0.0006427392748439061;0.0020227555189621872;159.0;184.0;737.0;466155.0;231867.0;41311633.0;91.0;68.0;165.0;19.0;244126.0;222029.0;62983.0;168884.0;['es'];100.0;58.0;;1.0;111.0;72.0;;1.0;150784.0;182838.0;;132533.0;71454.0;27880.0;;132533.0;-0.1647296253008542;-0.11512839356707019;ECU
2020-02-12;0;0;0;;;;;;4768.0;487.0;4065.0;2971.0;1749.0;;48.0;;75377016.0;5484643.0;13260623.0;;56631750.0;;-0.07575267605633802;0.02580994468048364;5.255092484344552;5.2187918299943155;4.269772330172119;0.04174490393976113;0.029271287306411507;0.024309596188302644;-0.0004582741116751269;-0.00046992893401015225;-0.025380219120135352;0.0011661624365482232;0.07278323662879703;0.0003247960597846293;0.0003320712613582247;0.0024147998259621047;0.00044848312945590087;0.002446526031730071;101.0;179.0;446.0;160956.0;431020.0;27064448.0;63.0;38.0;168.0;11.0;89073.0;71883.0;424700.0;6320.0;['es'];69.0;32.0;;;107.0;71.0;;1.0;109903.0;51053.0;;;104632.0;247109.0;;79279.0;-0.10156262073682167;-0.04994273137585438;ECU
2020-02-13;0;0;0;;;;;;4563.0;527.0;3810.0;2852.0;1664.0;;47.0;;66612984.0;6405113.0;11409614.0;;48798257.0;;-0.10074916666666664;0.02735923057820804;5.338474776193603;5.2900707089391625;4.329626172628975;0.040574213400816336;0.02796164309206171;0.02364690336665546;-0.001980384387351779;-0.001696790513833992;-0.0226532176265763;0.0001908889986824768;0.07136162170932937;0.0005603946621153021;0.0006321914769697474;0.0021188133538211306;0.0006027512216019756;0.0021957128724330644;123.0;206.0;345.0;322544.0;204919.0;24139647.0;58.0;65.0;190.0;16.0;217930.0;104614.0;187665.0;17254.0;['es'];78.0;45.0;;;128.0;78.0;;;115987.0;206557.0;;;98527.0;106392.0;;;-0.1281083972448747;-0.0733899360884586;ECU
2020-02-14;0;0;0;;;;;;3048.0;387.0;2523.0;1911.0;1082.0;2.0;53.0;;68867257.0;4200468.0;13466276.0;6625.0;51193888.0;;-0.1428518115942028;0.031511223763045444;5.232045316756953;5.1857805921159885;4.301406833494707;0.04626333283319013;0.03380626277402449;0.02594960173605114;-0.0015252319587628867;-0.0017981597938144327;-0.02807647903780068;-0.00036343127147766337;0.07229721991318501;0.0005681225062519348;0.0006697402335216137;0.0023725919153681878;0.0008545252280557037;0.0024491100736370557;119.0;207.0;405.0;192900.0;272836.0;26613300.0;58.0;61.0;170.0;37.0;56019.0;136881.0;153488.0;119348.0;['es'];64.0;55.0;;;144.0;62.0;;1.0;147891.0;45009.0;;;135042.0;58515.0;;79279.0;-0.17436303535724823;-0.11134058783115736;ECU
2020-02-15;0;0;0;;;;;;2902.0;330.0;2429.0;1845.0;1012.0;1.0;44.0;;57147721.0;1761527.0;9244580.0;55199.0;46086415.0;;-0.10328443579766516;0.033476463402267925;5.200650823240358;5.182873418399095;4.351815934630978;0.052702441223992896;0.03730420711692303;0.02710328360466361;-0.0011104832285115304;-0.0010899190775681342;-0.025419190880503168;0.0013762044025157224;0.07561295812618551;0.0005116581109616;0.0005747786054445478;0.0028516979530218665;0.0008061818882534947;0.002814329901624113;120.0;140.0;546.0;184645.0;57086.0;27486753.0;65.0;55.0;125.0;15.0;126520.0;58125.0;50250.0;6836.0;['es'];79.0;41.0;;;99.0;41.0;;;84773.0;99872.0;;;45071.0;12015.0;;;-0.1367608991999331;-0.06980797239539724;ECU
2020-02-16;0;0;0;;;;;;2076.0;293.0;1710.0;1232.0;809.0;;35.0;;50428488.0;2089401.0;7230270.0;;41108817.0;;-0.08441565656565655;0.03865329588818598;5.202252544950091;5.187926196571282;4.364431644496377;0.05983261712933999;0.042927396086631146;0.02758368880887568;-0.0008612;0.00011253095238095236;-0.03368265714285716;0.0004710107142857142;0.07907776984868309;0.0004850670415356754;0.00011253095238095236;0.0025611188200272035;0.0003425339377664417;0.002086509049788535;88.0;78.0;376.0;163185.0;175266.0;21100403.0;31.0;57.0;68.0;10.0;111876.0;51309.0;160826.0;14440.0;['es'];53.0;35.0;;;50.0;28.0;;;109370.0;53815.0;;;58724.0;116542.0;;;-0.12306895245384253;-0.045762360677470575;ECU
2020-02-17;0;0;0;;;;;;4469.0;314.0;3983.0;2811.0;1578.0;;80.0;;109134696.0;10310818.0;22965666.0;;75858212.0;;-0.0421090909090909;0.03554511005186446;5.259890318516829;5.226547123113388;4.316786534081716;0.0576475537626737;0.03711523412940719;0.02844163701342319;1.4557575757575766e-05;0.0;-0.024356671363636395;0.0005182257575757574;0.0748051987973895;0.0003516157238335208;0.0;0.0024747540331392388;0.0007011029682546322;0.0023408400456519964;137.0;183.0;682.0;389895.0;280959.0;28178209.0;102.0;35.0;161.0;22.0;127461.0;262434.0;262677.0;18282.0;['es'];79.0;58.0;;;120.0;63.0;;;77009.0;312886.0;;;187170.0;93789.0;;;-0.07765420096095536;-0.00656398085722644;ECU
2020-02-18;0;0;0;;;;;;3569.0;386.0;2950.0;2322.0;1181.0;3.0;63.0;;71529270.0;5971036.0;13960593.0;12851.0;51584790.0;;-0.2034014440433213;0.032274317314147184;5.255634582298044;5.208833215929362;4.356573325445919;0.04516552467911017;0.031055989427586212;0.024858419389928003;-0.0007590984848484849;-0.0005473425925925927;-0.015055885437710453;0.002774782828282828;0.06883117317110499;0.00044488293785424637;0.000341749198663546;0.0028573070504285267;0.0007586611713816321;0.00247731993204762;88.0;141.0;471.0;208768.0;186919.0;23889423.0;44.0;44.0;115.0;26.0;119455.0;89313.0;161583.0;25336.0;['es'];63.0;24.0;;1.0;99.0;41.0;;1.0;102439.0;94964.0;;11365.0;65351.0;42289.0;;79279.0;-0.23567576135746848;-0.17112712672917413;ECU
2020-02-19;0;0;0;;;;;;3368.0;440.0;2806.0;2066.0;1244.0;1.0;57.0;;79701626.0;5430703.0;17061447.0;4054.0;57205422.0;;-0.0796240624999999;0.029530364855822763;5.216944116159857;5.2327720425764035;4.332347545561812;0.04582872730228266;0.03129511402672812;0.02320070182718182;-0.002032701357466063;-0.0016225671191553545;-0.015469109513036003;0.0028860339366515828;0.0683428912411119;0.000652508802520797;0.0005830706408259423;0.00261756558335933;0.0007313199010808441;0.0024727429434064307;68.0;168.0;435.0;137844.0;167949.0;31832243.0;41.0;27.0;156.0;12.0;56181.0;81663.0;152019.0;15930.0;['es'];39.0;29.0;;;96.0;72.0;;;54502.0;83342.0;;;99194.0;68755.0;;;-0.10915442735582266;-0.050093697644177135;ECU
2020-02-20;0;0;0;;;;;;3041.0;478.0;2428.0;1926.0;1059.0;2.0;54.0;;86928437.0;2881079.0;18152713.0;56788.0;65837857.0;;-0.060494586894586866;0.028933354591085505;5.284140507615908;5.2212675151754215;4.344009520215308;0.0450325844290118;0.030944025923462924;0.023066740327402385;-0.0005660995850622408;-0.0004468941908713693;-0.027096807123098168;0.001603244813278008;0.07400828015244322;0.00043317597470590735;0.0004321245552910352;0.002243878720548308;0.00047519865427969805;0.0020893980200957668;73.0;193.0;453.0;155619.0;407208.0;34248868.0;31.0;42.0;183.0;10.0;79005.0;76614.0;317284.0;89924.0;['es'];49.0;24.0;;;115.0;77.0;;1.0;84216.0;71403.0;;;192611.0;135318.0;;79279.0;-0.08942794148567237;-0.03156123230350136;ECU
2020-02-21;0;0;0;;;;;;3569.0;627.0;2623.0;2362.0;1155.0;;52.0;;81789591.0;3399455.0;10154617.0;;68235519.0;;-0.0995469387755102;0.024772979091861227;5.3013270026034425;5.265398750831012;4.297928756741279;0.039114227870445335;0.026886625543668302;0.020165167919125943;-0.001174216772151899;-0.0007721914556962025;-0.02881761425557565;0.0008371983122362867;0.07493165756586627;0.0004594784282845952;0.00042785477896281984;0.0018459376154604567;0.0004313834350724283;0.001748034832929894;125.0;133.0;473.0;380845.0;91015.0;29437800.0;50.0;75.0;99.0;34.0;197233.0;183612.0;72347.0;18668.0;['es'];88.0;37.0;;;88.0;45.0;;;202276.0;178569.0;;;69295.0;21720.0;;;-0.12431991786737143;-0.07477395968364897;ECU
2020-02-22;0;0;0;;;;;;3293.0;417.0;2656.0;2037.0;1225.0;1.0;30.0;;51146110.0;2792021.0;15194230.0;4743.0;33155116.0;;-0.12376677740863788;0.029430275317960664;5.3358255618061134;5.312291353299277;4.244009864854967;0.04031176719773291;0.031051209237692057;0.022089664073976226;-0.001429574358974359;7.53948717948718e-05;-0.033443778217338176;-0.0003218820512820513;0.07684496767251273;0.0007109560518930006;0.0006613092937705894;0.0021919509828219586;0.0006220824623918613;0.0020606833534202594;98.0;117.0;269.0;154906.0;228188.0;10558199.0;32.0;66.0;107.0;10.0;89136.0;65770.0;217947.0;10241.0;['es'];64.0;34.0;;;74.0;43.0;;;72498.0;82408.0;;;73714.0;154474.0;;;-0.15319705272659856;-0.09433650209067722;ECU
2020-02-23;0;0;0;;;;;;4103.0;495.0;3266.0;2606.0;1454.0;1.0;42.0;;50477130.0;4748365.0;11849546.0;4743.0;33874476.0;;-0.11685971428571425;0.027655640561497274;5.326860440954644;5.30678530775451;4.320579698984594;0.041281190469957166;0.030045170352659006;0.021089663054245308;-0.0003826692913385826;0.0005584507874015748;-0.02759049662542177;0.00023383398950131215;0.07625775901336197;0.0004323199951412645;0.00032634061078262234;0.0019997583195132157;0.0005066320067148705;0.0017958816081975863;132.0;117.0;283.0;521312.0;308664.0;20114912.0;54.0;78.0;97.0;20.0;274049.0;247263.0;287106.0;21558.0;['es'];86.0;44.0;;2.0;82.0;33.0;;2.0;115764.0;140482.0;;265066.0;117176.0;32930.0;;158558.0;-0.1445153548472115;-0.08920407372421697;ECU
2020-02-24;0;0;0;;;;;;8960.0;872.0;7643.0;5509.0;3380.0;1.0;70.0;;75674252.0;9283542.0;20721632.0;230663.0;45438415.0;;-0.13462881646655228;0.021533303776252;5.328534609151443;5.312793143664165;4.282415991686794;0.0288094793063359;0.0213377302295508;0.015920890102398368;-0.00028834137931034486;-0.00012225057471264368;-0.028151380405035675;0.0014254005747126436;0.07414670038463445;0.00021214563331944182;0.00011330195217931233;0.0017148656604996598;0.000428207725161774;0.0015257127631027967;248.0;255.0;725.0;506769.0;629006.0;35687328.0;146.0;102.0;233.0;22.0;342901.0;163868.0;596798.0;32208.0;['es'];164.0;83.0;;1.0;162.0;92.0;;1.0;275874.0;198084.0;;32811.0;219055.0;93347.0;;316604.0;-0.1561621202428043;-0.11309551269030028;ECU
2020-02-25;0;0;0;;;;;;10933.0;1029.0;9348.0;6773.0;4089.0;3.0;68.0;;74458361.0;11002777.0;22021483.0;4524.0;41429577.0;;-0.07110366197183103;0.019113343770012583;5.35063458333717;5.349080203591977;4.2687227122596765;0.02475184405388612;0.018282549339323672;0.014826071719382229;-0.0005997203703703704;-0.000368237037037037;-0.029647322680776137;0.0008617510802469133;0.07478118215387987;0.00027677593886305484;0.0002744645624093397;0.0013956902547929831;0.00033845795780018006;0.001231628174419604;267.0;560.0;663.0;294846.0;1747946.0;30981053.0;173.0;94.0;496.0;64.0;151082.0;143764.0;1645036.0;102910.0;['es'];184.0;83.0;;;352.0;205.0;;3.0;224368.0;70478.0;;;551315.0;905540.0;;291091.0;-0.09021700574184362;-0.051990318201818445;ECU
2020-02-26;0;0;0;;;;;;13739.0;787.0;12308.0;8343.0;5229.0;1.0;166.0;;168086234.0;16305582.0;37870742.0;8727.0;113901183.0;;-0.12750497237569047;0.02249738563453009;5.3524450642098405;5.306754592097644;4.311715677271791;0.0320190166938734;0.022030599686223357;0.01908457022057433;-0.0010398385922330098;-0.0004906703074433657;-0.027312410598705556;0.0002272728155339805;0.07477535908127729;0.000492924327441745;0.00043653755482140385;0.0016074406395502046;0.0003973048649651416;0.001398604963144263;263.0;510.0;1053.0;353514.0;1371146.0;51942499.0;148.0;115.0;433.0;77.0;221985.0;131529.0;1305985.0;65161.0;['es'];153.0;110.0;;;300.0;203.0;;7.0;154660.0;198854.0;;;419127.0;148829.0;;803190.0;-0.15000235801022055;-0.10500758674116038;ECU
2020-02-27;0;0;0;;;;;;11947.0;1036.0;10292.0;7266.0;4566.0;3.0;112.0;;140186066.0;14799941.0;37464300.0;61746.0;87860079.0;;-0.025472979797979817;0.01997767667155732;5.418558625058762;5.372984461290461;4.244711870293649;0.02525089374133013;0.0182049356881213;0.014631832355298647;-0.0008586098765432097;-0.0012182700617283952;-0.031817031388888965;7.529129629629587e-05;0.0729960299689352;0.00036506903573798704;0.00040504829194765467;0.0014594504068978465;0.0005243014390930738;0.0013872410210659836;202.0;324.0;1050.0;536539.0;431397.0;43621984.0;89.0;113.0;265.0;59.0;341633.0;194906.0;319658.0;111739.0;['es'];122.0;80.0;;;201.0;123.0;;;200957.0;335582.0;;;373340.0;58057.0;;;-0.04545065646953714;-0.0054953031264224975;ECU
2020-02-28;0;0;0;;;;;;12913.0;1165.0;11200.0;7872.0;4925.0;;116.0;;142450516.0;12966371.0;29413882.0;;100070263.0;;0.025041694537346733;0.018287392046742408;5.469854458825681;5.4137879791534536;4.293380141611388;0.02431116161036693;0.01601052790109479;0.014507529166411015;-0.0010459104595879557;0.00029786529318542057;-0.025865231042940258;0.0008090343370311678;0.07490250533141092;0.00035282397769463065;0.000484232520347774;0.0013345987940383472;0.0004073286727731727;0.0012498019657566385;288.0;500.0;1130.0;394041.0;710987.0;52173248.0;168.0;120.0;417.0;83.0;227884.0;166157.0;596312.0;114675.0;['es'];161.0;127.0;;;299.0;200.0;;1.0;242259.0;151782.0;;;389831.0;299448.0;;21708.0;0.006754302490604325;0.04332908658408914;ECU
2020-02-29;0;0;0;;;;;;45706.0;1307.0;43257.0;28578.0;16658.0;24.0;446.0;;435103787.0;49580064.0;122129933.0;1088302.0;262305488.0;;-0.0804939484126986;0.01782788072429661;5.366375170573423;5.31342018545637;4.293233794662072;0.02522801096250508;0.017592557273847214;0.014653804433416675;-0.001406038243626062;-0.0012772471671388098;-0.029646529414541913;-0.0009011423512747883;0.06846321272052701;0.0002957157010530395;0.00032128250376052135;0.0013577335549859375;0.0004055348454233234;0.0014311504151887677;414.0;479.0;2288.0;939771.0;757524.0;66520451.0;254.0;160.0;419.0;60.0;565576.0;374195.0;716898.0;40626.0;['es'];248.0;165.0;;1.0;283.0;195.0;;1.0;356810.0;450428.0;;132533.0;320339.0;357906.0;;79279.0;-0.0983218291369952;-0.06266606768840198;ECU
2020-03-01;6;0;0;;;;;;42200.0;1412.0;39646.0;25906.0;15765.0;29.0;500.0;;452354823.0;57729406.0;131643122.0;715314.0;262266981.0;;-0.051682308420056736;0.017240775788477068;5.401490271589349;5.319259532083703;4.269766186602227;0.02278231040704036;0.016173951820376592;0.013403575277104087;-0.0011898985195154775;-0.0009409064602960966;-0.0172513127379351;-0.0018048801031852852;0.059589200878352774;0.0002862155960209547;0.0002952590456779317;0.0015726242480914394;0.000432102557910118;0.0017330860133028324;370.0;333.0;1213.0;661241.0;1351472.0;57448376.0;202.0;168.0;265.0;68.0;432673.0;228568.0;1273706.0;77766.0;['es'];211.0;158.0;;1.0;216.0;115.0;;2.0;213372.0;415058.0;;32811.0;236694.0;250824.0;;863954.0;-0.0689230842085338;-0.03444153263157967;ECU
2020-03-02;6;0;0;;;;;;33513.0;1469.0;31268.0;20562.0;12557.0;29.0;365.0;;366240659.0;37279782.0;94247881.0;498443.0;234214553.0;;-0.0010896487985212814;0.016461161446737916;5.427319540466257;5.3412474378415205;4.278573194536446;0.02117907389960304;0.015346529784361837;0.013209410866433641;-0.0014664842254134029;-0.0009835;-0.024826857027611195;-0.0012999404917319415;0.06729708697374456;0.000374866942223501;0.0002917310480625241;0.0012857289814464205;0.0004085433701242535;0.0013267516213234048;401.0;522.0;1742.0;855562.0;839342.0;83458850.0;255.0;146.0;476.0;46.0;466849.0;388713.0;780097.0;59245.0;['es'];232.0;168.0;;1.0;316.0;205.0;;1.0;311462.0;411567.0;;132533.0;351220.0;408843.0;;79279.0;-0.0175508102452592;0.015371512648216635;ECU
2020-03-03;7;0;0;;;;;;24747.0;1174.0;22884.0;15114.0;9323.0;13.0;297.0;;337482204.0;41501020.0;88839690.0;734662.0;206406832.0;;-0.06051634723788045;0.017959869808813957;5.350646573218544;5.30947238323134;4.257176797124954;0.024719029927236125;0.01784663075609881;0.014824102311639845;-0.003110331786941581;-0.002789588602520046;-0.027912599578628808;-0.001704682114220257;0.07409780909948895;0.0005856371073750722;0.0005143971314788266;0.0013336751111703235;0.0005567736290198492;0.001229296627656033;423.0;455.0;2077.0;790268.0;1173677.0;103192186.0;307.0;116.0;416.0;39.0;667862.0;122406.0;1086331.0;87346.0;['es'];267.0;156.0;;;295.0;153.0;1.0;6.0;288086.0;502182.0;;;263569.0;279852.0;16468.0;613788.0;-0.07847621704669441;-0.04255647742906649;ECU
2020-03-04;10;0;0;;;;;;21295.0;1242.0;19449.0;12888.0;8173.0;13.0;221.0;;265585346.0;27055170.0;70324226.0;446866.0;167759084.0;;-0.07989730337078678;0.01863717831873269;5.397513507511648;5.338466591330665;4.262951588063747;0.026697610164700875;0.018540108526864472;0.014314762016060628;-0.004407557451290152;-0.003117083675618747;-0.03030537046292308;-0.003246175026329645;0.07667282007854231;0.0007782101243196071;0.0005286780598510923;0.0012339756659159097;0.0005283173565548513;0.001020458261925407;304.0;385.0;1280.0;396477.0;534390.0;82654061.0;171.0;133.0;335.0;50.0;231103.0;165374.0;477858.0;56532.0;['es'];176.0;126.0;;2.0;222.0;162.0;1.0;;229384.0;136565.0;;30528.0;235008.0;295519.0;3863.0;;-0.09853448168951948;-0.06126012505205409;ECU
2020-03-05;13;0;0;;;;;;16420.0;1090.0;14720.0;9954.0;6255.0;6.0;205.0;;202669230.0;19172773.0;47362220.0;137016.0;135997221.0;;-0.032138256658595564;0.019966794219975145;5.4580852738597985;5.388840770908256;4.2300540478115325;0.024971665523583517;0.017928509920056852;0.015684040642161404;-0.001965468518518518;9.148405017921147e-05;-0.031958283081583966;-0.002409806974313021;0.07613263688656444;0.00044097169563048173;0.00047068578369015626;0.001356159937491461;0.0006270354288931052;0.0011307775073263141;251.0;273.0;1337.0;655914.0;526221.0;60071180.0;134.0;117.0;248.0;25.0;423868.0;232046.0;467855.0;58366.0;['es'];141.0;108.0;1.0;1.0;146.0;126.0;;1.0;230632.0;279497.0;13252.0;132533.0;139957.0;353453.0;;32811.0;-0.05210505087857071;-0.012171462438620419;ECU
2020-03-06;13;0;0;;;;;;14927.0;1248.0;13185.0;9178.0;5549.0;14.0;186.0;;221990112.0;16728790.0;51941263.0;455832.0;152864227.0;;-0.17434686847599146;0.01792554119619628;5.150079334574748;5.169115734676737;4.364377451888156;0.033656283935753296;0.022511686753233038;0.0199173150535936;-0.0012649924460431654;-0.000319689268585132;-0.029514160234669524;5.5010101918465126e-05;0.07352046517611442;0.00041702857713465886;0.000415963683319913;0.0013901749717591507;0.0004002054443736016;0.0012749889846582823;285.0;380.0;1080.0;815560.0;1056672.0;72301096.0;168.0;117.0;348.0;32.0;599760.0;215800.0;1033842.0;22830.0;['es'];162.0;121.0;1.0;1.0;232.0;147.0;;1.0;295271.0;299758.0;25220.0;195311.0;448025.0;529368.0;;79279.0;-0.19227240967218773;-0.15642132727979519;ECU
2020-03-07;13;0;0;;;;;;13348.0;1272.0;11564.0;8296.0;4899.0;3.0;150.0;;164976257.0;13992411.0;30371923.0;267785.0;120344138.0;;-0.1624904669260699;0.017353158656637366;5.069335417150771;5.137160746711623;4.430392814820018;0.03676834478803213;0.024384082310441927;0.020840438565261816;-0.0015535849772382395;-0.0014070005058168938;-0.029761054420642582;-0.00013928318520124318;0.07175032309386037;0.0003146777542767033;0.00038321371122908033;0.0012421324717910088;0.00035845042136638537;0.0011718020814840847;307.0;361.0;756.0;475249.0;539775.0;61316818.0;196.0;111.0;308.0;53.0;363689.0;111560.0;457207.0;82568.0;['es'];184.0;123.0;;;228.0;132.0;;1.0;278549.0;196700.0;;;360541.0;99955.0;;79279.0;-0.17984362558270725;-0.14513730826943252;ECU
2020-03-08;14;0;0;;;;;;10318.0;1138.0;8720.0;6175.0;4048.0;2.0;93.0;;100322500.0;11536976.0;26536274.0;96432.0;62152818.0;;-0.039934946871310766;0.018038841147623424;5.4313877243259725;5.344406107739264;4.336456109602511;0.02893355988192793;0.01907330784026158;0.01933882228314653;-0.0011030481220657275;-0.0005694116784037559;-0.031117251107020967;-0.000888854518779343;0.07538531766456694;0.0003687563360530063;0.0004234437784564627;0.0013519392499638573;0.0004370340737577393;0.0012485650835895364;284.0;205.0;496.0;644073.0;757402.0;31829394.0;169.0;115.0;179.0;26.0;435272.0;208801.0;704051.0;53351.0;['es'];170.0;113.0;;1.0;112.0;92.0;;1.0;320731.0;190809.0;;132533.0;208398.0;117027.0;;431977.0;-0.057973788018934186;-0.02189610572368734;ECU
2020-03-09;15;0;0;;;;;;12841.0;1106.0;11298.0;7914.0;4756.0;5.0;166.0;;168551977.0;17696641.0;32867273.0;325895.0;117662168.0;;-0.0339010588235294;0.01880762363978357;5.472642868154863;5.358779246123637;4.328409948925959;0.030314883400251343;0.01859402274840472;0.019447612037670446;-0.0012677942078364562;-0.0003798986939239069;-0.030884717181796095;-0.00013925166707228037;0.07295276856753853;0.00038123745711909153;0.0004132185445019013;0.0013659707868034312;0.00038750531200692833;0.0012729845176321984;248.0;247.0;922.0;559600.0;851548.0;43908283.0;141.0;107.0;231.0;16.0;226778.0;332822.0;838838.0;12710.0;['es'];143.0;103.0;;2.0;153.0;93.0;;1.0;257333.0;149062.0;;153205.0;261150.0;511119.0;;79279.0;-0.05270868246331297;-0.015093435183745833;ECU
2020-03-10;15;0;0;;;;;;17194.0;1099.0;15574.0;10584.0;6433.0;8.0;169.0;;164132454.0;16875457.0;32365135.0;223918.0;114667944.0;;0.013180856423173794;0.018850274535044897;5.37242815204828;5.352654438521758;4.269876555348082;0.02768374226129246;0.019045595740273442;0.016355288516857015;-0.0014704632016036654;-0.0007059498854524625;-0.027936237915234956;-0.0020254235395189;0.07224136954511838;0.00035413819455599516;0.0004463710372706323;0.0013554902409414875;0.000536946855328081;0.0013313319310453188;229.0;244.0;932.0;432064.0;257730.0;48516183.0;137.0;92.0;226.0;18.0;284852.0;147212.0;186262.0;71468.0;['es'];142.0;87.0;;;153.0;91.0;;;252032.0;180032.0;;;197682.0;60048.0;;;-0.005669418111871103;0.03203113095821869;ECU
2020-03-11;17;0;0;;;;;;13725.0;987.0;12199.0;8452.0;5144.0;5.0;124.0;;126433420.0;13634955.0;26850773.0;599769.0;85347923.0;;0.014428695652173909;0.0205954857730264;5.4274608222793015;5.371421138995283;4.238534983155252;0.03142822065599226;0.022332528275700474;0.02001540608223584;-0.0010940781938325991;-0.0008719969162995594;-0.025318578583396572;0.000356526353052234;0.0723399076132505;0.00036215007030282443;0.0004678909269344916;0.0016264979807068313;0.0004805135410203205;0.0015303766421480018;261.0;317.0;866.0;395559.0;331097.0;48972560.0;145.0;116.0;287.0;30.0;192804.0;202755.0;318918.0;12179.0;['es'];161.0;99.0;;1.0;206.0;111.0;;;188264.0;174484.0;;32811.0;252235.0;78862.0;;;-0.006166790120852491;0.03502418142520031;ECU
2020-03-12;17;0;0;;;;;;13067.0;1082.0;11494.0;8029.0;4909.0;6.0;123.0;;122692669.0;13832608.0;31167887.0;348753.0;77343421.0;;0.025392326431181445;0.018674309822138;5.467107314374479;5.4509960510832265;4.295007653909623;0.02775312056089656;0.02024054521330011;0.017197305299706277;-0.0017352584448693436;-0.0013709432122370933;-0.030894970458891145;-0.0005232136711281073;0.07493548716119618;0.0004259290754456697;0.0004942582674408968;0.0014181340241687598;0.000518516416897891;0.0012373026168524502;227.0;254.0;704.0;487467.0;190194.0;40509739.0;150.0;77.0;228.0;26.0;353755.0;133712.0;165058.0;25136.0;['es'];134.0;92.0;;1.0;156.0;98.0;;;281946.0;187898.0;;17623.0;84667.0;105527.0;;;0.006718016609043444;0.04406663625331944;ECU
2020-03-13;17;0;0;;;;;;11039.0;914.0;9658.0;6790.0;4159.0;7.0;83.0;;103329718.0;11631912.0;28128192.0;658542.0;62911072.0;;0.02603352941176472;0.020921351821649645;5.503002948125111;5.449197447773979;4.245201795757904;0.029127346395247264;0.019558312332629862;0.01841427295797761;-0.0021168677559912853;-0.0015844717501815539;-0.028996312086316117;-0.0005097852941176471;0.07111330480046968;0.0005643798700549809;0.0004729980856403043;0.0015567184779538747;0.0005028799764100844;0.00149576870352577;177.0;189.0;654.0;827379.0;511316.0;29093437.0;108.0;69.0;170.0;19.0;687297.0;140082.0;495697.0;15619.0;['es'];111.0;65.0;;1.0;121.0;67.0;;1.0;207757.0;187645.0;;431977.0;216312.0;215725.0;;79279.0;0.005112177590115074;0.04695488123341436;ECU
